/dfs9/dmobley-lab/mattt2/micromamba/envs/n-vdw-split/lib/python3.12/site-packages/foyer/forcefield.py:33: UserWarning: pkg_resources is deprecated as an API. See https://setuptools.pypa.io/en/latest/pkg_resources.html. The pkg_resources package is slated for removal as early as 2025-11-30. Refrain from using this package or pin to Setuptools<81.
  from pkg_resources import iter_entry_points, resource_filename
2025-09-04 08:38:41,188 - __main__ - INFO - Loaded 120 properties from ../../01_download-data/physprop/final/output//training-set.json
/dfs9/dmobley-lab/mattt2/micromamba/envs/n-vdw-split/lib/python3.12/site-packages/dask_jobqueue/core.py:285: FutureWarning: env_extra has been renamed to job_script_prologue. You are still using it (even if only set to []; please also check config files). If you did not set job_script_prologue yet, env_extra will be respected for now, but it will be removed in a future release. If you already set job_script_prologue, env_extra is ignored and you can remove it.
  warnings.warn(warn, FutureWarning)
/dfs9/dmobley-lab/mattt2/micromamba/envs/n-vdw-split/lib/python3.12/site-packages/dask_jobqueue/slurm.py:55: FutureWarning: project has been renamed to account as this kwarg was used wit -A option. You are still using it (please also check config files). If you did not set account yet, project will be respected for now, but it will be removed in a future release. If you already set account, project is ignored and you can remove it.
  warnings.warn(warn, FutureWarning)
2025-09-04 08:38:47,593 - __main__ - INFO - backend started <openff.evaluator.backends.dask.DaskSLURMBackend object at 0x7f18d4392210>
/dfs9/dmobley-lab/mattt2/micromamba/envs/n-vdw-split/lib/python3.12/site-packages/dask_jobqueue/core.py:285: FutureWarning: env_extra has been renamed to job_script_prologue. You are still using it (even if only set to []; please also check config files). If you did not set job_script_prologue yet, env_extra will be respected for now, but it will be removed in a future release. If you already set job_script_prologue, env_extra is ignored and you can remove it.
  warnings.warn(warn, FutureWarning)
/dfs9/dmobley-lab/mattt2/micromamba/envs/n-vdw-split/lib/python3.12/site-packages/dask_jobqueue/slurm.py:55: FutureWarning: project has been renamed to account as this kwarg was used wit -A option. You are still using it (please also check config files). If you did not set account yet, project will be respected for now, but it will be removed in a future release. If you already set account, project is ignored and you can remove it.
  warnings.warn(warn, FutureWarning)
2025-09-04 08:41:29,867 - openff.evaluator.server.server - INFO - Server listening at port 8117
2025-09-04 08:41:30,003 - openff.evaluator.server.server - INFO - Received estimation request from ('127.0.0.1', 52612)
2025-09-04 08:41:31,905 - openff.evaluator.server.server - INFO - Submission 0c8fc9805c654f35b067bd1c6c878697 received
2025-09-04 08:41:31,936 - __main__ - INFO - Request ID: 0c8fc9805c654f35b067bd1c6c878697
2025-09-04 08:41:31,980 - openff.evaluator.server.server - INFO - Launching batch f86a81d651b3469f94ef8856ec333f87 using the EquilibrationLayer layer
2025-09-04 08:41:31,983 - openff.evaluator.layers.workflow - INFO - Building workflow 0 of 48
2025-09-04 08:41:34,423 - openff.evaluator.layers.workflow - INFO - Building workflow 1 of 48
2025-09-04 08:41:36,837 - openff.evaluator.layers.workflow - INFO - Building workflow 2 of 48
2025-09-04 08:41:38,071 - openff.evaluator.layers.workflow - INFO - Building workflow 3 of 48
2025-09-04 08:41:39,312 - openff.evaluator.layers.workflow - INFO - Building workflow 4 of 48
2025-09-04 08:41:41,744 - openff.evaluator.layers.workflow - INFO - Building workflow 5 of 48
2025-09-04 08:41:42,988 - openff.evaluator.layers.workflow - INFO - Building workflow 6 of 48
2025-09-04 08:41:45,392 - openff.evaluator.layers.workflow - INFO - Building workflow 7 of 48
2025-09-04 08:41:47,793 - openff.evaluator.layers.workflow - INFO - Building workflow 8 of 48
2025-09-04 08:41:49,022 - openff.evaluator.layers.workflow - INFO - Building workflow 9 of 48
2025-09-04 08:41:51,417 - openff.evaluator.layers.workflow - INFO - Building workflow 10 of 48
2025-09-04 08:41:52,857 - openff.evaluator.layers.workflow - INFO - Building workflow 11 of 48
2025-09-04 08:41:54,084 - openff.evaluator.layers.workflow - INFO - Building workflow 12 of 48
2025-09-04 08:41:56,474 - openff.evaluator.layers.workflow - INFO - Building workflow 13 of 48
2025-09-04 08:41:58,884 - openff.evaluator.layers.workflow - INFO - Building workflow 14 of 48
2025-09-04 08:42:00,128 - openff.evaluator.layers.workflow - INFO - Building workflow 15 of 48
2025-09-04 08:42:02,534 - openff.evaluator.layers.workflow - INFO - Building workflow 16 of 48
2025-09-04 08:42:03,763 - openff.evaluator.layers.workflow - INFO - Building workflow 17 of 48
2025-09-04 08:42:05,007 - openff.evaluator.layers.workflow - INFO - Building workflow 18 of 48
2025-09-04 08:42:06,236 - openff.evaluator.layers.workflow - INFO - Building workflow 19 of 48
2025-09-04 08:42:07,471 - openff.evaluator.layers.workflow - INFO - Building workflow 20 of 48
2025-09-04 08:42:09,907 - openff.evaluator.layers.workflow - INFO - Building workflow 21 of 48
2025-09-04 08:42:11,147 - openff.evaluator.layers.workflow - INFO - Building workflow 22 of 48
2025-09-04 08:42:13,547 - openff.evaluator.layers.workflow - INFO - Building workflow 23 of 48
2025-09-04 08:42:15,954 - openff.evaluator.layers.workflow - INFO - Building workflow 24 of 48
2025-09-04 08:42:17,190 - openff.evaluator.layers.workflow - INFO - Building workflow 25 of 48
2025-09-04 08:42:19,587 - openff.evaluator.layers.workflow - INFO - Building workflow 26 of 48
2025-09-04 08:42:22,209 - openff.evaluator.layers.workflow - INFO - Building workflow 27 of 48
2025-09-04 08:42:23,448 - openff.evaluator.layers.workflow - INFO - Building workflow 28 of 48
2025-09-04 08:42:25,871 - openff.evaluator.layers.workflow - INFO - Building workflow 29 of 48
2025-09-04 08:42:27,105 - openff.evaluator.layers.workflow - INFO - Building workflow 30 of 48
2025-09-04 08:42:29,526 - openff.evaluator.layers.workflow - INFO - Building workflow 31 of 48
2025-09-04 08:42:30,779 - openff.evaluator.layers.workflow - INFO - Building workflow 32 of 48
2025-09-04 08:42:33,195 - openff.evaluator.layers.workflow - INFO - Building workflow 33 of 48
2025-09-04 08:42:35,595 - openff.evaluator.layers.workflow - INFO - Building workflow 34 of 48
2025-09-04 08:42:36,830 - openff.evaluator.layers.workflow - INFO - Building workflow 35 of 48
2025-09-04 08:42:38,060 - openff.evaluator.layers.workflow - INFO - Building workflow 36 of 48
2025-09-04 08:42:39,291 - openff.evaluator.layers.workflow - INFO - Building workflow 37 of 48
2025-09-04 08:42:41,696 - openff.evaluator.layers.workflow - INFO - Building workflow 38 of 48
2025-09-04 08:42:44,108 - openff.evaluator.layers.workflow - INFO - Building workflow 39 of 48
2025-09-04 08:42:46,524 - openff.evaluator.layers.workflow - INFO - Building workflow 40 of 48
2025-09-04 08:42:47,767 - openff.evaluator.layers.workflow - INFO - Building workflow 41 of 48
2025-09-04 08:42:48,984 - openff.evaluator.layers.workflow - INFO - Building workflow 42 of 48
2025-09-04 08:42:50,218 - openff.evaluator.layers.workflow - INFO - Building workflow 43 of 48
2025-09-04 08:42:51,443 - openff.evaluator.layers.workflow - INFO - Building workflow 44 of 48
2025-09-04 08:42:53,859 - openff.evaluator.layers.workflow - INFO - Building workflow 45 of 48
2025-09-04 08:42:55,082 - openff.evaluator.layers.workflow - INFO - Building workflow 46 of 48
2025-09-04 08:42:57,491 - openff.evaluator.layers.workflow - INFO - Building workflow 47 of 48
/dfs9/dmobley-lab/mattt2/micromamba/envs/n-vdw-split/lib/python3.12/site-packages/dask_jobqueue/core.py:285: FutureWarning: env_extra has been renamed to job_script_prologue. You are still using it (even if only set to []; please also check config files). If you did not set job_script_prologue yet, env_extra will be respected for now, but it will be removed in a future release. If you already set job_script_prologue, env_extra is ignored and you can remove it.
  warnings.warn(warn, FutureWarning)
/dfs9/dmobley-lab/mattt2/micromamba/envs/n-vdw-split/lib/python3.12/site-packages/dask_jobqueue/slurm.py:55: FutureWarning: project has been renamed to account as this kwarg was used wit -A option. You are still using it (please also check config files). If you did not set account yet, project will be respected for now, but it will be removed in a future release. If you already set account, project is ignored and you can remove it.
  warnings.warn(warn, FutureWarning)
2025-09-04 08:43:04,625 - openff.evaluator.server.server - INFO - Launching batch ae725785780d4db4b4a54ce5c91e7da5 using the EquilibrationLayer layer
2025-09-04 08:43:04,629 - openff.evaluator.layers.workflow - INFO - Building workflow 0 of 48
2025-09-04 08:43:06,500 - openff.evaluator.layers.workflow - INFO - Building workflow 1 of 48
2025-09-04 08:43:07,926 - openff.evaluator.layers.workflow - INFO - Building workflow 2 of 48
2025-09-04 08:43:10,438 - openff.evaluator.layers.workflow - INFO - Building workflow 3 of 48
2025-09-04 08:43:11,836 - openff.evaluator.layers.workflow - INFO - Building workflow 4 of 48
2025-09-04 08:43:14,364 - openff.evaluator.layers.workflow - INFO - Building workflow 5 of 48
2025-09-04 08:43:16,987 - openff.evaluator.layers.workflow - INFO - Building workflow 6 of 48
2025-09-04 08:43:18,254 - openff.evaluator.layers.workflow - INFO - Building workflow 7 of 48
2025-09-04 08:43:19,511 - openff.evaluator.layers.workflow - INFO - Building workflow 8 of 48
2025-09-04 08:43:21,993 - openff.evaluator.layers.workflow - INFO - Building workflow 9 of 48
2025-09-04 08:43:24,408 - openff.evaluator.layers.workflow - INFO - Building workflow 10 of 48
2025-09-04 08:43:25,679 - openff.evaluator.layers.workflow - INFO - Building workflow 11 of 48
2025-09-04 08:43:28,286 - openff.evaluator.layers.workflow - INFO - Building workflow 12 of 48
2025-09-04 08:43:30,932 - openff.evaluator.layers.workflow - INFO - Building workflow 13 of 48
2025-09-04 08:43:33,512 - openff.evaluator.layers.workflow - INFO - Building workflow 14 of 48
2025-09-04 08:43:34,822 - openff.evaluator.layers.workflow - INFO - Building workflow 15 of 48
2025-09-04 08:43:36,235 - openff.evaluator.layers.workflow - INFO - Building workflow 16 of 48
2025-09-04 08:43:38,703 - openff.evaluator.layers.workflow - INFO - Building workflow 17 of 48
2025-09-04 08:43:40,010 - openff.evaluator.layers.workflow - INFO - Building workflow 18 of 48
2025-09-04 08:43:41,317 - openff.evaluator.layers.workflow - INFO - Building workflow 19 of 48
2025-09-04 08:43:43,803 - openff.evaluator.layers.workflow - INFO - Building workflow 20 of 48
2025-09-04 08:43:46,350 - openff.evaluator.layers.workflow - INFO - Building workflow 21 of 48
2025-09-04 08:43:47,587 - openff.evaluator.layers.workflow - INFO - Building workflow 22 of 48
2025-09-04 08:43:50,324 - openff.evaluator.layers.workflow - INFO - Building workflow 23 of 48
2025-09-04 08:43:51,613 - openff.evaluator.layers.workflow - INFO - Building workflow 24 of 48
2025-09-04 08:43:54,249 - openff.evaluator.layers.workflow - INFO - Building workflow 25 of 48
2025-09-04 08:43:56,776 - openff.evaluator.layers.workflow - INFO - Building workflow 26 of 48
2025-09-04 08:43:58,013 - openff.evaluator.layers.workflow - INFO - Building workflow 27 of 48
2025-09-04 08:43:59,259 - openff.evaluator.layers.workflow - INFO - Building workflow 28 of 48
2025-09-04 08:44:01,773 - openff.evaluator.layers.workflow - INFO - Building workflow 29 of 48
2025-09-04 08:44:03,043 - openff.evaluator.layers.workflow - INFO - Building workflow 30 of 48
2025-09-04 08:44:05,626 - openff.evaluator.layers.workflow - INFO - Building workflow 31 of 48
2025-09-04 08:44:08,246 - openff.evaluator.layers.workflow - INFO - Building workflow 32 of 48
2025-09-04 08:44:10,850 - openff.evaluator.layers.workflow - INFO - Building workflow 33 of 48
2025-09-04 08:44:12,200 - openff.evaluator.layers.workflow - INFO - Building workflow 34 of 48
2025-09-04 08:44:13,542 - openff.evaluator.layers.workflow - INFO - Building workflow 35 of 48
2025-09-04 08:44:14,797 - openff.evaluator.layers.workflow - INFO - Building workflow 36 of 48
2025-09-04 08:44:16,072 - openff.evaluator.layers.workflow - INFO - Building workflow 37 of 48
2025-09-04 08:44:17,481 - openff.evaluator.layers.workflow - INFO - Building workflow 38 of 48
2025-09-04 08:44:20,032 - openff.evaluator.layers.workflow - INFO - Building workflow 39 of 48
2025-09-04 08:44:21,279 - openff.evaluator.layers.workflow - INFO - Building workflow 40 of 48
2025-09-04 08:44:23,752 - openff.evaluator.layers.workflow - INFO - Building workflow 41 of 48
2025-09-04 08:44:26,412 - openff.evaluator.layers.workflow - INFO - Building workflow 42 of 48
2025-09-04 08:44:28,873 - openff.evaluator.layers.workflow - INFO - Building workflow 43 of 48
2025-09-04 08:44:31,452 - openff.evaluator.layers.workflow - INFO - Building workflow 44 of 48
2025-09-04 08:44:32,719 - openff.evaluator.layers.workflow - INFO - Building workflow 45 of 48
2025-09-04 08:44:34,047 - openff.evaluator.layers.workflow - INFO - Building workflow 46 of 48
2025-09-04 08:44:36,604 - openff.evaluator.layers.workflow - INFO - Building workflow 47 of 48
2025-09-04 08:44:43,780 - openff.evaluator.server.server - INFO - Launching batch 96fa7811f5754a3987b7fe1554942947 using the EquilibrationLayer layer
2025-09-04 08:44:43,786 - openff.evaluator.layers.workflow - INFO - Building workflow 0 of 24
2025-09-04 08:44:47,097 - openff.evaluator.layers.workflow - INFO - Building workflow 1 of 24
2025-09-04 08:44:48,576 - openff.evaluator.layers.workflow - INFO - Building workflow 2 of 24
2025-09-04 08:44:49,956 - openff.evaluator.layers.workflow - INFO - Building workflow 3 of 24
2025-09-04 08:44:52,536 - openff.evaluator.layers.workflow - INFO - Building workflow 4 of 24
2025-09-04 08:44:55,060 - openff.evaluator.layers.workflow - INFO - Building workflow 5 of 24
2025-09-04 08:44:56,327 - openff.evaluator.layers.workflow - INFO - Building workflow 6 of 24
2025-09-04 08:44:57,570 - openff.evaluator.layers.workflow - INFO - Building workflow 7 of 24
2025-09-04 08:44:58,831 - openff.evaluator.layers.workflow - INFO - Building workflow 8 of 24
2025-09-04 08:45:01,380 - openff.evaluator.layers.workflow - INFO - Building workflow 9 of 24
2025-09-04 08:45:03,854 - openff.evaluator.layers.workflow - INFO - Building workflow 10 of 24
2025-09-04 08:45:06,363 - openff.evaluator.layers.workflow - INFO - Building workflow 11 of 24
2025-09-04 08:45:07,649 - openff.evaluator.layers.workflow - INFO - Building workflow 12 of 24
2025-09-04 08:45:08,913 - openff.evaluator.layers.workflow - INFO - Building workflow 13 of 24
2025-09-04 08:45:11,496 - openff.evaluator.layers.workflow - INFO - Building workflow 14 of 24
2025-09-04 08:45:12,771 - openff.evaluator.layers.workflow - INFO - Building workflow 15 of 24
2025-09-04 08:45:15,337 - openff.evaluator.layers.workflow - INFO - Building workflow 16 of 24
2025-09-04 08:45:16,639 - openff.evaluator.layers.workflow - INFO - Building workflow 17 of 24
2025-09-04 08:45:19,282 - openff.evaluator.layers.workflow - INFO - Building workflow 18 of 24
2025-09-04 08:45:21,897 - openff.evaluator.layers.workflow - INFO - Building workflow 19 of 24
2025-09-04 08:45:24,439 - openff.evaluator.layers.workflow - INFO - Building workflow 20 of 24
2025-09-04 08:45:26,999 - openff.evaluator.layers.workflow - INFO - Building workflow 21 of 24
2025-09-04 08:45:28,292 - openff.evaluator.layers.workflow - INFO - Building workflow 22 of 24
2025-09-04 08:45:29,589 - openff.evaluator.layers.workflow - INFO - Building workflow 23 of 24
2025-09-04 08:45:36,497 - openff.evaluator.client.client - INFO - 0c8fc9805c654f35b067bd1c6c878697 --- # queued_properties:  120 # estimated_properties:    0 # unsuccessful_properties:    0 # equilibrated_properties:    0 # exceptions:    0
2025-09-04 08:46:08,366 - openff.evaluator.client.client - INFO - 0c8fc9805c654f35b067bd1c6c878697 --- # queued_properties:  120 # estimated_properties:    0 # unsuccessful_properties:    0 # equilibrated_properties:    0 # exceptions:    0
2025-09-04 08:46:40,223 - openff.evaluator.client.client - INFO - 0c8fc9805c654f35b067bd1c6c878697 --- # queued_properties:  120 # estimated_properties:    0 # unsuccessful_properties:    0 # equilibrated_properties:    0 # exceptions:    0
2025-09-04 08:47:12,345 - openff.evaluator.client.client - INFO - 0c8fc9805c654f35b067bd1c6c878697 --- # queued_properties:  120 # estimated_properties:    0 # unsuccessful_properties:    0 # equilibrated_properties:    0 # exceptions:    0
2025-09-04 08:47:44,207 - openff.evaluator.client.client - INFO - 0c8fc9805c654f35b067bd1c6c878697 --- # queued_properties:  120 # estimated_properties:    0 # unsuccessful_properties:    0 # equilibrated_properties:    0 # exceptions:    0
2025-09-04 08:48:16,082 - openff.evaluator.client.client - INFO - 0c8fc9805c654f35b067bd1c6c878697 --- # queued_properties:  120 # estimated_properties:    0 # unsuccessful_properties:    0 # equilibrated_properties:    0 # exceptions:    0
2025-09-04 08:48:47,939 - openff.evaluator.client.client - INFO - 0c8fc9805c654f35b067bd1c6c878697 --- # queued_properties:  120 # estimated_properties:    0 # unsuccessful_properties:    0 # equilibrated_properties:    0 # exceptions:    0
2025-09-04 08:49:19,826 - openff.evaluator.client.client - INFO - 0c8fc9805c654f35b067bd1c6c878697 --- # queued_properties:  120 # estimated_properties:    0 # unsuccessful_properties:    0 # equilibrated_properties:    0 # exceptions:    0
2025-09-04 08:49:51,695 - openff.evaluator.client.client - INFO - 0c8fc9805c654f35b067bd1c6c878697 --- # queued_properties:  120 # estimated_properties:    0 # unsuccessful_properties:    0 # equilibrated_properties:    0 # exceptions:    0
2025-09-04 08:50:23,559 - openff.evaluator.client.client - INFO - 0c8fc9805c654f35b067bd1c6c878697 --- # queued_properties:  120 # estimated_properties:    0 # unsuccessful_properties:    0 # equilibrated_properties:    0 # exceptions:    0
2025-09-04 08:50:55,425 - openff.evaluator.client.client - INFO - 0c8fc9805c654f35b067bd1c6c878697 --- # queued_properties:  120 # estimated_properties:    0 # unsuccessful_properties:    0 # equilibrated_properties:    0 # exceptions:    0
2025-09-04 08:51:27,277 - openff.evaluator.client.client - INFO - 0c8fc9805c654f35b067bd1c6c878697 --- # queued_properties:  120 # estimated_properties:    0 # unsuccessful_properties:    0 # equilibrated_properties:    0 # exceptions:    0
2025-09-04 08:51:59,152 - openff.evaluator.client.client - INFO - 0c8fc9805c654f35b067bd1c6c878697 --- # queued_properties:  120 # estimated_properties:    0 # unsuccessful_properties:    0 # equilibrated_properties:    0 # exceptions:    0
2025-09-04 08:52:31,028 - openff.evaluator.client.client - INFO - 0c8fc9805c654f35b067bd1c6c878697 --- # queued_properties:  120 # estimated_properties:    0 # unsuccessful_properties:    0 # equilibrated_properties:    0 # exceptions:    0
2025-09-04 08:53:02,893 - openff.evaluator.client.client - INFO - 0c8fc9805c654f35b067bd1c6c878697 --- # queued_properties:  120 # estimated_properties:    0 # unsuccessful_properties:    0 # equilibrated_properties:    0 # exceptions:    0
2025-09-04 08:53:34,751 - openff.evaluator.client.client - INFO - 0c8fc9805c654f35b067bd1c6c878697 --- # queued_properties:  120 # estimated_properties:    0 # unsuccessful_properties:    0 # equilibrated_properties:    0 # exceptions:    0
2025-09-04 08:54:06,609 - openff.evaluator.client.client - INFO - 0c8fc9805c654f35b067bd1c6c878697 --- # queued_properties:  120 # estimated_properties:    0 # unsuccessful_properties:    0 # equilibrated_properties:    0 # exceptions:    0
2025-09-04 08:54:38,461 - openff.evaluator.client.client - INFO - 0c8fc9805c654f35b067bd1c6c878697 --- # queued_properties:  120 # estimated_properties:    0 # unsuccessful_properties:    0 # equilibrated_properties:    0 # exceptions:    0
2025-09-04 08:55:10,317 - openff.evaluator.client.client - INFO - 0c8fc9805c654f35b067bd1c6c878697 --- # queued_properties:  120 # estimated_properties:    0 # unsuccessful_properties:    0 # equilibrated_properties:    0 # exceptions:    0
2025-09-04 08:55:42,187 - openff.evaluator.client.client - INFO - 0c8fc9805c654f35b067bd1c6c878697 --- # queued_properties:  120 # estimated_properties:    0 # unsuccessful_properties:    0 # equilibrated_properties:    0 # exceptions:    0
2025-09-04 08:56:14,045 - openff.evaluator.client.client - INFO - 0c8fc9805c654f35b067bd1c6c878697 --- # queued_properties:  120 # estimated_properties:    0 # unsuccessful_properties:    0 # equilibrated_properties:    0 # exceptions:    0
2025-09-04 08:56:45,910 - openff.evaluator.client.client - INFO - 0c8fc9805c654f35b067bd1c6c878697 --- # queued_properties:  120 # estimated_properties:    0 # unsuccessful_properties:    0 # equilibrated_properties:    0 # exceptions:    0
2025-09-04 08:57:17,776 - openff.evaluator.client.client - INFO - 0c8fc9805c654f35b067bd1c6c878697 --- # queued_properties:  120 # estimated_properties:    0 # unsuccessful_properties:    0 # equilibrated_properties:    0 # exceptions:    0
2025-09-04 08:57:49,620 - openff.evaluator.client.client - INFO - 0c8fc9805c654f35b067bd1c6c878697 --- # queued_properties:  120 # estimated_properties:    0 # unsuccessful_properties:    0 # equilibrated_properties:    0 # exceptions:    0
2025-09-04 08:58:21,492 - openff.evaluator.client.client - INFO - 0c8fc9805c654f35b067bd1c6c878697 --- # queued_properties:  120 # estimated_properties:    0 # unsuccessful_properties:    0 # equilibrated_properties:    0 # exceptions:    0
2025-09-04 08:58:53,351 - openff.evaluator.client.client - INFO - 0c8fc9805c654f35b067bd1c6c878697 --- # queued_properties:  120 # estimated_properties:    0 # unsuccessful_properties:    0 # equilibrated_properties:    0 # exceptions:    0
2025-09-04 08:59:25,229 - openff.evaluator.client.client - INFO - 0c8fc9805c654f35b067bd1c6c878697 --- # queued_properties:  120 # estimated_properties:    0 # unsuccessful_properties:    0 # equilibrated_properties:    0 # exceptions:    0
2025-09-04 08:59:57,100 - openff.evaluator.client.client - INFO - 0c8fc9805c654f35b067bd1c6c878697 --- # queued_properties:  120 # estimated_properties:    0 # unsuccessful_properties:    0 # equilibrated_properties:    0 # exceptions:    0
2025-09-04 09:00:28,968 - openff.evaluator.client.client - INFO - 0c8fc9805c654f35b067bd1c6c878697 --- # queued_properties:  120 # estimated_properties:    0 # unsuccessful_properties:    0 # equilibrated_properties:    0 # exceptions:    0
2025-09-04 09:01:00,827 - openff.evaluator.client.client - INFO - 0c8fc9805c654f35b067bd1c6c878697 --- # queued_properties:  120 # estimated_properties:    0 # unsuccessful_properties:    0 # equilibrated_properties:    0 # exceptions:    0
2025-09-04 09:01:32,681 - openff.evaluator.client.client - INFO - 0c8fc9805c654f35b067bd1c6c878697 --- # queued_properties:  120 # estimated_properties:    0 # unsuccessful_properties:    0 # equilibrated_properties:    0 # exceptions:    0
2025-09-04 09:02:04,810 - openff.evaluator.client.client - INFO - 0c8fc9805c654f35b067bd1c6c878697 --- # queued_properties:  120 # estimated_properties:    0 # unsuccessful_properties:    0 # equilibrated_properties:    0 # exceptions:    0
2025-09-04 09:02:36,673 - openff.evaluator.client.client - INFO - 0c8fc9805c654f35b067bd1c6c878697 --- # queued_properties:  120 # estimated_properties:    0 # unsuccessful_properties:    0 # equilibrated_properties:    0 # exceptions:    0
2025-09-04 09:03:08,566 - openff.evaluator.client.client - INFO - 0c8fc9805c654f35b067bd1c6c878697 --- # queued_properties:  120 # estimated_properties:    0 # unsuccessful_properties:    0 # equilibrated_properties:    0 # exceptions:    0
2025-09-04 09:03:40,440 - openff.evaluator.client.client - INFO - 0c8fc9805c654f35b067bd1c6c878697 --- # queued_properties:  120 # estimated_properties:    0 # unsuccessful_properties:    0 # equilibrated_properties:    0 # exceptions:    0
2025-09-04 09:04:12,304 - openff.evaluator.client.client - INFO - 0c8fc9805c654f35b067bd1c6c878697 --- # queued_properties:  120 # estimated_properties:    0 # unsuccessful_properties:    0 # equilibrated_properties:    0 # exceptions:    0
2025-09-04 09:04:44,167 - openff.evaluator.client.client - INFO - 0c8fc9805c654f35b067bd1c6c878697 --- # queued_properties:  120 # estimated_properties:    0 # unsuccessful_properties:    0 # equilibrated_properties:    0 # exceptions:    0
2025-09-04 09:05:15,982 - openff.evaluator.client.client - INFO - 0c8fc9805c654f35b067bd1c6c878697 --- # queued_properties:  120 # estimated_properties:    0 # unsuccessful_properties:    0 # equilibrated_properties:    0 # exceptions:    0
2025-09-04 09:05:47,798 - openff.evaluator.client.client - INFO - 0c8fc9805c654f35b067bd1c6c878697 --- # queued_properties:  120 # estimated_properties:    0 # unsuccessful_properties:    0 # equilibrated_properties:    0 # exceptions:    0
2025-09-04 09:06:19,590 - openff.evaluator.client.client - INFO - 0c8fc9805c654f35b067bd1c6c878697 --- # queued_properties:  120 # estimated_properties:    0 # unsuccessful_properties:    0 # equilibrated_properties:    0 # exceptions:    0
2025-09-04 09:06:51,387 - openff.evaluator.client.client - INFO - 0c8fc9805c654f35b067bd1c6c878697 --- # queued_properties:  120 # estimated_properties:    0 # unsuccessful_properties:    0 # equilibrated_properties:    0 # exceptions:    0
2025-09-04 09:07:23,194 - openff.evaluator.client.client - INFO - 0c8fc9805c654f35b067bd1c6c878697 --- # queued_properties:  120 # estimated_properties:    0 # unsuccessful_properties:    0 # equilibrated_properties:    0 # exceptions:    0
2025-09-04 09:07:54,996 - openff.evaluator.client.client - INFO - 0c8fc9805c654f35b067bd1c6c878697 --- # queued_properties:  120 # estimated_properties:    0 # unsuccessful_properties:    0 # equilibrated_properties:    0 # exceptions:    0
2025-09-04 09:08:26,814 - openff.evaluator.client.client - INFO - 0c8fc9805c654f35b067bd1c6c878697 --- # queued_properties:  120 # estimated_properties:    0 # unsuccessful_properties:    0 # equilibrated_properties:    0 # exceptions:    0
2025-09-04 09:08:58,622 - openff.evaluator.client.client - INFO - 0c8fc9805c654f35b067bd1c6c878697 --- # queued_properties:  120 # estimated_properties:    0 # unsuccessful_properties:    0 # equilibrated_properties:    0 # exceptions:    0
2025-09-04 09:09:30,413 - openff.evaluator.client.client - INFO - 0c8fc9805c654f35b067bd1c6c878697 --- # queued_properties:  120 # estimated_properties:    0 # unsuccessful_properties:    0 # equilibrated_properties:    0 # exceptions:    0
2025-09-04 09:10:02,203 - openff.evaluator.client.client - INFO - 0c8fc9805c654f35b067bd1c6c878697 --- # queued_properties:  120 # estimated_properties:    0 # unsuccessful_properties:    0 # equilibrated_properties:    0 # exceptions:    0
2025-09-04 09:10:33,993 - openff.evaluator.client.client - INFO - 0c8fc9805c654f35b067bd1c6c878697 --- # queued_properties:  120 # estimated_properties:    0 # unsuccessful_properties:    0 # equilibrated_properties:    0 # exceptions:    0
2025-09-04 09:11:05,778 - openff.evaluator.client.client - INFO - 0c8fc9805c654f35b067bd1c6c878697 --- # queued_properties:  120 # estimated_properties:    0 # unsuccessful_properties:    0 # equilibrated_properties:    0 # exceptions:    0
2025-09-04 09:11:37,580 - openff.evaluator.client.client - INFO - 0c8fc9805c654f35b067bd1c6c878697 --- # queued_properties:  120 # estimated_properties:    0 # unsuccessful_properties:    0 # equilibrated_properties:    0 # exceptions:    0
2025-09-04 09:12:09,383 - openff.evaluator.client.client - INFO - 0c8fc9805c654f35b067bd1c6c878697 --- # queued_properties:  120 # estimated_properties:    0 # unsuccessful_properties:    0 # equilibrated_properties:    0 # exceptions:    0
2025-09-04 09:12:29,158 - openff.evaluator.server.server - INFO - Finished server request f86a81d651b3469f94ef8856ec333f87
2025-09-04 09:12:41,180 - openff.evaluator.client.client - INFO - 0c8fc9805c654f35b067bd1c6c878697 --- # queued_properties:   72 # estimated_properties:    0 # unsuccessful_properties:    0 # equilibrated_properties:   48 # exceptions:    0
2025-09-04 09:13:12,980 - openff.evaluator.client.client - INFO - 0c8fc9805c654f35b067bd1c6c878697 --- # queued_properties:   72 # estimated_properties:    0 # unsuccessful_properties:    0 # equilibrated_properties:   48 # exceptions:    0
2025-09-04 09:13:44,781 - openff.evaluator.client.client - INFO - 0c8fc9805c654f35b067bd1c6c878697 --- # queued_properties:   72 # estimated_properties:    0 # unsuccessful_properties:    0 # equilibrated_properties:   48 # exceptions:    0
2025-09-04 09:14:16,572 - openff.evaluator.client.client - INFO - 0c8fc9805c654f35b067bd1c6c878697 --- # queued_properties:   72 # estimated_properties:    0 # unsuccessful_properties:    0 # equilibrated_properties:   48 # exceptions:    0
2025-09-04 09:14:48,374 - openff.evaluator.client.client - INFO - 0c8fc9805c654f35b067bd1c6c878697 --- # queued_properties:   72 # estimated_properties:    0 # unsuccessful_properties:    0 # equilibrated_properties:   48 # exceptions:    0
2025-09-04 09:15:20,176 - openff.evaluator.client.client - INFO - 0c8fc9805c654f35b067bd1c6c878697 --- # queued_properties:   72 # estimated_properties:    0 # unsuccessful_properties:    0 # equilibrated_properties:   48 # exceptions:    0
2025-09-04 09:15:51,976 - openff.evaluator.client.client - INFO - 0c8fc9805c654f35b067bd1c6c878697 --- # queued_properties:   72 # estimated_properties:    0 # unsuccessful_properties:    0 # equilibrated_properties:   48 # exceptions:    0
2025-09-04 09:16:23,766 - openff.evaluator.client.client - INFO - 0c8fc9805c654f35b067bd1c6c878697 --- # queued_properties:   72 # estimated_properties:    0 # unsuccessful_properties:    0 # equilibrated_properties:   48 # exceptions:    0
2025-09-04 09:16:55,805 - openff.evaluator.client.client - INFO - 0c8fc9805c654f35b067bd1c6c878697 --- # queued_properties:   72 # estimated_properties:    0 # unsuccessful_properties:    0 # equilibrated_properties:   48 # exceptions:    0
2025-09-04 09:17:27,595 - openff.evaluator.client.client - INFO - 0c8fc9805c654f35b067bd1c6c878697 --- # queued_properties:   72 # estimated_properties:    0 # unsuccessful_properties:    0 # equilibrated_properties:   48 # exceptions:    0
2025-09-04 09:17:59,405 - openff.evaluator.client.client - INFO - 0c8fc9805c654f35b067bd1c6c878697 --- # queued_properties:   72 # estimated_properties:    0 # unsuccessful_properties:    0 # equilibrated_properties:   48 # exceptions:    0
2025-09-04 09:18:31,209 - openff.evaluator.client.client - INFO - 0c8fc9805c654f35b067bd1c6c878697 --- # queued_properties:   72 # estimated_properties:    0 # unsuccessful_properties:    0 # equilibrated_properties:   48 # exceptions:    0
2025-09-04 09:19:03,004 - openff.evaluator.client.client - INFO - 0c8fc9805c654f35b067bd1c6c878697 --- # queued_properties:   72 # estimated_properties:    0 # unsuccessful_properties:    0 # equilibrated_properties:   48 # exceptions:    0
2025-09-04 09:19:34,808 - openff.evaluator.client.client - INFO - 0c8fc9805c654f35b067bd1c6c878697 --- # queued_properties:   72 # estimated_properties:    0 # unsuccessful_properties:    0 # equilibrated_properties:   48 # exceptions:    0
2025-09-04 09:20:06,602 - openff.evaluator.client.client - INFO - 0c8fc9805c654f35b067bd1c6c878697 --- # queued_properties:   72 # estimated_properties:    0 # unsuccessful_properties:    0 # equilibrated_properties:   48 # exceptions:    0
2025-09-04 09:20:38,392 - openff.evaluator.client.client - INFO - 0c8fc9805c654f35b067bd1c6c878697 --- # queued_properties:   72 # estimated_properties:    0 # unsuccessful_properties:    0 # equilibrated_properties:   48 # exceptions:    0
2025-09-04 09:21:10,190 - openff.evaluator.client.client - INFO - 0c8fc9805c654f35b067bd1c6c878697 --- # queued_properties:   72 # estimated_properties:    0 # unsuccessful_properties:    0 # equilibrated_properties:   48 # exceptions:    0
2025-09-04 09:21:41,989 - openff.evaluator.client.client - INFO - 0c8fc9805c654f35b067bd1c6c878697 --- # queued_properties:   72 # estimated_properties:    0 # unsuccessful_properties:    0 # equilibrated_properties:   48 # exceptions:    0
2025-09-04 09:22:13,775 - openff.evaluator.client.client - INFO - 0c8fc9805c654f35b067bd1c6c878697 --- # queued_properties:   72 # estimated_properties:    0 # unsuccessful_properties:    0 # equilibrated_properties:   48 # exceptions:    0
2025-09-04 09:22:45,579 - openff.evaluator.client.client - INFO - 0c8fc9805c654f35b067bd1c6c878697 --- # queued_properties:   72 # estimated_properties:    0 # unsuccessful_properties:    0 # equilibrated_properties:   48 # exceptions:    0
2025-09-04 09:23:17,377 - openff.evaluator.client.client - INFO - 0c8fc9805c654f35b067bd1c6c878697 --- # queued_properties:   72 # estimated_properties:    0 # unsuccessful_properties:    0 # equilibrated_properties:   48 # exceptions:    0
2025-09-04 09:23:49,183 - openff.evaluator.client.client - INFO - 0c8fc9805c654f35b067bd1c6c878697 --- # queued_properties:   72 # estimated_properties:    0 # unsuccessful_properties:    0 # equilibrated_properties:   48 # exceptions:    0
2025-09-04 09:24:20,985 - openff.evaluator.client.client - INFO - 0c8fc9805c654f35b067bd1c6c878697 --- # queued_properties:   72 # estimated_properties:    0 # unsuccessful_properties:    0 # equilibrated_properties:   48 # exceptions:    0
2025-09-04 09:24:52,778 - openff.evaluator.client.client - INFO - 0c8fc9805c654f35b067bd1c6c878697 --- # queued_properties:   72 # estimated_properties:    0 # unsuccessful_properties:    0 # equilibrated_properties:   48 # exceptions:    0
2025-09-04 09:25:24,568 - openff.evaluator.client.client - INFO - 0c8fc9805c654f35b067bd1c6c878697 --- # queued_properties:   72 # estimated_properties:    0 # unsuccessful_properties:    0 # equilibrated_properties:   48 # exceptions:    0
2025-09-04 09:25:56,370 - openff.evaluator.client.client - INFO - 0c8fc9805c654f35b067bd1c6c878697 --- # queued_properties:   72 # estimated_properties:    0 # unsuccessful_properties:    0 # equilibrated_properties:   48 # exceptions:    0
2025-09-04 09:26:28,170 - openff.evaluator.client.client - INFO - 0c8fc9805c654f35b067bd1c6c878697 --- # queued_properties:   72 # estimated_properties:    0 # unsuccessful_properties:    0 # equilibrated_properties:   48 # exceptions:    0
2025-09-04 09:26:59,958 - openff.evaluator.client.client - INFO - 0c8fc9805c654f35b067bd1c6c878697 --- # queued_properties:   72 # estimated_properties:    0 # unsuccessful_properties:    0 # equilibrated_properties:   48 # exceptions:    0
2025-09-04 09:27:31,754 - openff.evaluator.client.client - INFO - 0c8fc9805c654f35b067bd1c6c878697 --- # queued_properties:   72 # estimated_properties:    0 # unsuccessful_properties:    0 # equilibrated_properties:   48 # exceptions:    0
2025-09-04 09:28:03,544 - openff.evaluator.client.client - INFO - 0c8fc9805c654f35b067bd1c6c878697 --- # queued_properties:   72 # estimated_properties:    0 # unsuccessful_properties:    0 # equilibrated_properties:   48 # exceptions:    0
2025-09-04 09:28:35,327 - openff.evaluator.client.client - INFO - 0c8fc9805c654f35b067bd1c6c878697 --- # queued_properties:   72 # estimated_properties:    0 # unsuccessful_properties:    0 # equilibrated_properties:   48 # exceptions:    0
2025-09-04 09:29:07,127 - openff.evaluator.client.client - INFO - 0c8fc9805c654f35b067bd1c6c878697 --- # queued_properties:   72 # estimated_properties:    0 # unsuccessful_properties:    0 # equilibrated_properties:   48 # exceptions:    0
2025-09-04 09:29:38,913 - openff.evaluator.client.client - INFO - 0c8fc9805c654f35b067bd1c6c878697 --- # queued_properties:   72 # estimated_properties:    0 # unsuccessful_properties:    0 # equilibrated_properties:   48 # exceptions:    0
2025-09-04 09:30:10,684 - openff.evaluator.client.client - INFO - 0c8fc9805c654f35b067bd1c6c878697 --- # queued_properties:   72 # estimated_properties:    0 # unsuccessful_properties:    0 # equilibrated_properties:   48 # exceptions:    0
2025-09-04 09:30:42,468 - openff.evaluator.client.client - INFO - 0c8fc9805c654f35b067bd1c6c878697 --- # queued_properties:   72 # estimated_properties:    0 # unsuccessful_properties:    0 # equilibrated_properties:   48 # exceptions:    0
2025-09-04 09:31:14,257 - openff.evaluator.client.client - INFO - 0c8fc9805c654f35b067bd1c6c878697 --- # queued_properties:   72 # estimated_properties:    0 # unsuccessful_properties:    0 # equilibrated_properties:   48 # exceptions:    0
2025-09-04 09:31:46,057 - openff.evaluator.client.client - INFO - 0c8fc9805c654f35b067bd1c6c878697 --- # queued_properties:   72 # estimated_properties:    0 # unsuccessful_properties:    0 # equilibrated_properties:   48 # exceptions:    0
2025-09-04 09:32:17,855 - openff.evaluator.client.client - INFO - 0c8fc9805c654f35b067bd1c6c878697 --- # queued_properties:   72 # estimated_properties:    0 # unsuccessful_properties:    0 # equilibrated_properties:   48 # exceptions:    0
2025-09-04 09:32:49,653 - openff.evaluator.client.client - INFO - 0c8fc9805c654f35b067bd1c6c878697 --- # queued_properties:   72 # estimated_properties:    0 # unsuccessful_properties:    0 # equilibrated_properties:   48 # exceptions:    0
2025-09-04 09:33:21,649 - openff.evaluator.client.client - INFO - 0c8fc9805c654f35b067bd1c6c878697 --- # queued_properties:   72 # estimated_properties:    0 # unsuccessful_properties:    0 # equilibrated_properties:   48 # exceptions:    0
2025-09-04 09:33:53,443 - openff.evaluator.client.client - INFO - 0c8fc9805c654f35b067bd1c6c878697 --- # queued_properties:   72 # estimated_properties:    0 # unsuccessful_properties:    0 # equilibrated_properties:   48 # exceptions:    0
2025-09-04 09:34:25,236 - openff.evaluator.client.client - INFO - 0c8fc9805c654f35b067bd1c6c878697 --- # queued_properties:   72 # estimated_properties:    0 # unsuccessful_properties:    0 # equilibrated_properties:   48 # exceptions:    0
2025-09-04 09:34:57,025 - openff.evaluator.client.client - INFO - 0c8fc9805c654f35b067bd1c6c878697 --- # queued_properties:   72 # estimated_properties:    0 # unsuccessful_properties:    0 # equilibrated_properties:   48 # exceptions:    0
2025-09-04 09:35:28,808 - openff.evaluator.client.client - INFO - 0c8fc9805c654f35b067bd1c6c878697 --- # queued_properties:   72 # estimated_properties:    0 # unsuccessful_properties:    0 # equilibrated_properties:   48 # exceptions:    0
2025-09-04 09:36:00,611 - openff.evaluator.client.client - INFO - 0c8fc9805c654f35b067bd1c6c878697 --- # queued_properties:   72 # estimated_properties:    0 # unsuccessful_properties:    0 # equilibrated_properties:   48 # exceptions:    0
2025-09-04 09:36:32,395 - openff.evaluator.client.client - INFO - 0c8fc9805c654f35b067bd1c6c878697 --- # queued_properties:   72 # estimated_properties:    0 # unsuccessful_properties:    0 # equilibrated_properties:   48 # exceptions:    0
2025-09-04 09:37:04,187 - openff.evaluator.client.client - INFO - 0c8fc9805c654f35b067bd1c6c878697 --- # queued_properties:   72 # estimated_properties:    0 # unsuccessful_properties:    0 # equilibrated_properties:   48 # exceptions:    0
2025-09-04 09:37:35,986 - openff.evaluator.client.client - INFO - 0c8fc9805c654f35b067bd1c6c878697 --- # queued_properties:   72 # estimated_properties:    0 # unsuccessful_properties:    0 # equilibrated_properties:   48 # exceptions:    0
2025-09-04 09:38:07,777 - openff.evaluator.client.client - INFO - 0c8fc9805c654f35b067bd1c6c878697 --- # queued_properties:   72 # estimated_properties:    0 # unsuccessful_properties:    0 # equilibrated_properties:   48 # exceptions:    0
2025-09-04 09:38:39,564 - openff.evaluator.client.client - INFO - 0c8fc9805c654f35b067bd1c6c878697 --- # queued_properties:   72 # estimated_properties:    0 # unsuccessful_properties:    0 # equilibrated_properties:   48 # exceptions:    0
2025-09-04 09:39:11,358 - openff.evaluator.client.client - INFO - 0c8fc9805c654f35b067bd1c6c878697 --- # queued_properties:   72 # estimated_properties:    0 # unsuccessful_properties:    0 # equilibrated_properties:   48 # exceptions:    0
2025-09-04 09:39:43,148 - openff.evaluator.client.client - INFO - 0c8fc9805c654f35b067bd1c6c878697 --- # queued_properties:   72 # estimated_properties:    0 # unsuccessful_properties:    0 # equilibrated_properties:   48 # exceptions:    0
2025-09-04 09:40:14,945 - openff.evaluator.client.client - INFO - 0c8fc9805c654f35b067bd1c6c878697 --- # queued_properties:   72 # estimated_properties:    0 # unsuccessful_properties:    0 # equilibrated_properties:   48 # exceptions:    0
2025-09-04 09:40:46,726 - openff.evaluator.client.client - INFO - 0c8fc9805c654f35b067bd1c6c878697 --- # queued_properties:   72 # estimated_properties:    0 # unsuccessful_properties:    0 # equilibrated_properties:   48 # exceptions:    0
2025-09-04 09:41:18,518 - openff.evaluator.client.client - INFO - 0c8fc9805c654f35b067bd1c6c878697 --- # queued_properties:   72 # estimated_properties:    0 # unsuccessful_properties:    0 # equilibrated_properties:   48 # exceptions:    0
2025-09-04 09:41:50,311 - openff.evaluator.client.client - INFO - 0c8fc9805c654f35b067bd1c6c878697 --- # queued_properties:   72 # estimated_properties:    0 # unsuccessful_properties:    0 # equilibrated_properties:   48 # exceptions:    0
2025-09-04 09:42:22,125 - openff.evaluator.client.client - INFO - 0c8fc9805c654f35b067bd1c6c878697 --- # queued_properties:   72 # estimated_properties:    0 # unsuccessful_properties:    0 # equilibrated_properties:   48 # exceptions:    0
2025-09-04 09:42:53,908 - openff.evaluator.client.client - INFO - 0c8fc9805c654f35b067bd1c6c878697 --- # queued_properties:   72 # estimated_properties:    0 # unsuccessful_properties:    0 # equilibrated_properties:   48 # exceptions:    0
2025-09-04 09:43:25,705 - openff.evaluator.client.client - INFO - 0c8fc9805c654f35b067bd1c6c878697 --- # queued_properties:   72 # estimated_properties:    0 # unsuccessful_properties:    0 # equilibrated_properties:   48 # exceptions:    0
2025-09-04 09:43:57,498 - openff.evaluator.client.client - INFO - 0c8fc9805c654f35b067bd1c6c878697 --- # queued_properties:   72 # estimated_properties:    0 # unsuccessful_properties:    0 # equilibrated_properties:   48 # exceptions:    0
2025-09-04 09:44:29,281 - openff.evaluator.client.client - INFO - 0c8fc9805c654f35b067bd1c6c878697 --- # queued_properties:   72 # estimated_properties:    0 # unsuccessful_properties:    0 # equilibrated_properties:   48 # exceptions:    0
2025-09-04 09:45:01,063 - openff.evaluator.client.client - INFO - 0c8fc9805c654f35b067bd1c6c878697 --- # queued_properties:   72 # estimated_properties:    0 # unsuccessful_properties:    0 # equilibrated_properties:   48 # exceptions:    0
2025-09-04 09:45:32,860 - openff.evaluator.client.client - INFO - 0c8fc9805c654f35b067bd1c6c878697 --- # queued_properties:   72 # estimated_properties:    0 # unsuccessful_properties:    0 # equilibrated_properties:   48 # exceptions:    0
2025-09-04 09:46:04,668 - openff.evaluator.client.client - INFO - 0c8fc9805c654f35b067bd1c6c878697 --- # queued_properties:   72 # estimated_properties:    0 # unsuccessful_properties:    0 # equilibrated_properties:   48 # exceptions:    0
2025-09-04 09:46:36,450 - openff.evaluator.client.client - INFO - 0c8fc9805c654f35b067bd1c6c878697 --- # queued_properties:   72 # estimated_properties:    0 # unsuccessful_properties:    0 # equilibrated_properties:   48 # exceptions:    0
2025-09-04 09:47:08,259 - openff.evaluator.client.client - INFO - 0c8fc9805c654f35b067bd1c6c878697 --- # queued_properties:   72 # estimated_properties:    0 # unsuccessful_properties:    0 # equilibrated_properties:   48 # exceptions:    0
2025-09-04 09:47:40,064 - openff.evaluator.client.client - INFO - 0c8fc9805c654f35b067bd1c6c878697 --- # queued_properties:   72 # estimated_properties:    0 # unsuccessful_properties:    0 # equilibrated_properties:   48 # exceptions:    0
2025-09-04 09:48:11,857 - openff.evaluator.client.client - INFO - 0c8fc9805c654f35b067bd1c6c878697 --- # queued_properties:   72 # estimated_properties:    0 # unsuccessful_properties:    0 # equilibrated_properties:   48 # exceptions:    0
2025-09-04 09:48:43,656 - openff.evaluator.client.client - INFO - 0c8fc9805c654f35b067bd1c6c878697 --- # queued_properties:   72 # estimated_properties:    0 # unsuccessful_properties:    0 # equilibrated_properties:   48 # exceptions:    0
2025-09-04 09:49:15,464 - openff.evaluator.client.client - INFO - 0c8fc9805c654f35b067bd1c6c878697 --- # queued_properties:   72 # estimated_properties:    0 # unsuccessful_properties:    0 # equilibrated_properties:   48 # exceptions:    0
2025-09-04 09:49:47,251 - openff.evaluator.client.client - INFO - 0c8fc9805c654f35b067bd1c6c878697 --- # queued_properties:   72 # estimated_properties:    0 # unsuccessful_properties:    0 # equilibrated_properties:   48 # exceptions:    0
2025-09-04 09:50:19,036 - openff.evaluator.client.client - INFO - 0c8fc9805c654f35b067bd1c6c878697 --- # queued_properties:   72 # estimated_properties:    0 # unsuccessful_properties:    0 # equilibrated_properties:   48 # exceptions:    0
2025-09-04 09:50:51,059 - openff.evaluator.client.client - INFO - 0c8fc9805c654f35b067bd1c6c878697 --- # queued_properties:   72 # estimated_properties:    0 # unsuccessful_properties:    0 # equilibrated_properties:   48 # exceptions:    0
2025-09-04 09:51:22,850 - openff.evaluator.client.client - INFO - 0c8fc9805c654f35b067bd1c6c878697 --- # queued_properties:   72 # estimated_properties:    0 # unsuccessful_properties:    0 # equilibrated_properties:   48 # exceptions:    0
2025-09-04 09:51:54,650 - openff.evaluator.client.client - INFO - 0c8fc9805c654f35b067bd1c6c878697 --- # queued_properties:   72 # estimated_properties:    0 # unsuccessful_properties:    0 # equilibrated_properties:   48 # exceptions:    0
2025-09-04 09:52:26,443 - openff.evaluator.client.client - INFO - 0c8fc9805c654f35b067bd1c6c878697 --- # queued_properties:   72 # estimated_properties:    0 # unsuccessful_properties:    0 # equilibrated_properties:   48 # exceptions:    0
2025-09-04 09:52:58,240 - openff.evaluator.client.client - INFO - 0c8fc9805c654f35b067bd1c6c878697 --- # queued_properties:   72 # estimated_properties:    0 # unsuccessful_properties:    0 # equilibrated_properties:   48 # exceptions:    0
2025-09-04 09:53:30,032 - openff.evaluator.client.client - INFO - 0c8fc9805c654f35b067bd1c6c878697 --- # queued_properties:   72 # estimated_properties:    0 # unsuccessful_properties:    0 # equilibrated_properties:   48 # exceptions:    0
2025-09-04 09:54:01,837 - openff.evaluator.client.client - INFO - 0c8fc9805c654f35b067bd1c6c878697 --- # queued_properties:   72 # estimated_properties:    0 # unsuccessful_properties:    0 # equilibrated_properties:   48 # exceptions:    0
2025-09-04 09:54:33,626 - openff.evaluator.client.client - INFO - 0c8fc9805c654f35b067bd1c6c878697 --- # queued_properties:   72 # estimated_properties:    0 # unsuccessful_properties:    0 # equilibrated_properties:   48 # exceptions:    0
2025-09-04 09:55:05,424 - openff.evaluator.client.client - INFO - 0c8fc9805c654f35b067bd1c6c878697 --- # queued_properties:   72 # estimated_properties:    0 # unsuccessful_properties:    0 # equilibrated_properties:   48 # exceptions:    0
2025-09-04 09:55:37,217 - openff.evaluator.client.client - INFO - 0c8fc9805c654f35b067bd1c6c878697 --- # queued_properties:   72 # estimated_properties:    0 # unsuccessful_properties:    0 # equilibrated_properties:   48 # exceptions:    0
2025-09-04 09:56:09,008 - openff.evaluator.client.client - INFO - 0c8fc9805c654f35b067bd1c6c878697 --- # queued_properties:   72 # estimated_properties:    0 # unsuccessful_properties:    0 # equilibrated_properties:   48 # exceptions:    0
2025-09-04 09:56:40,810 - openff.evaluator.client.client - INFO - 0c8fc9805c654f35b067bd1c6c878697 --- # queued_properties:   72 # estimated_properties:    0 # unsuccessful_properties:    0 # equilibrated_properties:   48 # exceptions:    0
2025-09-04 09:57:12,614 - openff.evaluator.client.client - INFO - 0c8fc9805c654f35b067bd1c6c878697 --- # queued_properties:   72 # estimated_properties:    0 # unsuccessful_properties:    0 # equilibrated_properties:   48 # exceptions:    0
2025-09-04 09:57:44,412 - openff.evaluator.client.client - INFO - 0c8fc9805c654f35b067bd1c6c878697 --- # queued_properties:   72 # estimated_properties:    0 # unsuccessful_properties:    0 # equilibrated_properties:   48 # exceptions:    0
2025-09-04 09:58:16,219 - openff.evaluator.client.client - INFO - 0c8fc9805c654f35b067bd1c6c878697 --- # queued_properties:   72 # estimated_properties:    0 # unsuccessful_properties:    0 # equilibrated_properties:   48 # exceptions:    0
2025-09-04 09:58:48,010 - openff.evaluator.client.client - INFO - 0c8fc9805c654f35b067bd1c6c878697 --- # queued_properties:   72 # estimated_properties:    0 # unsuccessful_properties:    0 # equilibrated_properties:   48 # exceptions:    0
2025-09-04 09:59:19,805 - openff.evaluator.client.client - INFO - 0c8fc9805c654f35b067bd1c6c878697 --- # queued_properties:   72 # estimated_properties:    0 # unsuccessful_properties:    0 # equilibrated_properties:   48 # exceptions:    0
2025-09-04 09:59:51,605 - openff.evaluator.client.client - INFO - 0c8fc9805c654f35b067bd1c6c878697 --- # queued_properties:   72 # estimated_properties:    0 # unsuccessful_properties:    0 # equilibrated_properties:   48 # exceptions:    0
2025-09-04 10:00:23,402 - openff.evaluator.client.client - INFO - 0c8fc9805c654f35b067bd1c6c878697 --- # queued_properties:   72 # estimated_properties:    0 # unsuccessful_properties:    0 # equilibrated_properties:   48 # exceptions:    0
2025-09-04 10:00:55,196 - openff.evaluator.client.client - INFO - 0c8fc9805c654f35b067bd1c6c878697 --- # queued_properties:   72 # estimated_properties:    0 # unsuccessful_properties:    0 # equilibrated_properties:   48 # exceptions:    0
2025-09-04 10:01:27,001 - openff.evaluator.client.client - INFO - 0c8fc9805c654f35b067bd1c6c878697 --- # queued_properties:   72 # estimated_properties:    0 # unsuccessful_properties:    0 # equilibrated_properties:   48 # exceptions:    0
2025-09-04 10:01:58,789 - openff.evaluator.client.client - INFO - 0c8fc9805c654f35b067bd1c6c878697 --- # queued_properties:   72 # estimated_properties:    0 # unsuccessful_properties:    0 # equilibrated_properties:   48 # exceptions:    0
2025-09-04 10:02:30,586 - openff.evaluator.client.client - INFO - 0c8fc9805c654f35b067bd1c6c878697 --- # queued_properties:   72 # estimated_properties:    0 # unsuccessful_properties:    0 # equilibrated_properties:   48 # exceptions:    0
2025-09-04 10:03:02,374 - openff.evaluator.client.client - INFO - 0c8fc9805c654f35b067bd1c6c878697 --- # queued_properties:   72 # estimated_properties:    0 # unsuccessful_properties:    0 # equilibrated_properties:   48 # exceptions:    0
2025-09-04 10:03:34,179 - openff.evaluator.client.client - INFO - 0c8fc9805c654f35b067bd1c6c878697 --- # queued_properties:   72 # estimated_properties:    0 # unsuccessful_properties:    0 # equilibrated_properties:   48 # exceptions:    0
2025-09-04 10:04:05,985 - openff.evaluator.client.client - INFO - 0c8fc9805c654f35b067bd1c6c878697 --- # queued_properties:   72 # estimated_properties:    0 # unsuccessful_properties:    0 # equilibrated_properties:   48 # exceptions:    0
2025-09-04 10:04:37,791 - openff.evaluator.client.client - INFO - 0c8fc9805c654f35b067bd1c6c878697 --- # queued_properties:   72 # estimated_properties:    0 # unsuccessful_properties:    0 # equilibrated_properties:   48 # exceptions:    0
2025-09-04 10:05:09,578 - openff.evaluator.client.client - INFO - 0c8fc9805c654f35b067bd1c6c878697 --- # queued_properties:   72 # estimated_properties:    0 # unsuccessful_properties:    0 # equilibrated_properties:   48 # exceptions:    0
2025-09-04 10:05:41,384 - openff.evaluator.client.client - INFO - 0c8fc9805c654f35b067bd1c6c878697 --- # queued_properties:   72 # estimated_properties:    0 # unsuccessful_properties:    0 # equilibrated_properties:   48 # exceptions:    0
2025-09-04 10:06:13,178 - openff.evaluator.client.client - INFO - 0c8fc9805c654f35b067bd1c6c878697 --- # queued_properties:   72 # estimated_properties:    0 # unsuccessful_properties:    0 # equilibrated_properties:   48 # exceptions:    0
2025-09-04 10:06:44,989 - openff.evaluator.client.client - INFO - 0c8fc9805c654f35b067bd1c6c878697 --- # queued_properties:   72 # estimated_properties:    0 # unsuccessful_properties:    0 # equilibrated_properties:   48 # exceptions:    0
2025-09-04 10:07:16,787 - openff.evaluator.client.client - INFO - 0c8fc9805c654f35b067bd1c6c878697 --- # queued_properties:   72 # estimated_properties:    0 # unsuccessful_properties:    0 # equilibrated_properties:   48 # exceptions:    0
2025-09-04 10:07:48,578 - openff.evaluator.client.client - INFO - 0c8fc9805c654f35b067bd1c6c878697 --- # queued_properties:   72 # estimated_properties:    0 # unsuccessful_properties:    0 # equilibrated_properties:   48 # exceptions:    0
2025-09-04 10:08:20,357 - openff.evaluator.client.client - INFO - 0c8fc9805c654f35b067bd1c6c878697 --- # queued_properties:   72 # estimated_properties:    0 # unsuccessful_properties:    0 # equilibrated_properties:   48 # exceptions:    0
2025-09-04 10:08:52,388 - openff.evaluator.client.client - INFO - 0c8fc9805c654f35b067bd1c6c878697 --- # queued_properties:   72 # estimated_properties:    0 # unsuccessful_properties:    0 # equilibrated_properties:   48 # exceptions:    0
2025-09-04 10:09:24,181 - openff.evaluator.client.client - INFO - 0c8fc9805c654f35b067bd1c6c878697 --- # queued_properties:   72 # estimated_properties:    0 # unsuccessful_properties:    0 # equilibrated_properties:   48 # exceptions:    0
2025-09-04 10:09:55,972 - openff.evaluator.client.client - INFO - 0c8fc9805c654f35b067bd1c6c878697 --- # queued_properties:   72 # estimated_properties:    0 # unsuccessful_properties:    0 # equilibrated_properties:   48 # exceptions:    0
2025-09-04 10:10:27,787 - openff.evaluator.client.client - INFO - 0c8fc9805c654f35b067bd1c6c878697 --- # queued_properties:   72 # estimated_properties:    0 # unsuccessful_properties:    0 # equilibrated_properties:   48 # exceptions:    0
2025-09-04 10:10:59,581 - openff.evaluator.client.client - INFO - 0c8fc9805c654f35b067bd1c6c878697 --- # queued_properties:   72 # estimated_properties:    0 # unsuccessful_properties:    0 # equilibrated_properties:   48 # exceptions:    0
2025-09-04 10:11:31,396 - openff.evaluator.client.client - INFO - 0c8fc9805c654f35b067bd1c6c878697 --- # queued_properties:   72 # estimated_properties:    0 # unsuccessful_properties:    0 # equilibrated_properties:   48 # exceptions:    0
2025-09-04 10:12:03,197 - openff.evaluator.client.client - INFO - 0c8fc9805c654f35b067bd1c6c878697 --- # queued_properties:   72 # estimated_properties:    0 # unsuccessful_properties:    0 # equilibrated_properties:   48 # exceptions:    0
2025-09-04 10:12:34,992 - openff.evaluator.client.client - INFO - 0c8fc9805c654f35b067bd1c6c878697 --- # queued_properties:   72 # estimated_properties:    0 # unsuccessful_properties:    0 # equilibrated_properties:   48 # exceptions:    0
2025-09-04 10:13:06,785 - openff.evaluator.client.client - INFO - 0c8fc9805c654f35b067bd1c6c878697 --- # queued_properties:   72 # estimated_properties:    0 # unsuccessful_properties:    0 # equilibrated_properties:   48 # exceptions:    0
2025-09-04 10:13:38,581 - openff.evaluator.client.client - INFO - 0c8fc9805c654f35b067bd1c6c878697 --- # queued_properties:   72 # estimated_properties:    0 # unsuccessful_properties:    0 # equilibrated_properties:   48 # exceptions:    0
2025-09-04 10:14:10,377 - openff.evaluator.client.client - INFO - 0c8fc9805c654f35b067bd1c6c878697 --- # queued_properties:   72 # estimated_properties:    0 # unsuccessful_properties:    0 # equilibrated_properties:   48 # exceptions:    0
2025-09-04 10:14:42,165 - openff.evaluator.client.client - INFO - 0c8fc9805c654f35b067bd1c6c878697 --- # queued_properties:   72 # estimated_properties:    0 # unsuccessful_properties:    0 # equilibrated_properties:   48 # exceptions:    0
2025-09-04 10:15:13,947 - openff.evaluator.client.client - INFO - 0c8fc9805c654f35b067bd1c6c878697 --- # queued_properties:   72 # estimated_properties:    0 # unsuccessful_properties:    0 # equilibrated_properties:   48 # exceptions:    0
2025-09-04 10:15:45,742 - openff.evaluator.client.client - INFO - 0c8fc9805c654f35b067bd1c6c878697 --- # queued_properties:   72 # estimated_properties:    0 # unsuccessful_properties:    0 # equilibrated_properties:   48 # exceptions:    0
2025-09-04 10:16:17,541 - openff.evaluator.client.client - INFO - 0c8fc9805c654f35b067bd1c6c878697 --- # queued_properties:   72 # estimated_properties:    0 # unsuccessful_properties:    0 # equilibrated_properties:   48 # exceptions:    0
2025-09-04 10:16:49,333 - openff.evaluator.client.client - INFO - 0c8fc9805c654f35b067bd1c6c878697 --- # queued_properties:   72 # estimated_properties:    0 # unsuccessful_properties:    0 # equilibrated_properties:   48 # exceptions:    0
2025-09-04 10:17:21,127 - openff.evaluator.client.client - INFO - 0c8fc9805c654f35b067bd1c6c878697 --- # queued_properties:   72 # estimated_properties:    0 # unsuccessful_properties:    0 # equilibrated_properties:   48 # exceptions:    0
2025-09-04 10:17:52,916 - openff.evaluator.client.client - INFO - 0c8fc9805c654f35b067bd1c6c878697 --- # queued_properties:   72 # estimated_properties:    0 # unsuccessful_properties:    0 # equilibrated_properties:   48 # exceptions:    0
2025-09-04 10:18:24,718 - openff.evaluator.client.client - INFO - 0c8fc9805c654f35b067bd1c6c878697 --- # queued_properties:   72 # estimated_properties:    0 # unsuccessful_properties:    0 # equilibrated_properties:   48 # exceptions:    0
2025-09-04 10:18:56,508 - openff.evaluator.client.client - INFO - 0c8fc9805c654f35b067bd1c6c878697 --- # queued_properties:   72 # estimated_properties:    0 # unsuccessful_properties:    0 # equilibrated_properties:   48 # exceptions:    0
2025-09-04 10:19:28,300 - openff.evaluator.client.client - INFO - 0c8fc9805c654f35b067bd1c6c878697 --- # queued_properties:   72 # estimated_properties:    0 # unsuccessful_properties:    0 # equilibrated_properties:   48 # exceptions:    0
2025-09-04 10:20:00,112 - openff.evaluator.client.client - INFO - 0c8fc9805c654f35b067bd1c6c878697 --- # queued_properties:   72 # estimated_properties:    0 # unsuccessful_properties:    0 # equilibrated_properties:   48 # exceptions:    0
2025-09-04 10:20:32,097 - openff.evaluator.client.client - INFO - 0c8fc9805c654f35b067bd1c6c878697 --- # queued_properties:   72 # estimated_properties:    0 # unsuccessful_properties:    0 # equilibrated_properties:   48 # exceptions:    0
2025-09-04 10:21:03,889 - openff.evaluator.client.client - INFO - 0c8fc9805c654f35b067bd1c6c878697 --- # queued_properties:   72 # estimated_properties:    0 # unsuccessful_properties:    0 # equilibrated_properties:   48 # exceptions:    0
2025-09-04 10:21:35,687 - openff.evaluator.client.client - INFO - 0c8fc9805c654f35b067bd1c6c878697 --- # queued_properties:   72 # estimated_properties:    0 # unsuccessful_properties:    0 # equilibrated_properties:   48 # exceptions:    0
2025-09-04 10:22:07,468 - openff.evaluator.client.client - INFO - 0c8fc9805c654f35b067bd1c6c878697 --- # queued_properties:   72 # estimated_properties:    0 # unsuccessful_properties:    0 # equilibrated_properties:   48 # exceptions:    0
2025-09-04 10:22:39,252 - openff.evaluator.client.client - INFO - 0c8fc9805c654f35b067bd1c6c878697 --- # queued_properties:   72 # estimated_properties:    0 # unsuccessful_properties:    0 # equilibrated_properties:   48 # exceptions:    0
2025-09-04 10:23:11,046 - openff.evaluator.client.client - INFO - 0c8fc9805c654f35b067bd1c6c878697 --- # queued_properties:   72 # estimated_properties:    0 # unsuccessful_properties:    0 # equilibrated_properties:   48 # exceptions:    0
2025-09-04 10:23:42,828 - openff.evaluator.client.client - INFO - 0c8fc9805c654f35b067bd1c6c878697 --- # queued_properties:   72 # estimated_properties:    0 # unsuccessful_properties:    0 # equilibrated_properties:   48 # exceptions:    0
2025-09-04 10:24:14,630 - openff.evaluator.client.client - INFO - 0c8fc9805c654f35b067bd1c6c878697 --- # queued_properties:   72 # estimated_properties:    0 # unsuccessful_properties:    0 # equilibrated_properties:   48 # exceptions:    0
2025-09-04 10:24:46,424 - openff.evaluator.client.client - INFO - 0c8fc9805c654f35b067bd1c6c878697 --- # queued_properties:   72 # estimated_properties:    0 # unsuccessful_properties:    0 # equilibrated_properties:   48 # exceptions:    0
2025-09-04 10:25:18,212 - openff.evaluator.client.client - INFO - 0c8fc9805c654f35b067bd1c6c878697 --- # queued_properties:   72 # estimated_properties:    0 # unsuccessful_properties:    0 # equilibrated_properties:   48 # exceptions:    0
2025-09-04 10:25:50,002 - openff.evaluator.client.client - INFO - 0c8fc9805c654f35b067bd1c6c878697 --- # queued_properties:   72 # estimated_properties:    0 # unsuccessful_properties:    0 # equilibrated_properties:   48 # exceptions:    0
2025-09-04 10:26:21,999 - openff.evaluator.client.client - INFO - 0c8fc9805c654f35b067bd1c6c878697 --- # queued_properties:   72 # estimated_properties:    0 # unsuccessful_properties:    0 # equilibrated_properties:   48 # exceptions:    0
2025-09-04 10:26:53,783 - openff.evaluator.client.client - INFO - 0c8fc9805c654f35b067bd1c6c878697 --- # queued_properties:   72 # estimated_properties:    0 # unsuccessful_properties:    0 # equilibrated_properties:   48 # exceptions:    0
2025-09-04 10:27:25,575 - openff.evaluator.client.client - INFO - 0c8fc9805c654f35b067bd1c6c878697 --- # queued_properties:   72 # estimated_properties:    0 # unsuccessful_properties:    0 # equilibrated_properties:   48 # exceptions:    0
2025-09-04 10:27:57,370 - openff.evaluator.client.client - INFO - 0c8fc9805c654f35b067bd1c6c878697 --- # queued_properties:   72 # estimated_properties:    0 # unsuccessful_properties:    0 # equilibrated_properties:   48 # exceptions:    0
2025-09-04 10:28:29,164 - openff.evaluator.client.client - INFO - 0c8fc9805c654f35b067bd1c6c878697 --- # queued_properties:   72 # estimated_properties:    0 # unsuccessful_properties:    0 # equilibrated_properties:   48 # exceptions:    0
2025-09-04 10:29:00,955 - openff.evaluator.client.client - INFO - 0c8fc9805c654f35b067bd1c6c878697 --- # queued_properties:   72 # estimated_properties:    0 # unsuccessful_properties:    0 # equilibrated_properties:   48 # exceptions:    0
2025-09-04 10:29:32,748 - openff.evaluator.client.client - INFO - 0c8fc9805c654f35b067bd1c6c878697 --- # queued_properties:   72 # estimated_properties:    0 # unsuccessful_properties:    0 # equilibrated_properties:   48 # exceptions:    0
2025-09-04 10:30:04,539 - openff.evaluator.client.client - INFO - 0c8fc9805c654f35b067bd1c6c878697 --- # queued_properties:   72 # estimated_properties:    0 # unsuccessful_properties:    0 # equilibrated_properties:   48 # exceptions:    0
2025-09-04 10:30:36,321 - openff.evaluator.client.client - INFO - 0c8fc9805c654f35b067bd1c6c878697 --- # queued_properties:   72 # estimated_properties:    0 # unsuccessful_properties:    0 # equilibrated_properties:   48 # exceptions:    0
2025-09-04 10:31:08,126 - openff.evaluator.client.client - INFO - 0c8fc9805c654f35b067bd1c6c878697 --- # queued_properties:   72 # estimated_properties:    0 # unsuccessful_properties:    0 # equilibrated_properties:   48 # exceptions:    0
2025-09-04 10:31:39,921 - openff.evaluator.client.client - INFO - 0c8fc9805c654f35b067bd1c6c878697 --- # queued_properties:   72 # estimated_properties:    0 # unsuccessful_properties:    0 # equilibrated_properties:   48 # exceptions:    0
2025-09-04 10:32:11,712 - openff.evaluator.client.client - INFO - 0c8fc9805c654f35b067bd1c6c878697 --- # queued_properties:   72 # estimated_properties:    0 # unsuccessful_properties:    0 # equilibrated_properties:   48 # exceptions:    0
2025-09-04 10:32:43,505 - openff.evaluator.client.client - INFO - 0c8fc9805c654f35b067bd1c6c878697 --- # queued_properties:   72 # estimated_properties:    0 # unsuccessful_properties:    0 # equilibrated_properties:   48 # exceptions:    0
2025-09-04 10:33:15,294 - openff.evaluator.client.client - INFO - 0c8fc9805c654f35b067bd1c6c878697 --- # queued_properties:   72 # estimated_properties:    0 # unsuccessful_properties:    0 # equilibrated_properties:   48 # exceptions:    0
2025-09-04 10:33:47,101 - openff.evaluator.client.client - INFO - 0c8fc9805c654f35b067bd1c6c878697 --- # queued_properties:   72 # estimated_properties:    0 # unsuccessful_properties:    0 # equilibrated_properties:   48 # exceptions:    0
2025-09-04 10:34:18,890 - openff.evaluator.client.client - INFO - 0c8fc9805c654f35b067bd1c6c878697 --- # queued_properties:   72 # estimated_properties:    0 # unsuccessful_properties:    0 # equilibrated_properties:   48 # exceptions:    0
2025-09-04 10:34:50,685 - openff.evaluator.client.client - INFO - 0c8fc9805c654f35b067bd1c6c878697 --- # queued_properties:   72 # estimated_properties:    0 # unsuccessful_properties:    0 # equilibrated_properties:   48 # exceptions:    0
2025-09-04 10:35:22,477 - openff.evaluator.client.client - INFO - 0c8fc9805c654f35b067bd1c6c878697 --- # queued_properties:   72 # estimated_properties:    0 # unsuccessful_properties:    0 # equilibrated_properties:   48 # exceptions:    0
2025-09-04 10:35:54,264 - openff.evaluator.client.client - INFO - 0c8fc9805c654f35b067bd1c6c878697 --- # queued_properties:   72 # estimated_properties:    0 # unsuccessful_properties:    0 # equilibrated_properties:   48 # exceptions:    0
2025-09-04 10:36:26,055 - openff.evaluator.client.client - INFO - 0c8fc9805c654f35b067bd1c6c878697 --- # queued_properties:   72 # estimated_properties:    0 # unsuccessful_properties:    0 # equilibrated_properties:   48 # exceptions:    0
2025-09-04 10:36:57,847 - openff.evaluator.client.client - INFO - 0c8fc9805c654f35b067bd1c6c878697 --- # queued_properties:   72 # estimated_properties:    0 # unsuccessful_properties:    0 # equilibrated_properties:   48 # exceptions:    0
2025-09-04 10:37:29,649 - openff.evaluator.client.client - INFO - 0c8fc9805c654f35b067bd1c6c878697 --- # queued_properties:   72 # estimated_properties:    0 # unsuccessful_properties:    0 # equilibrated_properties:   48 # exceptions:    0
2025-09-04 10:38:01,450 - openff.evaluator.client.client - INFO - 0c8fc9805c654f35b067bd1c6c878697 --- # queued_properties:   72 # estimated_properties:    0 # unsuccessful_properties:    0 # equilibrated_properties:   48 # exceptions:    0
2025-09-04 10:38:33,237 - openff.evaluator.client.client - INFO - 0c8fc9805c654f35b067bd1c6c878697 --- # queued_properties:   72 # estimated_properties:    0 # unsuccessful_properties:    0 # equilibrated_properties:   48 # exceptions:    0
2025-09-04 10:39:05,042 - openff.evaluator.client.client - INFO - 0c8fc9805c654f35b067bd1c6c878697 --- # queued_properties:   72 # estimated_properties:    0 # unsuccessful_properties:    0 # equilibrated_properties:   48 # exceptions:    0
2025-09-04 10:39:36,834 - openff.evaluator.client.client - INFO - 0c8fc9805c654f35b067bd1c6c878697 --- # queued_properties:   72 # estimated_properties:    0 # unsuccessful_properties:    0 # equilibrated_properties:   48 # exceptions:    0
2025-09-04 10:40:08,620 - openff.evaluator.client.client - INFO - 0c8fc9805c654f35b067bd1c6c878697 --- # queued_properties:   72 # estimated_properties:    0 # unsuccessful_properties:    0 # equilibrated_properties:   48 # exceptions:    0
2025-09-04 10:40:40,424 - openff.evaluator.client.client - INFO - 0c8fc9805c654f35b067bd1c6c878697 --- # queued_properties:   72 # estimated_properties:    0 # unsuccessful_properties:    0 # equilibrated_properties:   48 # exceptions:    0
2025-09-04 10:41:12,232 - openff.evaluator.client.client - INFO - 0c8fc9805c654f35b067bd1c6c878697 --- # queued_properties:   72 # estimated_properties:    0 # unsuccessful_properties:    0 # equilibrated_properties:   48 # exceptions:    0
2025-09-04 10:41:44,033 - openff.evaluator.client.client - INFO - 0c8fc9805c654f35b067bd1c6c878697 --- # queued_properties:   72 # estimated_properties:    0 # unsuccessful_properties:    0 # equilibrated_properties:   48 # exceptions:    0
2025-09-04 10:42:15,835 - openff.evaluator.client.client - INFO - 0c8fc9805c654f35b067bd1c6c878697 --- # queued_properties:   72 # estimated_properties:    0 # unsuccessful_properties:    0 # equilibrated_properties:   48 # exceptions:    0
2025-09-04 10:42:47,764 - openff.evaluator.client.client - INFO - 0c8fc9805c654f35b067bd1c6c878697 --- # queued_properties:   72 # estimated_properties:    0 # unsuccessful_properties:    0 # equilibrated_properties:   48 # exceptions:    0
2025-09-04 10:43:19,562 - openff.evaluator.client.client - INFO - 0c8fc9805c654f35b067bd1c6c878697 --- # queued_properties:   72 # estimated_properties:    0 # unsuccessful_properties:    0 # equilibrated_properties:   48 # exceptions:    0
2025-09-04 10:43:51,345 - openff.evaluator.client.client - INFO - 0c8fc9805c654f35b067bd1c6c878697 --- # queued_properties:   72 # estimated_properties:    0 # unsuccessful_properties:    0 # equilibrated_properties:   48 # exceptions:    0
2025-09-04 10:44:23,340 - openff.evaluator.client.client - INFO - 0c8fc9805c654f35b067bd1c6c878697 --- # queued_properties:   72 # estimated_properties:    0 # unsuccessful_properties:    0 # equilibrated_properties:   48 # exceptions:    0
2025-09-04 10:44:55,120 - openff.evaluator.client.client - INFO - 0c8fc9805c654f35b067bd1c6c878697 --- # queued_properties:   72 # estimated_properties:    0 # unsuccessful_properties:    0 # equilibrated_properties:   48 # exceptions:    0
2025-09-04 10:45:26,918 - openff.evaluator.client.client - INFO - 0c8fc9805c654f35b067bd1c6c878697 --- # queued_properties:   72 # estimated_properties:    0 # unsuccessful_properties:    0 # equilibrated_properties:   48 # exceptions:    0
2025-09-04 10:45:58,711 - openff.evaluator.client.client - INFO - 0c8fc9805c654f35b067bd1c6c878697 --- # queued_properties:   72 # estimated_properties:    0 # unsuccessful_properties:    0 # equilibrated_properties:   48 # exceptions:    0
2025-09-04 10:46:30,506 - openff.evaluator.client.client - INFO - 0c8fc9805c654f35b067bd1c6c878697 --- # queued_properties:   72 # estimated_properties:    0 # unsuccessful_properties:    0 # equilibrated_properties:   48 # exceptions:    0
2025-09-04 10:47:02,293 - openff.evaluator.client.client - INFO - 0c8fc9805c654f35b067bd1c6c878697 --- # queued_properties:   72 # estimated_properties:    0 # unsuccessful_properties:    0 # equilibrated_properties:   48 # exceptions:    0
2025-09-04 10:47:34,093 - openff.evaluator.client.client - INFO - 0c8fc9805c654f35b067bd1c6c878697 --- # queued_properties:   72 # estimated_properties:    0 # unsuccessful_properties:    0 # equilibrated_properties:   48 # exceptions:    0
2025-09-04 10:48:06,005 - openff.evaluator.client.client - INFO - 0c8fc9805c654f35b067bd1c6c878697 --- # queued_properties:   72 # estimated_properties:    0 # unsuccessful_properties:    0 # equilibrated_properties:   48 # exceptions:    0
2025-09-04 10:48:37,816 - openff.evaluator.client.client - INFO - 0c8fc9805c654f35b067bd1c6c878697 --- # queued_properties:   72 # estimated_properties:    0 # unsuccessful_properties:    0 # equilibrated_properties:   48 # exceptions:    0
2025-09-04 10:49:09,613 - openff.evaluator.client.client - INFO - 0c8fc9805c654f35b067bd1c6c878697 --- # queued_properties:   72 # estimated_properties:    0 # unsuccessful_properties:    0 # equilibrated_properties:   48 # exceptions:    0
2025-09-04 10:49:41,399 - openff.evaluator.client.client - INFO - 0c8fc9805c654f35b067bd1c6c878697 --- # queued_properties:   72 # estimated_properties:    0 # unsuccessful_properties:    0 # equilibrated_properties:   48 # exceptions:    0
2025-09-04 10:50:13,189 - openff.evaluator.client.client - INFO - 0c8fc9805c654f35b067bd1c6c878697 --- # queued_properties:   72 # estimated_properties:    0 # unsuccessful_properties:    0 # equilibrated_properties:   48 # exceptions:    0
2025-09-04 10:50:44,990 - openff.evaluator.client.client - INFO - 0c8fc9805c654f35b067bd1c6c878697 --- # queued_properties:   72 # estimated_properties:    0 # unsuccessful_properties:    0 # equilibrated_properties:   48 # exceptions:    0
2025-09-04 10:51:16,772 - openff.evaluator.client.client - INFO - 0c8fc9805c654f35b067bd1c6c878697 --- # queued_properties:   72 # estimated_properties:    0 # unsuccessful_properties:    0 # equilibrated_properties:   48 # exceptions:    0
2025-09-04 10:51:48,563 - openff.evaluator.client.client - INFO - 0c8fc9805c654f35b067bd1c6c878697 --- # queued_properties:   72 # estimated_properties:    0 # unsuccessful_properties:    0 # equilibrated_properties:   48 # exceptions:    0
2025-09-04 10:52:20,356 - openff.evaluator.client.client - INFO - 0c8fc9805c654f35b067bd1c6c878697 --- # queued_properties:   72 # estimated_properties:    0 # unsuccessful_properties:    0 # equilibrated_properties:   48 # exceptions:    0
2025-09-04 10:52:52,147 - openff.evaluator.client.client - INFO - 0c8fc9805c654f35b067bd1c6c878697 --- # queued_properties:   72 # estimated_properties:    0 # unsuccessful_properties:    0 # equilibrated_properties:   48 # exceptions:    0
2025-09-04 10:53:23,930 - openff.evaluator.client.client - INFO - 0c8fc9805c654f35b067bd1c6c878697 --- # queued_properties:   72 # estimated_properties:    0 # unsuccessful_properties:    0 # equilibrated_properties:   48 # exceptions:    0
2025-09-04 10:53:55,775 - openff.evaluator.client.client - INFO - 0c8fc9805c654f35b067bd1c6c878697 --- # queued_properties:   72 # estimated_properties:    0 # unsuccessful_properties:    0 # equilibrated_properties:   48 # exceptions:    0
2025-09-04 10:54:27,567 - openff.evaluator.client.client - INFO - 0c8fc9805c654f35b067bd1c6c878697 --- # queued_properties:   72 # estimated_properties:    0 # unsuccessful_properties:    0 # equilibrated_properties:   48 # exceptions:    0
2025-09-04 10:54:59,375 - openff.evaluator.client.client - INFO - 0c8fc9805c654f35b067bd1c6c878697 --- # queued_properties:   72 # estimated_properties:    0 # unsuccessful_properties:    0 # equilibrated_properties:   48 # exceptions:    0
2025-09-04 10:55:31,169 - openff.evaluator.client.client - INFO - 0c8fc9805c654f35b067bd1c6c878697 --- # queued_properties:   72 # estimated_properties:    0 # unsuccessful_properties:    0 # equilibrated_properties:   48 # exceptions:    0
2025-09-04 10:56:02,971 - openff.evaluator.client.client - INFO - 0c8fc9805c654f35b067bd1c6c878697 --- # queued_properties:   72 # estimated_properties:    0 # unsuccessful_properties:    0 # equilibrated_properties:   48 # exceptions:    0
2025-09-04 10:56:34,764 - openff.evaluator.client.client - INFO - 0c8fc9805c654f35b067bd1c6c878697 --- # queued_properties:   72 # estimated_properties:    0 # unsuccessful_properties:    0 # equilibrated_properties:   48 # exceptions:    0
2025-09-04 10:57:06,556 - openff.evaluator.client.client - INFO - 0c8fc9805c654f35b067bd1c6c878697 --- # queued_properties:   72 # estimated_properties:    0 # unsuccessful_properties:    0 # equilibrated_properties:   48 # exceptions:    0
2025-09-04 10:57:38,338 - openff.evaluator.client.client - INFO - 0c8fc9805c654f35b067bd1c6c878697 --- # queued_properties:   72 # estimated_properties:    0 # unsuccessful_properties:    0 # equilibrated_properties:   48 # exceptions:    0
2025-09-04 10:58:10,132 - openff.evaluator.client.client - INFO - 0c8fc9805c654f35b067bd1c6c878697 --- # queued_properties:   72 # estimated_properties:    0 # unsuccessful_properties:    0 # equilibrated_properties:   48 # exceptions:    0
2025-09-04 10:58:42,106 - openff.evaluator.client.client - INFO - 0c8fc9805c654f35b067bd1c6c878697 --- # queued_properties:   72 # estimated_properties:    0 # unsuccessful_properties:    0 # equilibrated_properties:   48 # exceptions:    0
2025-09-04 10:59:14,076 - openff.evaluator.client.client - INFO - 0c8fc9805c654f35b067bd1c6c878697 --- # queued_properties:   72 # estimated_properties:    0 # unsuccessful_properties:    0 # equilibrated_properties:   48 # exceptions:    0
2025-09-04 10:59:45,867 - openff.evaluator.client.client - INFO - 0c8fc9805c654f35b067bd1c6c878697 --- # queued_properties:   72 # estimated_properties:    0 # unsuccessful_properties:    0 # equilibrated_properties:   48 # exceptions:    0
2025-09-04 11:00:17,663 - openff.evaluator.client.client - INFO - 0c8fc9805c654f35b067bd1c6c878697 --- # queued_properties:   72 # estimated_properties:    0 # unsuccessful_properties:    0 # equilibrated_properties:   48 # exceptions:    0
2025-09-04 11:00:49,457 - openff.evaluator.client.client - INFO - 0c8fc9805c654f35b067bd1c6c878697 --- # queued_properties:   72 # estimated_properties:    0 # unsuccessful_properties:    0 # equilibrated_properties:   48 # exceptions:    0
2025-09-04 11:01:21,254 - openff.evaluator.client.client - INFO - 0c8fc9805c654f35b067bd1c6c878697 --- # queued_properties:   72 # estimated_properties:    0 # unsuccessful_properties:    0 # equilibrated_properties:   48 # exceptions:    0
2025-09-04 11:01:53,240 - openff.evaluator.client.client - INFO - 0c8fc9805c654f35b067bd1c6c878697 --- # queued_properties:   72 # estimated_properties:    0 # unsuccessful_properties:    0 # equilibrated_properties:   48 # exceptions:    0
2025-09-04 11:02:25,041 - openff.evaluator.client.client - INFO - 0c8fc9805c654f35b067bd1c6c878697 --- # queued_properties:   72 # estimated_properties:    0 # unsuccessful_properties:    0 # equilibrated_properties:   48 # exceptions:    0
2025-09-04 11:02:56,833 - openff.evaluator.client.client - INFO - 0c8fc9805c654f35b067bd1c6c878697 --- # queued_properties:   72 # estimated_properties:    0 # unsuccessful_properties:    0 # equilibrated_properties:   48 # exceptions:    0
2025-09-04 11:03:28,617 - openff.evaluator.client.client - INFO - 0c8fc9805c654f35b067bd1c6c878697 --- # queued_properties:   72 # estimated_properties:    0 # unsuccessful_properties:    0 # equilibrated_properties:   48 # exceptions:    0
2025-09-04 11:04:00,410 - openff.evaluator.client.client - INFO - 0c8fc9805c654f35b067bd1c6c878697 --- # queued_properties:   72 # estimated_properties:    0 # unsuccessful_properties:    0 # equilibrated_properties:   48 # exceptions:    0
2025-09-04 11:04:32,203 - openff.evaluator.client.client - INFO - 0c8fc9805c654f35b067bd1c6c878697 --- # queued_properties:   72 # estimated_properties:    0 # unsuccessful_properties:    0 # equilibrated_properties:   48 # exceptions:    0
2025-09-04 11:05:04,010 - openff.evaluator.client.client - INFO - 0c8fc9805c654f35b067bd1c6c878697 --- # queued_properties:   72 # estimated_properties:    0 # unsuccessful_properties:    0 # equilibrated_properties:   48 # exceptions:    0
2025-09-04 11:05:35,801 - openff.evaluator.client.client - INFO - 0c8fc9805c654f35b067bd1c6c878697 --- # queued_properties:   72 # estimated_properties:    0 # unsuccessful_properties:    0 # equilibrated_properties:   48 # exceptions:    0
2025-09-04 11:06:07,600 - openff.evaluator.client.client - INFO - 0c8fc9805c654f35b067bd1c6c878697 --- # queued_properties:   72 # estimated_properties:    0 # unsuccessful_properties:    0 # equilibrated_properties:   48 # exceptions:    0
2025-09-04 11:06:39,386 - openff.evaluator.client.client - INFO - 0c8fc9805c654f35b067bd1c6c878697 --- # queued_properties:   72 # estimated_properties:    0 # unsuccessful_properties:    0 # equilibrated_properties:   48 # exceptions:    0
2025-09-04 11:07:11,185 - openff.evaluator.client.client - INFO - 0c8fc9805c654f35b067bd1c6c878697 --- # queued_properties:   72 # estimated_properties:    0 # unsuccessful_properties:    0 # equilibrated_properties:   48 # exceptions:    0
2025-09-04 11:07:42,991 - openff.evaluator.client.client - INFO - 0c8fc9805c654f35b067bd1c6c878697 --- # queued_properties:   72 # estimated_properties:    0 # unsuccessful_properties:    0 # equilibrated_properties:   48 # exceptions:    0
2025-09-04 11:08:14,781 - openff.evaluator.client.client - INFO - 0c8fc9805c654f35b067bd1c6c878697 --- # queued_properties:   72 # estimated_properties:    0 # unsuccessful_properties:    0 # equilibrated_properties:   48 # exceptions:    0
2025-09-04 11:08:46,578 - openff.evaluator.client.client - INFO - 0c8fc9805c654f35b067bd1c6c878697 --- # queued_properties:   72 # estimated_properties:    0 # unsuccessful_properties:    0 # equilibrated_properties:   48 # exceptions:    0
2025-09-04 11:09:18,392 - openff.evaluator.client.client - INFO - 0c8fc9805c654f35b067bd1c6c878697 --- # queued_properties:   72 # estimated_properties:    0 # unsuccessful_properties:    0 # equilibrated_properties:   48 # exceptions:    0
2025-09-04 11:09:50,186 - openff.evaluator.client.client - INFO - 0c8fc9805c654f35b067bd1c6c878697 --- # queued_properties:   72 # estimated_properties:    0 # unsuccessful_properties:    0 # equilibrated_properties:   48 # exceptions:    0
2025-09-04 11:10:21,987 - openff.evaluator.client.client - INFO - 0c8fc9805c654f35b067bd1c6c878697 --- # queued_properties:   72 # estimated_properties:    0 # unsuccessful_properties:    0 # equilibrated_properties:   48 # exceptions:    0
2025-09-04 11:10:53,784 - openff.evaluator.client.client - INFO - 0c8fc9805c654f35b067bd1c6c878697 --- # queued_properties:   72 # estimated_properties:    0 # unsuccessful_properties:    0 # equilibrated_properties:   48 # exceptions:    0
2025-09-04 11:11:25,571 - openff.evaluator.client.client - INFO - 0c8fc9805c654f35b067bd1c6c878697 --- # queued_properties:   72 # estimated_properties:    0 # unsuccessful_properties:    0 # equilibrated_properties:   48 # exceptions:    0
2025-09-04 11:11:57,368 - openff.evaluator.client.client - INFO - 0c8fc9805c654f35b067bd1c6c878697 --- # queued_properties:   72 # estimated_properties:    0 # unsuccessful_properties:    0 # equilibrated_properties:   48 # exceptions:    0
2025-09-04 11:12:29,164 - openff.evaluator.client.client - INFO - 0c8fc9805c654f35b067bd1c6c878697 --- # queued_properties:   72 # estimated_properties:    0 # unsuccessful_properties:    0 # equilibrated_properties:   48 # exceptions:    0
2025-09-04 11:13:00,959 - openff.evaluator.client.client - INFO - 0c8fc9805c654f35b067bd1c6c878697 --- # queued_properties:   72 # estimated_properties:    0 # unsuccessful_properties:    0 # equilibrated_properties:   48 # exceptions:    0
2025-09-04 11:13:32,772 - openff.evaluator.client.client - INFO - 0c8fc9805c654f35b067bd1c6c878697 --- # queued_properties:   72 # estimated_properties:    0 # unsuccessful_properties:    0 # equilibrated_properties:   48 # exceptions:    0
2025-09-04 11:14:04,574 - openff.evaluator.client.client - INFO - 0c8fc9805c654f35b067bd1c6c878697 --- # queued_properties:   72 # estimated_properties:    0 # unsuccessful_properties:    0 # equilibrated_properties:   48 # exceptions:    0
2025-09-04 11:14:36,363 - openff.evaluator.client.client - INFO - 0c8fc9805c654f35b067bd1c6c878697 --- # queued_properties:   72 # estimated_properties:    0 # unsuccessful_properties:    0 # equilibrated_properties:   48 # exceptions:    0
2025-09-04 11:15:08,150 - openff.evaluator.client.client - INFO - 0c8fc9805c654f35b067bd1c6c878697 --- # queued_properties:   72 # estimated_properties:    0 # unsuccessful_properties:    0 # equilibrated_properties:   48 # exceptions:    0
2025-09-04 11:15:39,936 - openff.evaluator.client.client - INFO - 0c8fc9805c654f35b067bd1c6c878697 --- # queued_properties:   72 # estimated_properties:    0 # unsuccessful_properties:    0 # equilibrated_properties:   48 # exceptions:    0
2025-09-04 11:16:11,728 - openff.evaluator.client.client - INFO - 0c8fc9805c654f35b067bd1c6c878697 --- # queued_properties:   72 # estimated_properties:    0 # unsuccessful_properties:    0 # equilibrated_properties:   48 # exceptions:    0
2025-09-04 11:16:43,528 - openff.evaluator.client.client - INFO - 0c8fc9805c654f35b067bd1c6c878697 --- # queued_properties:   72 # estimated_properties:    0 # unsuccessful_properties:    0 # equilibrated_properties:   48 # exceptions:    0
2025-09-04 11:17:15,326 - openff.evaluator.client.client - INFO - 0c8fc9805c654f35b067bd1c6c878697 --- # queued_properties:   72 # estimated_properties:    0 # unsuccessful_properties:    0 # equilibrated_properties:   48 # exceptions:    0
2025-09-04 11:17:47,119 - openff.evaluator.client.client - INFO - 0c8fc9805c654f35b067bd1c6c878697 --- # queued_properties:   72 # estimated_properties:    0 # unsuccessful_properties:    0 # equilibrated_properties:   48 # exceptions:    0
2025-09-04 11:18:18,919 - openff.evaluator.client.client - INFO - 0c8fc9805c654f35b067bd1c6c878697 --- # queued_properties:   72 # estimated_properties:    0 # unsuccessful_properties:    0 # equilibrated_properties:   48 # exceptions:    0
2025-09-04 11:18:50,920 - openff.evaluator.client.client - INFO - 0c8fc9805c654f35b067bd1c6c878697 --- # queued_properties:   72 # estimated_properties:    0 # unsuccessful_properties:    0 # equilibrated_properties:   48 # exceptions:    0
2025-09-04 11:19:22,708 - openff.evaluator.client.client - INFO - 0c8fc9805c654f35b067bd1c6c878697 --- # queued_properties:   72 # estimated_properties:    0 # unsuccessful_properties:    0 # equilibrated_properties:   48 # exceptions:    0
2025-09-04 11:19:54,495 - openff.evaluator.client.client - INFO - 0c8fc9805c654f35b067bd1c6c878697 --- # queued_properties:   72 # estimated_properties:    0 # unsuccessful_properties:    0 # equilibrated_properties:   48 # exceptions:    0
2025-09-04 11:20:26,281 - openff.evaluator.client.client - INFO - 0c8fc9805c654f35b067bd1c6c878697 --- # queued_properties:   72 # estimated_properties:    0 # unsuccessful_properties:    0 # equilibrated_properties:   48 # exceptions:    0
2025-09-04 11:20:58,069 - openff.evaluator.client.client - INFO - 0c8fc9805c654f35b067bd1c6c878697 --- # queued_properties:   72 # estimated_properties:    0 # unsuccessful_properties:    0 # equilibrated_properties:   48 # exceptions:    0
2025-09-04 11:21:29,977 - openff.evaluator.client.client - INFO - 0c8fc9805c654f35b067bd1c6c878697 --- # queued_properties:   72 # estimated_properties:    0 # unsuccessful_properties:    0 # equilibrated_properties:   48 # exceptions:    0
2025-09-04 11:22:01,762 - openff.evaluator.client.client - INFO - 0c8fc9805c654f35b067bd1c6c878697 --- # queued_properties:   72 # estimated_properties:    0 # unsuccessful_properties:    0 # equilibrated_properties:   48 # exceptions:    0
2025-09-04 11:22:33,561 - openff.evaluator.client.client - INFO - 0c8fc9805c654f35b067bd1c6c878697 --- # queued_properties:   72 # estimated_properties:    0 # unsuccessful_properties:    0 # equilibrated_properties:   48 # exceptions:    0
2025-09-04 11:23:05,342 - openff.evaluator.client.client - INFO - 0c8fc9805c654f35b067bd1c6c878697 --- # queued_properties:   72 # estimated_properties:    0 # unsuccessful_properties:    0 # equilibrated_properties:   48 # exceptions:    0
2025-09-04 11:23:37,128 - openff.evaluator.client.client - INFO - 0c8fc9805c654f35b067bd1c6c878697 --- # queued_properties:   72 # estimated_properties:    0 # unsuccessful_properties:    0 # equilibrated_properties:   48 # exceptions:    0
2025-09-04 11:24:08,927 - openff.evaluator.client.client - INFO - 0c8fc9805c654f35b067bd1c6c878697 --- # queued_properties:   72 # estimated_properties:    0 # unsuccessful_properties:    0 # equilibrated_properties:   48 # exceptions:    0
2025-09-04 11:24:40,730 - openff.evaluator.client.client - INFO - 0c8fc9805c654f35b067bd1c6c878697 --- # queued_properties:   72 # estimated_properties:    0 # unsuccessful_properties:    0 # equilibrated_properties:   48 # exceptions:    0
2025-09-04 11:25:12,528 - openff.evaluator.client.client - INFO - 0c8fc9805c654f35b067bd1c6c878697 --- # queued_properties:   72 # estimated_properties:    0 # unsuccessful_properties:    0 # equilibrated_properties:   48 # exceptions:    0
2025-09-04 11:25:44,334 - openff.evaluator.client.client - INFO - 0c8fc9805c654f35b067bd1c6c878697 --- # queued_properties:   72 # estimated_properties:    0 # unsuccessful_properties:    0 # equilibrated_properties:   48 # exceptions:    0
2025-09-04 11:26:16,134 - openff.evaluator.client.client - INFO - 0c8fc9805c654f35b067bd1c6c878697 --- # queued_properties:   72 # estimated_properties:    0 # unsuccessful_properties:    0 # equilibrated_properties:   48 # exceptions:    0
2025-09-04 11:26:47,921 - openff.evaluator.client.client - INFO - 0c8fc9805c654f35b067bd1c6c878697 --- # queued_properties:   72 # estimated_properties:    0 # unsuccessful_properties:    0 # equilibrated_properties:   48 # exceptions:    0
2025-09-04 11:27:19,708 - openff.evaluator.client.client - INFO - 0c8fc9805c654f35b067bd1c6c878697 --- # queued_properties:   72 # estimated_properties:    0 # unsuccessful_properties:    0 # equilibrated_properties:   48 # exceptions:    0
2025-09-04 11:27:51,502 - openff.evaluator.client.client - INFO - 0c8fc9805c654f35b067bd1c6c878697 --- # queued_properties:   72 # estimated_properties:    0 # unsuccessful_properties:    0 # equilibrated_properties:   48 # exceptions:    0
2025-09-04 11:28:23,296 - openff.evaluator.client.client - INFO - 0c8fc9805c654f35b067bd1c6c878697 --- # queued_properties:   72 # estimated_properties:    0 # unsuccessful_properties:    0 # equilibrated_properties:   48 # exceptions:    0
2025-09-04 11:28:55,102 - openff.evaluator.client.client - INFO - 0c8fc9805c654f35b067bd1c6c878697 --- # queued_properties:   72 # estimated_properties:    0 # unsuccessful_properties:    0 # equilibrated_properties:   48 # exceptions:    0
2025-09-04 11:29:26,893 - openff.evaluator.client.client - INFO - 0c8fc9805c654f35b067bd1c6c878697 --- # queued_properties:   72 # estimated_properties:    0 # unsuccessful_properties:    0 # equilibrated_properties:   48 # exceptions:    0
2025-09-04 11:29:58,673 - openff.evaluator.client.client - INFO - 0c8fc9805c654f35b067bd1c6c878697 --- # queued_properties:   72 # estimated_properties:    0 # unsuccessful_properties:    0 # equilibrated_properties:   48 # exceptions:    0
2025-09-04 11:30:30,459 - openff.evaluator.client.client - INFO - 0c8fc9805c654f35b067bd1c6c878697 --- # queued_properties:   72 # estimated_properties:    0 # unsuccessful_properties:    0 # equilibrated_properties:   48 # exceptions:    0
2025-09-04 11:31:02,263 - openff.evaluator.client.client - INFO - 0c8fc9805c654f35b067bd1c6c878697 --- # queued_properties:   72 # estimated_properties:    0 # unsuccessful_properties:    0 # equilibrated_properties:   48 # exceptions:    0
2025-09-04 11:31:34,049 - openff.evaluator.client.client - INFO - 0c8fc9805c654f35b067bd1c6c878697 --- # queued_properties:   72 # estimated_properties:    0 # unsuccessful_properties:    0 # equilibrated_properties:   48 # exceptions:    0
2025-09-04 11:32:05,842 - openff.evaluator.client.client - INFO - 0c8fc9805c654f35b067bd1c6c878697 --- # queued_properties:   72 # estimated_properties:    0 # unsuccessful_properties:    0 # equilibrated_properties:   48 # exceptions:    0
2025-09-04 11:32:37,661 - openff.evaluator.client.client - INFO - 0c8fc9805c654f35b067bd1c6c878697 --- # queued_properties:   72 # estimated_properties:    0 # unsuccessful_properties:    0 # equilibrated_properties:   48 # exceptions:    0
2025-09-04 11:33:09,465 - openff.evaluator.client.client - INFO - 0c8fc9805c654f35b067bd1c6c878697 --- # queued_properties:   72 # estimated_properties:    0 # unsuccessful_properties:    0 # equilibrated_properties:   48 # exceptions:    0
2025-09-04 11:33:41,252 - openff.evaluator.client.client - INFO - 0c8fc9805c654f35b067bd1c6c878697 --- # queued_properties:   72 # estimated_properties:    0 # unsuccessful_properties:    0 # equilibrated_properties:   48 # exceptions:    0
2025-09-04 11:34:13,043 - openff.evaluator.client.client - INFO - 0c8fc9805c654f35b067bd1c6c878697 --- # queued_properties:   72 # estimated_properties:    0 # unsuccessful_properties:    0 # equilibrated_properties:   48 # exceptions:    0
2025-09-04 11:34:44,825 - openff.evaluator.client.client - INFO - 0c8fc9805c654f35b067bd1c6c878697 --- # queued_properties:   72 # estimated_properties:    0 # unsuccessful_properties:    0 # equilibrated_properties:   48 # exceptions:    0
2025-09-04 11:35:16,624 - openff.evaluator.client.client - INFO - 0c8fc9805c654f35b067bd1c6c878697 --- # queued_properties:   72 # estimated_properties:    0 # unsuccessful_properties:    0 # equilibrated_properties:   48 # exceptions:    0
2025-09-04 11:35:48,424 - openff.evaluator.client.client - INFO - 0c8fc9805c654f35b067bd1c6c878697 --- # queued_properties:   72 # estimated_properties:    0 # unsuccessful_properties:    0 # equilibrated_properties:   48 # exceptions:    0
2025-09-04 11:36:20,225 - openff.evaluator.client.client - INFO - 0c8fc9805c654f35b067bd1c6c878697 --- # queued_properties:   72 # estimated_properties:    0 # unsuccessful_properties:    0 # equilibrated_properties:   48 # exceptions:    0
2025-09-04 11:36:52,209 - openff.evaluator.client.client - INFO - 0c8fc9805c654f35b067bd1c6c878697 --- # queued_properties:   72 # estimated_properties:    0 # unsuccessful_properties:    0 # equilibrated_properties:   48 # exceptions:    0
2025-09-04 11:37:24,008 - openff.evaluator.client.client - INFO - 0c8fc9805c654f35b067bd1c6c878697 --- # queued_properties:   72 # estimated_properties:    0 # unsuccessful_properties:    0 # equilibrated_properties:   48 # exceptions:    0
2025-09-04 11:37:55,795 - openff.evaluator.client.client - INFO - 0c8fc9805c654f35b067bd1c6c878697 --- # queued_properties:   72 # estimated_properties:    0 # unsuccessful_properties:    0 # equilibrated_properties:   48 # exceptions:    0
2025-09-04 11:38:27,616 - openff.evaluator.client.client - INFO - 0c8fc9805c654f35b067bd1c6c878697 --- # queued_properties:   72 # estimated_properties:    0 # unsuccessful_properties:    0 # equilibrated_properties:   48 # exceptions:    0
2025-09-04 11:38:59,409 - openff.evaluator.client.client - INFO - 0c8fc9805c654f35b067bd1c6c878697 --- # queued_properties:   72 # estimated_properties:    0 # unsuccessful_properties:    0 # equilibrated_properties:   48 # exceptions:    0
2025-09-04 11:39:31,217 - openff.evaluator.client.client - INFO - 0c8fc9805c654f35b067bd1c6c878697 --- # queued_properties:   72 # estimated_properties:    0 # unsuccessful_properties:    0 # equilibrated_properties:   48 # exceptions:    0
2025-09-04 11:40:03,013 - openff.evaluator.client.client - INFO - 0c8fc9805c654f35b067bd1c6c878697 --- # queued_properties:   72 # estimated_properties:    0 # unsuccessful_properties:    0 # equilibrated_properties:   48 # exceptions:    0
2025-09-04 11:40:34,797 - openff.evaluator.client.client - INFO - 0c8fc9805c654f35b067bd1c6c878697 --- # queued_properties:   72 # estimated_properties:    0 # unsuccessful_properties:    0 # equilibrated_properties:   48 # exceptions:    0
2025-09-04 11:41:06,578 - openff.evaluator.client.client - INFO - 0c8fc9805c654f35b067bd1c6c878697 --- # queued_properties:   72 # estimated_properties:    0 # unsuccessful_properties:    0 # equilibrated_properties:   48 # exceptions:    0
2025-09-04 11:41:38,353 - openff.evaluator.client.client - INFO - 0c8fc9805c654f35b067bd1c6c878697 --- # queued_properties:   72 # estimated_properties:    0 # unsuccessful_properties:    0 # equilibrated_properties:   48 # exceptions:    0
2025-09-04 11:42:10,162 - openff.evaluator.client.client - INFO - 0c8fc9805c654f35b067bd1c6c878697 --- # queued_properties:   72 # estimated_properties:    0 # unsuccessful_properties:    0 # equilibrated_properties:   48 # exceptions:    0
2025-09-04 11:42:41,962 - openff.evaluator.client.client - INFO - 0c8fc9805c654f35b067bd1c6c878697 --- # queued_properties:   72 # estimated_properties:    0 # unsuccessful_properties:    0 # equilibrated_properties:   48 # exceptions:    0
2025-09-04 11:43:13,759 - openff.evaluator.client.client - INFO - 0c8fc9805c654f35b067bd1c6c878697 --- # queued_properties:   72 # estimated_properties:    0 # unsuccessful_properties:    0 # equilibrated_properties:   48 # exceptions:    0
2025-09-04 11:43:45,666 - openff.evaluator.client.client - INFO - 0c8fc9805c654f35b067bd1c6c878697 --- # queued_properties:   72 # estimated_properties:    0 # unsuccessful_properties:    0 # equilibrated_properties:   48 # exceptions:    0
2025-09-04 11:44:17,455 - openff.evaluator.client.client - INFO - 0c8fc9805c654f35b067bd1c6c878697 --- # queued_properties:   72 # estimated_properties:    0 # unsuccessful_properties:    0 # equilibrated_properties:   48 # exceptions:    0
2025-09-04 11:44:49,248 - openff.evaluator.client.client - INFO - 0c8fc9805c654f35b067bd1c6c878697 --- # queued_properties:   72 # estimated_properties:    0 # unsuccessful_properties:    0 # equilibrated_properties:   48 # exceptions:    0
2025-09-04 11:45:21,052 - openff.evaluator.client.client - INFO - 0c8fc9805c654f35b067bd1c6c878697 --- # queued_properties:   72 # estimated_properties:    0 # unsuccessful_properties:    0 # equilibrated_properties:   48 # exceptions:    0
2025-09-04 11:45:52,844 - openff.evaluator.client.client - INFO - 0c8fc9805c654f35b067bd1c6c878697 --- # queued_properties:   72 # estimated_properties:    0 # unsuccessful_properties:    0 # equilibrated_properties:   48 # exceptions:    0
2025-09-04 11:46:24,637 - openff.evaluator.client.client - INFO - 0c8fc9805c654f35b067bd1c6c878697 --- # queued_properties:   72 # estimated_properties:    0 # unsuccessful_properties:    0 # equilibrated_properties:   48 # exceptions:    0
2025-09-04 11:46:56,436 - openff.evaluator.client.client - INFO - 0c8fc9805c654f35b067bd1c6c878697 --- # queued_properties:   72 # estimated_properties:    0 # unsuccessful_properties:    0 # equilibrated_properties:   48 # exceptions:    0
2025-09-04 11:47:28,229 - openff.evaluator.client.client - INFO - 0c8fc9805c654f35b067bd1c6c878697 --- # queued_properties:   72 # estimated_properties:    0 # unsuccessful_properties:    0 # equilibrated_properties:   48 # exceptions:    0
2025-09-04 11:48:00,037 - openff.evaluator.client.client - INFO - 0c8fc9805c654f35b067bd1c6c878697 --- # queued_properties:   72 # estimated_properties:    0 # unsuccessful_properties:    0 # equilibrated_properties:   48 # exceptions:    0
2025-09-04 11:48:31,836 - openff.evaluator.client.client - INFO - 0c8fc9805c654f35b067bd1c6c878697 --- # queued_properties:   72 # estimated_properties:    0 # unsuccessful_properties:    0 # equilibrated_properties:   48 # exceptions:    0
2025-09-04 11:49:03,651 - openff.evaluator.client.client - INFO - 0c8fc9805c654f35b067bd1c6c878697 --- # queued_properties:   72 # estimated_properties:    0 # unsuccessful_properties:    0 # equilibrated_properties:   48 # exceptions:    0
2025-09-04 11:49:35,440 - openff.evaluator.client.client - INFO - 0c8fc9805c654f35b067bd1c6c878697 --- # queued_properties:   72 # estimated_properties:    0 # unsuccessful_properties:    0 # equilibrated_properties:   48 # exceptions:    0
2025-09-04 11:50:07,228 - openff.evaluator.client.client - INFO - 0c8fc9805c654f35b067bd1c6c878697 --- # queued_properties:   72 # estimated_properties:    0 # unsuccessful_properties:    0 # equilibrated_properties:   48 # exceptions:    0
2025-09-04 11:50:39,018 - openff.evaluator.client.client - INFO - 0c8fc9805c654f35b067bd1c6c878697 --- # queued_properties:   72 # estimated_properties:    0 # unsuccessful_properties:    0 # equilibrated_properties:   48 # exceptions:    0
2025-09-04 11:51:10,800 - openff.evaluator.client.client - INFO - 0c8fc9805c654f35b067bd1c6c878697 --- # queued_properties:   72 # estimated_properties:    0 # unsuccessful_properties:    0 # equilibrated_properties:   48 # exceptions:    0
2025-09-04 11:51:42,595 - openff.evaluator.client.client - INFO - 0c8fc9805c654f35b067bd1c6c878697 --- # queued_properties:   72 # estimated_properties:    0 # unsuccessful_properties:    0 # equilibrated_properties:   48 # exceptions:    0
2025-09-04 11:52:14,383 - openff.evaluator.client.client - INFO - 0c8fc9805c654f35b067bd1c6c878697 --- # queued_properties:   72 # estimated_properties:    0 # unsuccessful_properties:    0 # equilibrated_properties:   48 # exceptions:    0
2025-09-04 11:52:46,186 - openff.evaluator.client.client - INFO - 0c8fc9805c654f35b067bd1c6c878697 --- # queued_properties:   72 # estimated_properties:    0 # unsuccessful_properties:    0 # equilibrated_properties:   48 # exceptions:    0
2025-09-04 11:53:17,981 - openff.evaluator.client.client - INFO - 0c8fc9805c654f35b067bd1c6c878697 --- # queued_properties:   72 # estimated_properties:    0 # unsuccessful_properties:    0 # equilibrated_properties:   48 # exceptions:    0
2025-09-04 11:53:49,766 - openff.evaluator.client.client - INFO - 0c8fc9805c654f35b067bd1c6c878697 --- # queued_properties:   72 # estimated_properties:    0 # unsuccessful_properties:    0 # equilibrated_properties:   48 # exceptions:    0
2025-09-04 11:54:21,765 - openff.evaluator.client.client - INFO - 0c8fc9805c654f35b067bd1c6c878697 --- # queued_properties:   72 # estimated_properties:    0 # unsuccessful_properties:    0 # equilibrated_properties:   48 # exceptions:    0
2025-09-04 11:54:53,554 - openff.evaluator.client.client - INFO - 0c8fc9805c654f35b067bd1c6c878697 --- # queued_properties:   72 # estimated_properties:    0 # unsuccessful_properties:    0 # equilibrated_properties:   48 # exceptions:    0
2025-09-04 11:55:25,349 - openff.evaluator.client.client - INFO - 0c8fc9805c654f35b067bd1c6c878697 --- # queued_properties:   72 # estimated_properties:    0 # unsuccessful_properties:    0 # equilibrated_properties:   48 # exceptions:    0
2025-09-04 11:55:57,153 - openff.evaluator.client.client - INFO - 0c8fc9805c654f35b067bd1c6c878697 --- # queued_properties:   72 # estimated_properties:    0 # unsuccessful_properties:    0 # equilibrated_properties:   48 # exceptions:    0
2025-09-04 11:56:28,941 - openff.evaluator.client.client - INFO - 0c8fc9805c654f35b067bd1c6c878697 --- # queued_properties:   72 # estimated_properties:    0 # unsuccessful_properties:    0 # equilibrated_properties:   48 # exceptions:    0
2025-09-04 11:57:00,734 - openff.evaluator.client.client - INFO - 0c8fc9805c654f35b067bd1c6c878697 --- # queued_properties:   72 # estimated_properties:    0 # unsuccessful_properties:    0 # equilibrated_properties:   48 # exceptions:    0
2025-09-04 11:57:32,528 - openff.evaluator.client.client - INFO - 0c8fc9805c654f35b067bd1c6c878697 --- # queued_properties:   72 # estimated_properties:    0 # unsuccessful_properties:    0 # equilibrated_properties:   48 # exceptions:    0
2025-09-04 11:58:04,332 - openff.evaluator.client.client - INFO - 0c8fc9805c654f35b067bd1c6c878697 --- # queued_properties:   72 # estimated_properties:    0 # unsuccessful_properties:    0 # equilibrated_properties:   48 # exceptions:    0
2025-09-04 11:58:36,139 - openff.evaluator.client.client - INFO - 0c8fc9805c654f35b067bd1c6c878697 --- # queued_properties:   72 # estimated_properties:    0 # unsuccessful_properties:    0 # equilibrated_properties:   48 # exceptions:    0
2025-09-04 11:59:07,934 - openff.evaluator.client.client - INFO - 0c8fc9805c654f35b067bd1c6c878697 --- # queued_properties:   72 # estimated_properties:    0 # unsuccessful_properties:    0 # equilibrated_properties:   48 # exceptions:    0
2025-09-04 11:59:39,726 - openff.evaluator.client.client - INFO - 0c8fc9805c654f35b067bd1c6c878697 --- # queued_properties:   72 # estimated_properties:    0 # unsuccessful_properties:    0 # equilibrated_properties:   48 # exceptions:    0
2025-09-04 12:00:11,526 - openff.evaluator.client.client - INFO - 0c8fc9805c654f35b067bd1c6c878697 --- # queued_properties:   72 # estimated_properties:    0 # unsuccessful_properties:    0 # equilibrated_properties:   48 # exceptions:    0
2025-09-04 12:00:43,319 - openff.evaluator.client.client - INFO - 0c8fc9805c654f35b067bd1c6c878697 --- # queued_properties:   72 # estimated_properties:    0 # unsuccessful_properties:    0 # equilibrated_properties:   48 # exceptions:    0
2025-09-04 12:01:15,116 - openff.evaluator.client.client - INFO - 0c8fc9805c654f35b067bd1c6c878697 --- # queued_properties:   72 # estimated_properties:    0 # unsuccessful_properties:    0 # equilibrated_properties:   48 # exceptions:    0
2025-09-04 12:01:46,926 - openff.evaluator.client.client - INFO - 0c8fc9805c654f35b067bd1c6c878697 --- # queued_properties:   72 # estimated_properties:    0 # unsuccessful_properties:    0 # equilibrated_properties:   48 # exceptions:    0
2025-09-04 12:02:18,723 - openff.evaluator.client.client - INFO - 0c8fc9805c654f35b067bd1c6c878697 --- # queued_properties:   72 # estimated_properties:    0 # unsuccessful_properties:    0 # equilibrated_properties:   48 # exceptions:    0
2025-09-04 12:02:50,524 - openff.evaluator.client.client - INFO - 0c8fc9805c654f35b067bd1c6c878697 --- # queued_properties:   72 # estimated_properties:    0 # unsuccessful_properties:    0 # equilibrated_properties:   48 # exceptions:    0
2025-09-04 12:03:22,302 - openff.evaluator.client.client - INFO - 0c8fc9805c654f35b067bd1c6c878697 --- # queued_properties:   72 # estimated_properties:    0 # unsuccessful_properties:    0 # equilibrated_properties:   48 # exceptions:    0
2025-09-04 12:03:54,103 - openff.evaluator.client.client - INFO - 0c8fc9805c654f35b067bd1c6c878697 --- # queued_properties:   72 # estimated_properties:    0 # unsuccessful_properties:    0 # equilibrated_properties:   48 # exceptions:    0
2025-09-04 12:04:25,889 - openff.evaluator.client.client - INFO - 0c8fc9805c654f35b067bd1c6c878697 --- # queued_properties:   72 # estimated_properties:    0 # unsuccessful_properties:    0 # equilibrated_properties:   48 # exceptions:    0
2025-09-04 12:04:57,681 - openff.evaluator.client.client - INFO - 0c8fc9805c654f35b067bd1c6c878697 --- # queued_properties:   72 # estimated_properties:    0 # unsuccessful_properties:    0 # equilibrated_properties:   48 # exceptions:    0
2025-09-04 12:05:29,478 - openff.evaluator.client.client - INFO - 0c8fc9805c654f35b067bd1c6c878697 --- # queued_properties:   72 # estimated_properties:    0 # unsuccessful_properties:    0 # equilibrated_properties:   48 # exceptions:    0
2025-09-04 12:06:01,292 - openff.evaluator.client.client - INFO - 0c8fc9805c654f35b067bd1c6c878697 --- # queued_properties:   72 # estimated_properties:    0 # unsuccessful_properties:    0 # equilibrated_properties:   48 # exceptions:    0
2025-09-04 12:06:33,088 - openff.evaluator.client.client - INFO - 0c8fc9805c654f35b067bd1c6c878697 --- # queued_properties:   72 # estimated_properties:    0 # unsuccessful_properties:    0 # equilibrated_properties:   48 # exceptions:    0
2025-09-04 12:07:04,884 - openff.evaluator.client.client - INFO - 0c8fc9805c654f35b067bd1c6c878697 --- # queued_properties:   72 # estimated_properties:    0 # unsuccessful_properties:    0 # equilibrated_properties:   48 # exceptions:    0
2025-09-04 12:07:36,674 - openff.evaluator.client.client - INFO - 0c8fc9805c654f35b067bd1c6c878697 --- # queued_properties:   72 # estimated_properties:    0 # unsuccessful_properties:    0 # equilibrated_properties:   48 # exceptions:    0
2025-09-04 12:08:08,475 - openff.evaluator.client.client - INFO - 0c8fc9805c654f35b067bd1c6c878697 --- # queued_properties:   72 # estimated_properties:    0 # unsuccessful_properties:    0 # equilibrated_properties:   48 # exceptions:    0
2025-09-04 12:08:40,273 - openff.evaluator.client.client - INFO - 0c8fc9805c654f35b067bd1c6c878697 --- # queued_properties:   72 # estimated_properties:    0 # unsuccessful_properties:    0 # equilibrated_properties:   48 # exceptions:    0
2025-09-04 12:09:12,072 - openff.evaluator.client.client - INFO - 0c8fc9805c654f35b067bd1c6c878697 --- # queued_properties:   72 # estimated_properties:    0 # unsuccessful_properties:    0 # equilibrated_properties:   48 # exceptions:    0
2025-09-04 12:09:43,873 - openff.evaluator.client.client - INFO - 0c8fc9805c654f35b067bd1c6c878697 --- # queued_properties:   72 # estimated_properties:    0 # unsuccessful_properties:    0 # equilibrated_properties:   48 # exceptions:    0
2025-09-04 12:10:15,669 - openff.evaluator.client.client - INFO - 0c8fc9805c654f35b067bd1c6c878697 --- # queued_properties:   72 # estimated_properties:    0 # unsuccessful_properties:    0 # equilibrated_properties:   48 # exceptions:    0
2025-09-04 12:10:47,479 - openff.evaluator.client.client - INFO - 0c8fc9805c654f35b067bd1c6c878697 --- # queued_properties:   72 # estimated_properties:    0 # unsuccessful_properties:    0 # equilibrated_properties:   48 # exceptions:    0
2025-09-04 12:11:19,289 - openff.evaluator.client.client - INFO - 0c8fc9805c654f35b067bd1c6c878697 --- # queued_properties:   72 # estimated_properties:    0 # unsuccessful_properties:    0 # equilibrated_properties:   48 # exceptions:    0
2025-09-04 12:11:51,326 - openff.evaluator.client.client - INFO - 0c8fc9805c654f35b067bd1c6c878697 --- # queued_properties:   72 # estimated_properties:    0 # unsuccessful_properties:    0 # equilibrated_properties:   48 # exceptions:    0
2025-09-04 12:12:23,135 - openff.evaluator.client.client - INFO - 0c8fc9805c654f35b067bd1c6c878697 --- # queued_properties:   72 # estimated_properties:    0 # unsuccessful_properties:    0 # equilibrated_properties:   48 # exceptions:    0
2025-09-04 12:12:54,933 - openff.evaluator.client.client - INFO - 0c8fc9805c654f35b067bd1c6c878697 --- # queued_properties:   72 # estimated_properties:    0 # unsuccessful_properties:    0 # equilibrated_properties:   48 # exceptions:    0
2025-09-04 12:13:26,725 - openff.evaluator.client.client - INFO - 0c8fc9805c654f35b067bd1c6c878697 --- # queued_properties:   72 # estimated_properties:    0 # unsuccessful_properties:    0 # equilibrated_properties:   48 # exceptions:    0
2025-09-04 12:13:58,509 - openff.evaluator.client.client - INFO - 0c8fc9805c654f35b067bd1c6c878697 --- # queued_properties:   72 # estimated_properties:    0 # unsuccessful_properties:    0 # equilibrated_properties:   48 # exceptions:    0
2025-09-04 12:14:30,301 - openff.evaluator.client.client - INFO - 0c8fc9805c654f35b067bd1c6c878697 --- # queued_properties:   72 # estimated_properties:    0 # unsuccessful_properties:    0 # equilibrated_properties:   48 # exceptions:    0
2025-09-04 12:15:02,092 - openff.evaluator.client.client - INFO - 0c8fc9805c654f35b067bd1c6c878697 --- # queued_properties:   72 # estimated_properties:    0 # unsuccessful_properties:    0 # equilibrated_properties:   48 # exceptions:    0
2025-09-04 12:15:33,895 - openff.evaluator.client.client - INFO - 0c8fc9805c654f35b067bd1c6c878697 --- # queued_properties:   72 # estimated_properties:    0 # unsuccessful_properties:    0 # equilibrated_properties:   48 # exceptions:    0
2025-09-04 12:16:05,696 - openff.evaluator.client.client - INFO - 0c8fc9805c654f35b067bd1c6c878697 --- # queued_properties:   72 # estimated_properties:    0 # unsuccessful_properties:    0 # equilibrated_properties:   48 # exceptions:    0
2025-09-04 12:16:37,487 - openff.evaluator.client.client - INFO - 0c8fc9805c654f35b067bd1c6c878697 --- # queued_properties:   72 # estimated_properties:    0 # unsuccessful_properties:    0 # equilibrated_properties:   48 # exceptions:    0
2025-09-04 12:17:09,282 - openff.evaluator.client.client - INFO - 0c8fc9805c654f35b067bd1c6c878697 --- # queued_properties:   72 # estimated_properties:    0 # unsuccessful_properties:    0 # equilibrated_properties:   48 # exceptions:    0
2025-09-04 12:17:41,102 - openff.evaluator.client.client - INFO - 0c8fc9805c654f35b067bd1c6c878697 --- # queued_properties:   72 # estimated_properties:    0 # unsuccessful_properties:    0 # equilibrated_properties:   48 # exceptions:    0
2025-09-04 12:18:12,889 - openff.evaluator.client.client - INFO - 0c8fc9805c654f35b067bd1c6c878697 --- # queued_properties:   72 # estimated_properties:    0 # unsuccessful_properties:    0 # equilibrated_properties:   48 # exceptions:    0
2025-09-04 12:18:44,686 - openff.evaluator.client.client - INFO - 0c8fc9805c654f35b067bd1c6c878697 --- # queued_properties:   72 # estimated_properties:    0 # unsuccessful_properties:    0 # equilibrated_properties:   48 # exceptions:    0
2025-09-04 12:19:16,472 - openff.evaluator.client.client - INFO - 0c8fc9805c654f35b067bd1c6c878697 --- # queued_properties:   72 # estimated_properties:    0 # unsuccessful_properties:    0 # equilibrated_properties:   48 # exceptions:    0
2025-09-04 12:19:48,277 - openff.evaluator.client.client - INFO - 0c8fc9805c654f35b067bd1c6c878697 --- # queued_properties:   72 # estimated_properties:    0 # unsuccessful_properties:    0 # equilibrated_properties:   48 # exceptions:    0
2025-09-04 12:20:20,075 - openff.evaluator.client.client - INFO - 0c8fc9805c654f35b067bd1c6c878697 --- # queued_properties:   72 # estimated_properties:    0 # unsuccessful_properties:    0 # equilibrated_properties:   48 # exceptions:    0
2025-09-04 12:20:51,872 - openff.evaluator.client.client - INFO - 0c8fc9805c654f35b067bd1c6c878697 --- # queued_properties:   72 # estimated_properties:    0 # unsuccessful_properties:    0 # equilibrated_properties:   48 # exceptions:    0
2025-09-04 12:21:23,661 - openff.evaluator.client.client - INFO - 0c8fc9805c654f35b067bd1c6c878697 --- # queued_properties:   72 # estimated_properties:    0 # unsuccessful_properties:    0 # equilibrated_properties:   48 # exceptions:    0
2025-09-04 12:21:55,449 - openff.evaluator.client.client - INFO - 0c8fc9805c654f35b067bd1c6c878697 --- # queued_properties:   72 # estimated_properties:    0 # unsuccessful_properties:    0 # equilibrated_properties:   48 # exceptions:    0
2025-09-04 12:22:27,254 - openff.evaluator.client.client - INFO - 0c8fc9805c654f35b067bd1c6c878697 --- # queued_properties:   72 # estimated_properties:    0 # unsuccessful_properties:    0 # equilibrated_properties:   48 # exceptions:    0
2025-09-04 12:22:59,045 - openff.evaluator.client.client - INFO - 0c8fc9805c654f35b067bd1c6c878697 --- # queued_properties:   72 # estimated_properties:    0 # unsuccessful_properties:    0 # equilibrated_properties:   48 # exceptions:    0
2025-09-04 12:23:30,846 - openff.evaluator.client.client - INFO - 0c8fc9805c654f35b067bd1c6c878697 --- # queued_properties:   72 # estimated_properties:    0 # unsuccessful_properties:    0 # equilibrated_properties:   48 # exceptions:    0
2025-09-04 12:24:02,635 - openff.evaluator.client.client - INFO - 0c8fc9805c654f35b067bd1c6c878697 --- # queued_properties:   72 # estimated_properties:    0 # unsuccessful_properties:    0 # equilibrated_properties:   48 # exceptions:    0
2025-09-04 12:24:34,420 - openff.evaluator.client.client - INFO - 0c8fc9805c654f35b067bd1c6c878697 --- # queued_properties:   72 # estimated_properties:    0 # unsuccessful_properties:    0 # equilibrated_properties:   48 # exceptions:    0
2025-09-04 12:25:06,204 - openff.evaluator.client.client - INFO - 0c8fc9805c654f35b067bd1c6c878697 --- # queued_properties:   72 # estimated_properties:    0 # unsuccessful_properties:    0 # equilibrated_properties:   48 # exceptions:    0
2025-09-04 12:25:38,006 - openff.evaluator.client.client - INFO - 0c8fc9805c654f35b067bd1c6c878697 --- # queued_properties:   72 # estimated_properties:    0 # unsuccessful_properties:    0 # equilibrated_properties:   48 # exceptions:    0
2025-09-04 12:26:09,789 - openff.evaluator.client.client - INFO - 0c8fc9805c654f35b067bd1c6c878697 --- # queued_properties:   72 # estimated_properties:    0 # unsuccessful_properties:    0 # equilibrated_properties:   48 # exceptions:    0
2025-09-04 12:26:41,589 - openff.evaluator.client.client - INFO - 0c8fc9805c654f35b067bd1c6c878697 --- # queued_properties:   72 # estimated_properties:    0 # unsuccessful_properties:    0 # equilibrated_properties:   48 # exceptions:    0
2025-09-04 12:27:13,371 - openff.evaluator.client.client - INFO - 0c8fc9805c654f35b067bd1c6c878697 --- # queued_properties:   72 # estimated_properties:    0 # unsuccessful_properties:    0 # equilibrated_properties:   48 # exceptions:    0
2025-09-04 12:27:45,159 - openff.evaluator.client.client - INFO - 0c8fc9805c654f35b067bd1c6c878697 --- # queued_properties:   72 # estimated_properties:    0 # unsuccessful_properties:    0 # equilibrated_properties:   48 # exceptions:    0
2025-09-04 12:28:16,941 - openff.evaluator.client.client - INFO - 0c8fc9805c654f35b067bd1c6c878697 --- # queued_properties:   72 # estimated_properties:    0 # unsuccessful_properties:    0 # equilibrated_properties:   48 # exceptions:    0
2025-09-04 12:28:48,736 - openff.evaluator.client.client - INFO - 0c8fc9805c654f35b067bd1c6c878697 --- # queued_properties:   72 # estimated_properties:    0 # unsuccessful_properties:    0 # equilibrated_properties:   48 # exceptions:    0
2025-09-04 12:29:20,755 - openff.evaluator.client.client - INFO - 0c8fc9805c654f35b067bd1c6c878697 --- # queued_properties:   72 # estimated_properties:    0 # unsuccessful_properties:    0 # equilibrated_properties:   48 # exceptions:    0
2025-09-04 12:29:52,566 - openff.evaluator.client.client - INFO - 0c8fc9805c654f35b067bd1c6c878697 --- # queued_properties:   72 # estimated_properties:    0 # unsuccessful_properties:    0 # equilibrated_properties:   48 # exceptions:    0
2025-09-04 12:30:24,357 - openff.evaluator.client.client - INFO - 0c8fc9805c654f35b067bd1c6c878697 --- # queued_properties:   72 # estimated_properties:    0 # unsuccessful_properties:    0 # equilibrated_properties:   48 # exceptions:    0
2025-09-04 12:30:56,161 - openff.evaluator.client.client - INFO - 0c8fc9805c654f35b067bd1c6c878697 --- # queued_properties:   72 # estimated_properties:    0 # unsuccessful_properties:    0 # equilibrated_properties:   48 # exceptions:    0
2025-09-04 12:31:27,945 - openff.evaluator.client.client - INFO - 0c8fc9805c654f35b067bd1c6c878697 --- # queued_properties:   72 # estimated_properties:    0 # unsuccessful_properties:    0 # equilibrated_properties:   48 # exceptions:    0
2025-09-04 12:31:59,744 - openff.evaluator.client.client - INFO - 0c8fc9805c654f35b067bd1c6c878697 --- # queued_properties:   72 # estimated_properties:    0 # unsuccessful_properties:    0 # equilibrated_properties:   48 # exceptions:    0
2025-09-04 12:32:31,539 - openff.evaluator.client.client - INFO - 0c8fc9805c654f35b067bd1c6c878697 --- # queued_properties:   72 # estimated_properties:    0 # unsuccessful_properties:    0 # equilibrated_properties:   48 # exceptions:    0
2025-09-04 12:33:03,329 - openff.evaluator.client.client - INFO - 0c8fc9805c654f35b067bd1c6c878697 --- # queued_properties:   72 # estimated_properties:    0 # unsuccessful_properties:    0 # equilibrated_properties:   48 # exceptions:    0
2025-09-04 12:33:35,106 - openff.evaluator.client.client - INFO - 0c8fc9805c654f35b067bd1c6c878697 --- # queued_properties:   72 # estimated_properties:    0 # unsuccessful_properties:    0 # equilibrated_properties:   48 # exceptions:    0
2025-09-04 12:34:06,910 - openff.evaluator.client.client - INFO - 0c8fc9805c654f35b067bd1c6c878697 --- # queued_properties:   72 # estimated_properties:    0 # unsuccessful_properties:    0 # equilibrated_properties:   48 # exceptions:    0
2025-09-04 12:34:38,710 - openff.evaluator.client.client - INFO - 0c8fc9805c654f35b067bd1c6c878697 --- # queued_properties:   72 # estimated_properties:    0 # unsuccessful_properties:    0 # equilibrated_properties:   48 # exceptions:    0
2025-09-04 12:35:10,510 - openff.evaluator.client.client - INFO - 0c8fc9805c654f35b067bd1c6c878697 --- # queued_properties:   72 # estimated_properties:    0 # unsuccessful_properties:    0 # equilibrated_properties:   48 # exceptions:    0
2025-09-04 12:35:42,308 - openff.evaluator.client.client - INFO - 0c8fc9805c654f35b067bd1c6c878697 --- # queued_properties:   72 # estimated_properties:    0 # unsuccessful_properties:    0 # equilibrated_properties:   48 # exceptions:    0
2025-09-04 12:36:14,097 - openff.evaluator.client.client - INFO - 0c8fc9805c654f35b067bd1c6c878697 --- # queued_properties:   72 # estimated_properties:    0 # unsuccessful_properties:    0 # equilibrated_properties:   48 # exceptions:    0
2025-09-04 12:36:45,881 - openff.evaluator.client.client - INFO - 0c8fc9805c654f35b067bd1c6c878697 --- # queued_properties:   72 # estimated_properties:    0 # unsuccessful_properties:    0 # equilibrated_properties:   48 # exceptions:    0
2025-09-04 12:37:17,672 - openff.evaluator.client.client - INFO - 0c8fc9805c654f35b067bd1c6c878697 --- # queued_properties:   72 # estimated_properties:    0 # unsuccessful_properties:    0 # equilibrated_properties:   48 # exceptions:    0
2025-09-04 12:37:49,470 - openff.evaluator.client.client - INFO - 0c8fc9805c654f35b067bd1c6c878697 --- # queued_properties:   72 # estimated_properties:    0 # unsuccessful_properties:    0 # equilibrated_properties:   48 # exceptions:    0
2025-09-04 12:38:21,269 - openff.evaluator.client.client - INFO - 0c8fc9805c654f35b067bd1c6c878697 --- # queued_properties:   72 # estimated_properties:    0 # unsuccessful_properties:    0 # equilibrated_properties:   48 # exceptions:    0
2025-09-04 12:38:53,059 - openff.evaluator.client.client - INFO - 0c8fc9805c654f35b067bd1c6c878697 --- # queued_properties:   72 # estimated_properties:    0 # unsuccessful_properties:    0 # equilibrated_properties:   48 # exceptions:    0
2025-09-04 12:39:24,844 - openff.evaluator.client.client - INFO - 0c8fc9805c654f35b067bd1c6c878697 --- # queued_properties:   72 # estimated_properties:    0 # unsuccessful_properties:    0 # equilibrated_properties:   48 # exceptions:    0
2025-09-04 12:39:56,631 - openff.evaluator.client.client - INFO - 0c8fc9805c654f35b067bd1c6c878697 --- # queued_properties:   72 # estimated_properties:    0 # unsuccessful_properties:    0 # equilibrated_properties:   48 # exceptions:    0
2025-09-04 12:40:28,427 - openff.evaluator.client.client - INFO - 0c8fc9805c654f35b067bd1c6c878697 --- # queued_properties:   72 # estimated_properties:    0 # unsuccessful_properties:    0 # equilibrated_properties:   48 # exceptions:    0
2025-09-04 12:41:00,242 - openff.evaluator.client.client - INFO - 0c8fc9805c654f35b067bd1c6c878697 --- # queued_properties:   72 # estimated_properties:    0 # unsuccessful_properties:    0 # equilibrated_properties:   48 # exceptions:    0
2025-09-04 12:41:32,038 - openff.evaluator.client.client - INFO - 0c8fc9805c654f35b067bd1c6c878697 --- # queued_properties:   72 # estimated_properties:    0 # unsuccessful_properties:    0 # equilibrated_properties:   48 # exceptions:    0
2025-09-04 12:42:03,835 - openff.evaluator.client.client - INFO - 0c8fc9805c654f35b067bd1c6c878697 --- # queued_properties:   72 # estimated_properties:    0 # unsuccessful_properties:    0 # equilibrated_properties:   48 # exceptions:    0
2025-09-04 12:42:35,618 - openff.evaluator.client.client - INFO - 0c8fc9805c654f35b067bd1c6c878697 --- # queued_properties:   72 # estimated_properties:    0 # unsuccessful_properties:    0 # equilibrated_properties:   48 # exceptions:    0
2025-09-04 12:43:07,407 - openff.evaluator.client.client - INFO - 0c8fc9805c654f35b067bd1c6c878697 --- # queued_properties:   72 # estimated_properties:    0 # unsuccessful_properties:    0 # equilibrated_properties:   48 # exceptions:    0
2025-09-04 12:43:39,198 - openff.evaluator.client.client - INFO - 0c8fc9805c654f35b067bd1c6c878697 --- # queued_properties:   72 # estimated_properties:    0 # unsuccessful_properties:    0 # equilibrated_properties:   48 # exceptions:    0
2025-09-04 12:44:10,991 - openff.evaluator.client.client - INFO - 0c8fc9805c654f35b067bd1c6c878697 --- # queued_properties:   72 # estimated_properties:    0 # unsuccessful_properties:    0 # equilibrated_properties:   48 # exceptions:    0
2025-09-04 12:44:42,777 - openff.evaluator.client.client - INFO - 0c8fc9805c654f35b067bd1c6c878697 --- # queued_properties:   72 # estimated_properties:    0 # unsuccessful_properties:    0 # equilibrated_properties:   48 # exceptions:    0
2025-09-04 12:45:14,581 - openff.evaluator.client.client - INFO - 0c8fc9805c654f35b067bd1c6c878697 --- # queued_properties:   72 # estimated_properties:    0 # unsuccessful_properties:    0 # equilibrated_properties:   48 # exceptions:    0
2025-09-04 12:45:46,367 - openff.evaluator.client.client - INFO - 0c8fc9805c654f35b067bd1c6c878697 --- # queued_properties:   72 # estimated_properties:    0 # unsuccessful_properties:    0 # equilibrated_properties:   48 # exceptions:    0
2025-09-04 12:46:18,173 - openff.evaluator.client.client - INFO - 0c8fc9805c654f35b067bd1c6c878697 --- # queued_properties:   72 # estimated_properties:    0 # unsuccessful_properties:    0 # equilibrated_properties:   48 # exceptions:    0
2025-09-04 12:46:50,160 - openff.evaluator.client.client - INFO - 0c8fc9805c654f35b067bd1c6c878697 --- # queued_properties:   72 # estimated_properties:    0 # unsuccessful_properties:    0 # equilibrated_properties:   48 # exceptions:    0
2025-09-04 12:47:21,951 - openff.evaluator.client.client - INFO - 0c8fc9805c654f35b067bd1c6c878697 --- # queued_properties:   72 # estimated_properties:    0 # unsuccessful_properties:    0 # equilibrated_properties:   48 # exceptions:    0
2025-09-04 12:47:53,750 - openff.evaluator.client.client - INFO - 0c8fc9805c654f35b067bd1c6c878697 --- # queued_properties:   72 # estimated_properties:    0 # unsuccessful_properties:    0 # equilibrated_properties:   48 # exceptions:    0
2025-09-04 12:48:25,541 - openff.evaluator.client.client - INFO - 0c8fc9805c654f35b067bd1c6c878697 --- # queued_properties:   72 # estimated_properties:    0 # unsuccessful_properties:    0 # equilibrated_properties:   48 # exceptions:    0
2025-09-04 12:48:57,324 - openff.evaluator.client.client - INFO - 0c8fc9805c654f35b067bd1c6c878697 --- # queued_properties:   72 # estimated_properties:    0 # unsuccessful_properties:    0 # equilibrated_properties:   48 # exceptions:    0
2025-09-04 12:49:29,124 - openff.evaluator.client.client - INFO - 0c8fc9805c654f35b067bd1c6c878697 --- # queued_properties:   72 # estimated_properties:    0 # unsuccessful_properties:    0 # equilibrated_properties:   48 # exceptions:    0
2025-09-04 12:50:00,911 - openff.evaluator.client.client - INFO - 0c8fc9805c654f35b067bd1c6c878697 --- # queued_properties:   72 # estimated_properties:    0 # unsuccessful_properties:    0 # equilibrated_properties:   48 # exceptions:    0
2025-09-04 12:50:32,700 - openff.evaluator.client.client - INFO - 0c8fc9805c654f35b067bd1c6c878697 --- # queued_properties:   72 # estimated_properties:    0 # unsuccessful_properties:    0 # equilibrated_properties:   48 # exceptions:    0
2025-09-04 12:51:04,502 - openff.evaluator.client.client - INFO - 0c8fc9805c654f35b067bd1c6c878697 --- # queued_properties:   72 # estimated_properties:    0 # unsuccessful_properties:    0 # equilibrated_properties:   48 # exceptions:    0
2025-09-04 12:51:36,294 - openff.evaluator.client.client - INFO - 0c8fc9805c654f35b067bd1c6c878697 --- # queued_properties:   72 # estimated_properties:    0 # unsuccessful_properties:    0 # equilibrated_properties:   48 # exceptions:    0
2025-09-04 12:52:08,088 - openff.evaluator.client.client - INFO - 0c8fc9805c654f35b067bd1c6c878697 --- # queued_properties:   72 # estimated_properties:    0 # unsuccessful_properties:    0 # equilibrated_properties:   48 # exceptions:    0
2025-09-04 12:52:39,887 - openff.evaluator.client.client - INFO - 0c8fc9805c654f35b067bd1c6c878697 --- # queued_properties:   72 # estimated_properties:    0 # unsuccessful_properties:    0 # equilibrated_properties:   48 # exceptions:    0
2025-09-04 12:53:11,690 - openff.evaluator.client.client - INFO - 0c8fc9805c654f35b067bd1c6c878697 --- # queued_properties:   72 # estimated_properties:    0 # unsuccessful_properties:    0 # equilibrated_properties:   48 # exceptions:    0
2025-09-04 12:53:43,485 - openff.evaluator.client.client - INFO - 0c8fc9805c654f35b067bd1c6c878697 --- # queued_properties:   72 # estimated_properties:    0 # unsuccessful_properties:    0 # equilibrated_properties:   48 # exceptions:    0
2025-09-04 12:54:15,289 - openff.evaluator.client.client - INFO - 0c8fc9805c654f35b067bd1c6c878697 --- # queued_properties:   72 # estimated_properties:    0 # unsuccessful_properties:    0 # equilibrated_properties:   48 # exceptions:    0
2025-09-04 12:54:47,081 - openff.evaluator.client.client - INFO - 0c8fc9805c654f35b067bd1c6c878697 --- # queued_properties:   72 # estimated_properties:    0 # unsuccessful_properties:    0 # equilibrated_properties:   48 # exceptions:    0
2025-09-04 12:55:18,879 - openff.evaluator.client.client - INFO - 0c8fc9805c654f35b067bd1c6c878697 --- # queued_properties:   72 # estimated_properties:    0 # unsuccessful_properties:    0 # equilibrated_properties:   48 # exceptions:    0
2025-09-04 12:55:50,676 - openff.evaluator.client.client - INFO - 0c8fc9805c654f35b067bd1c6c878697 --- # queued_properties:   72 # estimated_properties:    0 # unsuccessful_properties:    0 # equilibrated_properties:   48 # exceptions:    0
2025-09-04 12:56:22,461 - openff.evaluator.client.client - INFO - 0c8fc9805c654f35b067bd1c6c878697 --- # queued_properties:   72 # estimated_properties:    0 # unsuccessful_properties:    0 # equilibrated_properties:   48 # exceptions:    0
2025-09-04 12:56:54,263 - openff.evaluator.client.client - INFO - 0c8fc9805c654f35b067bd1c6c878697 --- # queued_properties:   72 # estimated_properties:    0 # unsuccessful_properties:    0 # equilibrated_properties:   48 # exceptions:    0
2025-09-04 12:57:26,069 - openff.evaluator.client.client - INFO - 0c8fc9805c654f35b067bd1c6c878697 --- # queued_properties:   72 # estimated_properties:    0 # unsuccessful_properties:    0 # equilibrated_properties:   48 # exceptions:    0
2025-09-04 12:57:57,854 - openff.evaluator.client.client - INFO - 0c8fc9805c654f35b067bd1c6c878697 --- # queued_properties:   72 # estimated_properties:    0 # unsuccessful_properties:    0 # equilibrated_properties:   48 # exceptions:    0
2025-09-04 12:58:29,646 - openff.evaluator.client.client - INFO - 0c8fc9805c654f35b067bd1c6c878697 --- # queued_properties:   72 # estimated_properties:    0 # unsuccessful_properties:    0 # equilibrated_properties:   48 # exceptions:    0
2025-09-04 12:59:01,439 - openff.evaluator.client.client - INFO - 0c8fc9805c654f35b067bd1c6c878697 --- # queued_properties:   72 # estimated_properties:    0 # unsuccessful_properties:    0 # equilibrated_properties:   48 # exceptions:    0
2025-09-04 12:59:33,230 - openff.evaluator.client.client - INFO - 0c8fc9805c654f35b067bd1c6c878697 --- # queued_properties:   72 # estimated_properties:    0 # unsuccessful_properties:    0 # equilibrated_properties:   48 # exceptions:    0
2025-09-04 13:00:05,033 - openff.evaluator.client.client - INFO - 0c8fc9805c654f35b067bd1c6c878697 --- # queued_properties:   72 # estimated_properties:    0 # unsuccessful_properties:    0 # equilibrated_properties:   48 # exceptions:    0
2025-09-04 13:00:36,827 - openff.evaluator.client.client - INFO - 0c8fc9805c654f35b067bd1c6c878697 --- # queued_properties:   72 # estimated_properties:    0 # unsuccessful_properties:    0 # equilibrated_properties:   48 # exceptions:    0
2025-09-04 13:01:08,620 - openff.evaluator.client.client - INFO - 0c8fc9805c654f35b067bd1c6c878697 --- # queued_properties:   72 # estimated_properties:    0 # unsuccessful_properties:    0 # equilibrated_properties:   48 # exceptions:    0
2025-09-04 13:01:40,413 - openff.evaluator.client.client - INFO - 0c8fc9805c654f35b067bd1c6c878697 --- # queued_properties:   72 # estimated_properties:    0 # unsuccessful_properties:    0 # equilibrated_properties:   48 # exceptions:    0
2025-09-04 13:02:12,206 - openff.evaluator.client.client - INFO - 0c8fc9805c654f35b067bd1c6c878697 --- # queued_properties:   72 # estimated_properties:    0 # unsuccessful_properties:    0 # equilibrated_properties:   48 # exceptions:    0
2025-09-04 13:02:44,011 - openff.evaluator.client.client - INFO - 0c8fc9805c654f35b067bd1c6c878697 --- # queued_properties:   72 # estimated_properties:    0 # unsuccessful_properties:    0 # equilibrated_properties:   48 # exceptions:    0
2025-09-04 13:03:15,793 - openff.evaluator.client.client - INFO - 0c8fc9805c654f35b067bd1c6c878697 --- # queued_properties:   72 # estimated_properties:    0 # unsuccessful_properties:    0 # equilibrated_properties:   48 # exceptions:    0
2025-09-04 13:03:47,579 - openff.evaluator.client.client - INFO - 0c8fc9805c654f35b067bd1c6c878697 --- # queued_properties:   72 # estimated_properties:    0 # unsuccessful_properties:    0 # equilibrated_properties:   48 # exceptions:    0
2025-09-04 13:04:19,568 - openff.evaluator.client.client - INFO - 0c8fc9805c654f35b067bd1c6c878697 --- # queued_properties:   72 # estimated_properties:    0 # unsuccessful_properties:    0 # equilibrated_properties:   48 # exceptions:    0
2025-09-04 13:04:51,352 - openff.evaluator.client.client - INFO - 0c8fc9805c654f35b067bd1c6c878697 --- # queued_properties:   72 # estimated_properties:    0 # unsuccessful_properties:    0 # equilibrated_properties:   48 # exceptions:    0
2025-09-04 13:05:23,151 - openff.evaluator.client.client - INFO - 0c8fc9805c654f35b067bd1c6c878697 --- # queued_properties:   72 # estimated_properties:    0 # unsuccessful_properties:    0 # equilibrated_properties:   48 # exceptions:    0
2025-09-04 13:05:54,951 - openff.evaluator.client.client - INFO - 0c8fc9805c654f35b067bd1c6c878697 --- # queued_properties:   72 # estimated_properties:    0 # unsuccessful_properties:    0 # equilibrated_properties:   48 # exceptions:    0
2025-09-04 13:06:26,747 - openff.evaluator.client.client - INFO - 0c8fc9805c654f35b067bd1c6c878697 --- # queued_properties:   72 # estimated_properties:    0 # unsuccessful_properties:    0 # equilibrated_properties:   48 # exceptions:    0
2025-09-04 13:06:58,548 - openff.evaluator.client.client - INFO - 0c8fc9805c654f35b067bd1c6c878697 --- # queued_properties:   72 # estimated_properties:    0 # unsuccessful_properties:    0 # equilibrated_properties:   48 # exceptions:    0
2025-09-04 13:07:30,332 - openff.evaluator.client.client - INFO - 0c8fc9805c654f35b067bd1c6c878697 --- # queued_properties:   72 # estimated_properties:    0 # unsuccessful_properties:    0 # equilibrated_properties:   48 # exceptions:    0
2025-09-04 13:08:02,130 - openff.evaluator.client.client - INFO - 0c8fc9805c654f35b067bd1c6c878697 --- # queued_properties:   72 # estimated_properties:    0 # unsuccessful_properties:    0 # equilibrated_properties:   48 # exceptions:    0
2025-09-04 13:08:33,937 - openff.evaluator.client.client - INFO - 0c8fc9805c654f35b067bd1c6c878697 --- # queued_properties:   72 # estimated_properties:    0 # unsuccessful_properties:    0 # equilibrated_properties:   48 # exceptions:    0
2025-09-04 13:09:05,721 - openff.evaluator.client.client - INFO - 0c8fc9805c654f35b067bd1c6c878697 --- # queued_properties:   72 # estimated_properties:    0 # unsuccessful_properties:    0 # equilibrated_properties:   48 # exceptions:    0
2025-09-04 13:09:37,512 - openff.evaluator.client.client - INFO - 0c8fc9805c654f35b067bd1c6c878697 --- # queued_properties:   72 # estimated_properties:    0 # unsuccessful_properties:    0 # equilibrated_properties:   48 # exceptions:    0
2025-09-04 13:10:09,321 - openff.evaluator.client.client - INFO - 0c8fc9805c654f35b067bd1c6c878697 --- # queued_properties:   72 # estimated_properties:    0 # unsuccessful_properties:    0 # equilibrated_properties:   48 # exceptions:    0
2025-09-04 13:10:41,117 - openff.evaluator.client.client - INFO - 0c8fc9805c654f35b067bd1c6c878697 --- # queued_properties:   72 # estimated_properties:    0 # unsuccessful_properties:    0 # equilibrated_properties:   48 # exceptions:    0
2025-09-04 13:11:12,911 - openff.evaluator.client.client - INFO - 0c8fc9805c654f35b067bd1c6c878697 --- # queued_properties:   72 # estimated_properties:    0 # unsuccessful_properties:    0 # equilibrated_properties:   48 # exceptions:    0
2025-09-04 13:11:44,711 - openff.evaluator.client.client - INFO - 0c8fc9805c654f35b067bd1c6c878697 --- # queued_properties:   72 # estimated_properties:    0 # unsuccessful_properties:    0 # equilibrated_properties:   48 # exceptions:    0
2025-09-04 13:12:16,500 - openff.evaluator.client.client - INFO - 0c8fc9805c654f35b067bd1c6c878697 --- # queued_properties:   72 # estimated_properties:    0 # unsuccessful_properties:    0 # equilibrated_properties:   48 # exceptions:    0
2025-09-04 13:12:48,300 - openff.evaluator.client.client - INFO - 0c8fc9805c654f35b067bd1c6c878697 --- # queued_properties:   72 # estimated_properties:    0 # unsuccessful_properties:    0 # equilibrated_properties:   48 # exceptions:    0
2025-09-04 13:13:20,092 - openff.evaluator.client.client - INFO - 0c8fc9805c654f35b067bd1c6c878697 --- # queued_properties:   72 # estimated_properties:    0 # unsuccessful_properties:    0 # equilibrated_properties:   48 # exceptions:    0
2025-09-04 13:13:51,912 - openff.evaluator.client.client - INFO - 0c8fc9805c654f35b067bd1c6c878697 --- # queued_properties:   72 # estimated_properties:    0 # unsuccessful_properties:    0 # equilibrated_properties:   48 # exceptions:    0
2025-09-04 13:14:23,722 - openff.evaluator.client.client - INFO - 0c8fc9805c654f35b067bd1c6c878697 --- # queued_properties:   72 # estimated_properties:    0 # unsuccessful_properties:    0 # equilibrated_properties:   48 # exceptions:    0
2025-09-04 13:14:55,515 - openff.evaluator.client.client - INFO - 0c8fc9805c654f35b067bd1c6c878697 --- # queued_properties:   72 # estimated_properties:    0 # unsuccessful_properties:    0 # equilibrated_properties:   48 # exceptions:    0
2025-09-04 13:15:27,299 - openff.evaluator.client.client - INFO - 0c8fc9805c654f35b067bd1c6c878697 --- # queued_properties:   72 # estimated_properties:    0 # unsuccessful_properties:    0 # equilibrated_properties:   48 # exceptions:    0
2025-09-04 13:15:59,091 - openff.evaluator.client.client - INFO - 0c8fc9805c654f35b067bd1c6c878697 --- # queued_properties:   72 # estimated_properties:    0 # unsuccessful_properties:    0 # equilibrated_properties:   48 # exceptions:    0
2025-09-04 13:16:30,878 - openff.evaluator.client.client - INFO - 0c8fc9805c654f35b067bd1c6c878697 --- # queued_properties:   72 # estimated_properties:    0 # unsuccessful_properties:    0 # equilibrated_properties:   48 # exceptions:    0
2025-09-04 13:17:02,664 - openff.evaluator.client.client - INFO - 0c8fc9805c654f35b067bd1c6c878697 --- # queued_properties:   72 # estimated_properties:    0 # unsuccessful_properties:    0 # equilibrated_properties:   48 # exceptions:    0
2025-09-04 13:17:34,445 - openff.evaluator.client.client - INFO - 0c8fc9805c654f35b067bd1c6c878697 --- # queued_properties:   72 # estimated_properties:    0 # unsuccessful_properties:    0 # equilibrated_properties:   48 # exceptions:    0
2025-09-04 13:18:06,238 - openff.evaluator.client.client - INFO - 0c8fc9805c654f35b067bd1c6c878697 --- # queued_properties:   72 # estimated_properties:    0 # unsuccessful_properties:    0 # equilibrated_properties:   48 # exceptions:    0
2025-09-04 13:18:38,031 - openff.evaluator.client.client - INFO - 0c8fc9805c654f35b067bd1c6c878697 --- # queued_properties:   72 # estimated_properties:    0 # unsuccessful_properties:    0 # equilibrated_properties:   48 # exceptions:    0
2025-09-04 13:19:09,824 - openff.evaluator.client.client - INFO - 0c8fc9805c654f35b067bd1c6c878697 --- # queued_properties:   72 # estimated_properties:    0 # unsuccessful_properties:    0 # equilibrated_properties:   48 # exceptions:    0
2025-09-04 13:19:41,615 - openff.evaluator.client.client - INFO - 0c8fc9805c654f35b067bd1c6c878697 --- # queued_properties:   72 # estimated_properties:    0 # unsuccessful_properties:    0 # equilibrated_properties:   48 # exceptions:    0
2025-09-04 13:20:13,419 - openff.evaluator.client.client - INFO - 0c8fc9805c654f35b067bd1c6c878697 --- # queued_properties:   72 # estimated_properties:    0 # unsuccessful_properties:    0 # equilibrated_properties:   48 # exceptions:    0
2025-09-04 13:20:45,214 - openff.evaluator.client.client - INFO - 0c8fc9805c654f35b067bd1c6c878697 --- # queued_properties:   72 # estimated_properties:    0 # unsuccessful_properties:    0 # equilibrated_properties:   48 # exceptions:    0
2025-09-04 13:21:17,009 - openff.evaluator.client.client - INFO - 0c8fc9805c654f35b067bd1c6c878697 --- # queued_properties:   72 # estimated_properties:    0 # unsuccessful_properties:    0 # equilibrated_properties:   48 # exceptions:    0
2025-09-04 13:21:49,005 - openff.evaluator.client.client - INFO - 0c8fc9805c654f35b067bd1c6c878697 --- # queued_properties:   72 # estimated_properties:    0 # unsuccessful_properties:    0 # equilibrated_properties:   48 # exceptions:    0
2025-09-04 13:22:20,836 - openff.evaluator.client.client - INFO - 0c8fc9805c654f35b067bd1c6c878697 --- # queued_properties:   72 # estimated_properties:    0 # unsuccessful_properties:    0 # equilibrated_properties:   48 # exceptions:    0
2025-09-04 13:22:52,622 - openff.evaluator.client.client - INFO - 0c8fc9805c654f35b067bd1c6c878697 --- # queued_properties:   72 # estimated_properties:    0 # unsuccessful_properties:    0 # equilibrated_properties:   48 # exceptions:    0
2025-09-04 13:23:24,410 - openff.evaluator.client.client - INFO - 0c8fc9805c654f35b067bd1c6c878697 --- # queued_properties:   72 # estimated_properties:    0 # unsuccessful_properties:    0 # equilibrated_properties:   48 # exceptions:    0
2025-09-04 13:23:56,202 - openff.evaluator.client.client - INFO - 0c8fc9805c654f35b067bd1c6c878697 --- # queued_properties:   72 # estimated_properties:    0 # unsuccessful_properties:    0 # equilibrated_properties:   48 # exceptions:    0
2025-09-04 13:24:27,999 - openff.evaluator.client.client - INFO - 0c8fc9805c654f35b067bd1c6c878697 --- # queued_properties:   72 # estimated_properties:    0 # unsuccessful_properties:    0 # equilibrated_properties:   48 # exceptions:    0
2025-09-04 13:24:59,795 - openff.evaluator.client.client - INFO - 0c8fc9805c654f35b067bd1c6c878697 --- # queued_properties:   72 # estimated_properties:    0 # unsuccessful_properties:    0 # equilibrated_properties:   48 # exceptions:    0
2025-09-04 13:25:31,583 - openff.evaluator.client.client - INFO - 0c8fc9805c654f35b067bd1c6c878697 --- # queued_properties:   72 # estimated_properties:    0 # unsuccessful_properties:    0 # equilibrated_properties:   48 # exceptions:    0
2025-09-04 13:26:03,364 - openff.evaluator.client.client - INFO - 0c8fc9805c654f35b067bd1c6c878697 --- # queued_properties:   72 # estimated_properties:    0 # unsuccessful_properties:    0 # equilibrated_properties:   48 # exceptions:    0
2025-09-04 13:26:35,160 - openff.evaluator.client.client - INFO - 0c8fc9805c654f35b067bd1c6c878697 --- # queued_properties:   72 # estimated_properties:    0 # unsuccessful_properties:    0 # equilibrated_properties:   48 # exceptions:    0
2025-09-04 13:27:06,963 - openff.evaluator.client.client - INFO - 0c8fc9805c654f35b067bd1c6c878697 --- # queued_properties:   72 # estimated_properties:    0 # unsuccessful_properties:    0 # equilibrated_properties:   48 # exceptions:    0
2025-09-04 13:27:38,762 - openff.evaluator.client.client - INFO - 0c8fc9805c654f35b067bd1c6c878697 --- # queued_properties:   72 # estimated_properties:    0 # unsuccessful_properties:    0 # equilibrated_properties:   48 # exceptions:    0
2025-09-04 13:28:10,584 - openff.evaluator.client.client - INFO - 0c8fc9805c654f35b067bd1c6c878697 --- # queued_properties:   72 # estimated_properties:    0 # unsuccessful_properties:    0 # equilibrated_properties:   48 # exceptions:    0
2025-09-04 13:28:42,364 - openff.evaluator.client.client - INFO - 0c8fc9805c654f35b067bd1c6c878697 --- # queued_properties:   72 # estimated_properties:    0 # unsuccessful_properties:    0 # equilibrated_properties:   48 # exceptions:    0
2025-09-04 13:29:14,160 - openff.evaluator.client.client - INFO - 0c8fc9805c654f35b067bd1c6c878697 --- # queued_properties:   72 # estimated_properties:    0 # unsuccessful_properties:    0 # equilibrated_properties:   48 # exceptions:    0
2025-09-04 13:29:45,944 - openff.evaluator.client.client - INFO - 0c8fc9805c654f35b067bd1c6c878697 --- # queued_properties:   72 # estimated_properties:    0 # unsuccessful_properties:    0 # equilibrated_properties:   48 # exceptions:    0
2025-09-04 13:30:17,751 - openff.evaluator.client.client - INFO - 0c8fc9805c654f35b067bd1c6c878697 --- # queued_properties:   72 # estimated_properties:    0 # unsuccessful_properties:    0 # equilibrated_properties:   48 # exceptions:    0
2025-09-04 13:30:49,527 - openff.evaluator.client.client - INFO - 0c8fc9805c654f35b067bd1c6c878697 --- # queued_properties:   72 # estimated_properties:    0 # unsuccessful_properties:    0 # equilibrated_properties:   48 # exceptions:    0
2025-09-04 13:31:21,326 - openff.evaluator.client.client - INFO - 0c8fc9805c654f35b067bd1c6c878697 --- # queued_properties:   72 # estimated_properties:    0 # unsuccessful_properties:    0 # equilibrated_properties:   48 # exceptions:    0
2025-09-04 13:31:53,119 - openff.evaluator.client.client - INFO - 0c8fc9805c654f35b067bd1c6c878697 --- # queued_properties:   72 # estimated_properties:    0 # unsuccessful_properties:    0 # equilibrated_properties:   48 # exceptions:    0
2025-09-04 13:32:24,913 - openff.evaluator.client.client - INFO - 0c8fc9805c654f35b067bd1c6c878697 --- # queued_properties:   72 # estimated_properties:    0 # unsuccessful_properties:    0 # equilibrated_properties:   48 # exceptions:    0
2025-09-04 13:32:56,713 - openff.evaluator.client.client - INFO - 0c8fc9805c654f35b067bd1c6c878697 --- # queued_properties:   72 # estimated_properties:    0 # unsuccessful_properties:    0 # equilibrated_properties:   48 # exceptions:    0
2025-09-04 13:33:28,504 - openff.evaluator.client.client - INFO - 0c8fc9805c654f35b067bd1c6c878697 --- # queued_properties:   72 # estimated_properties:    0 # unsuccessful_properties:    0 # equilibrated_properties:   48 # exceptions:    0
/dfs9/dmobley-lab/mattt2/micromamba/envs/n-vdw-split/lib/python3.12/site-packages/dask_jobqueue/core.py:285: FutureWarning: env_extra has been renamed to job_script_prologue. You are still using it (even if only set to []; please also check config files). If you did not set job_script_prologue yet, env_extra will be respected for now, but it will be removed in a future release. If you already set job_script_prologue, env_extra is ignored and you can remove it.
  warnings.warn(warn, FutureWarning)
/dfs9/dmobley-lab/mattt2/micromamba/envs/n-vdw-split/lib/python3.12/site-packages/dask_jobqueue/slurm.py:55: FutureWarning: project has been renamed to account as this kwarg was used wit -A option. You are still using it (please also check config files). If you did not set account yet, project will be respected for now, but it will be removed in a future release. If you already set account, project is ignored and you can remove it.
  warnings.warn(warn, FutureWarning)
2025-09-04 13:34:00,313 - openff.evaluator.client.client - INFO - 0c8fc9805c654f35b067bd1c6c878697 --- # queued_properties:   72 # estimated_properties:    0 # unsuccessful_properties:    0 # equilibrated_properties:   48 # exceptions:    0
/dfs9/dmobley-lab/mattt2/micromamba/envs/n-vdw-split/lib/python3.12/site-packages/dask_jobqueue/core.py:285: FutureWarning: env_extra has been renamed to job_script_prologue. You are still using it (even if only set to []; please also check config files). If you did not set job_script_prologue yet, env_extra will be respected for now, but it will be removed in a future release. If you already set job_script_prologue, env_extra is ignored and you can remove it.
  warnings.warn(warn, FutureWarning)
/dfs9/dmobley-lab/mattt2/micromamba/envs/n-vdw-split/lib/python3.12/site-packages/dask_jobqueue/slurm.py:55: FutureWarning: project has been renamed to account as this kwarg was used wit -A option. You are still using it (please also check config files). If you did not set account yet, project will be respected for now, but it will be removed in a future release. If you already set account, project is ignored and you can remove it.
  warnings.warn(warn, FutureWarning)
2025-09-04 13:34:32,116 - openff.evaluator.client.client - INFO - 0c8fc9805c654f35b067bd1c6c878697 --- # queued_properties:   72 # estimated_properties:    0 # unsuccessful_properties:    0 # equilibrated_properties:   48 # exceptions:    0
2025-09-04 13:35:03,900 - openff.evaluator.client.client - INFO - 0c8fc9805c654f35b067bd1c6c878697 --- # queued_properties:   72 # estimated_properties:    0 # unsuccessful_properties:    0 # equilibrated_properties:   48 # exceptions:    0
2025-09-04 13:35:35,674 - openff.evaluator.client.client - INFO - 0c8fc9805c654f35b067bd1c6c878697 --- # queued_properties:   72 # estimated_properties:    0 # unsuccessful_properties:    0 # equilibrated_properties:   48 # exceptions:    0
/dfs9/dmobley-lab/mattt2/micromamba/envs/n-vdw-split/lib/python3.12/site-packages/dask_jobqueue/core.py:285: FutureWarning: env_extra has been renamed to job_script_prologue. You are still using it (even if only set to []; please also check config files). If you did not set job_script_prologue yet, env_extra will be respected for now, but it will be removed in a future release. If you already set job_script_prologue, env_extra is ignored and you can remove it.
  warnings.warn(warn, FutureWarning)
/dfs9/dmobley-lab/mattt2/micromamba/envs/n-vdw-split/lib/python3.12/site-packages/dask_jobqueue/slurm.py:55: FutureWarning: project has been renamed to account as this kwarg was used wit -A option. You are still using it (please also check config files). If you did not set account yet, project will be respected for now, but it will be removed in a future release. If you already set account, project is ignored and you can remove it.
  warnings.warn(warn, FutureWarning)
/dfs9/dmobley-lab/mattt2/micromamba/envs/n-vdw-split/lib/python3.12/site-packages/dask_jobqueue/core.py:285: FutureWarning: env_extra has been renamed to job_script_prologue. You are still using it (even if only set to []; please also check config files). If you did not set job_script_prologue yet, env_extra will be respected for now, but it will be removed in a future release. If you already set job_script_prologue, env_extra is ignored and you can remove it.
  warnings.warn(warn, FutureWarning)
/dfs9/dmobley-lab/mattt2/micromamba/envs/n-vdw-split/lib/python3.12/site-packages/dask_jobqueue/slurm.py:55: FutureWarning: project has been renamed to account as this kwarg was used wit -A option. You are still using it (please also check config files). If you did not set account yet, project will be respected for now, but it will be removed in a future release. If you already set account, project is ignored and you can remove it.
  warnings.warn(warn, FutureWarning)
2025-09-04 13:36:07,471 - openff.evaluator.client.client - INFO - 0c8fc9805c654f35b067bd1c6c878697 --- # queued_properties:   72 # estimated_properties:    0 # unsuccessful_properties:    0 # equilibrated_properties:   48 # exceptions:    0
2025-09-04 13:36:39,333 - openff.evaluator.client.client - INFO - 0c8fc9805c654f35b067bd1c6c878697 --- # queued_properties:   72 # estimated_properties:    0 # unsuccessful_properties:    0 # equilibrated_properties:   48 # exceptions:    0
2025-09-04 13:37:11,122 - openff.evaluator.client.client - INFO - 0c8fc9805c654f35b067bd1c6c878697 --- # queued_properties:   72 # estimated_properties:    0 # unsuccessful_properties:    0 # equilibrated_properties:   48 # exceptions:    0
2025-09-04 13:37:27,010 - openff.evaluator.server.server - INFO - Finished server request 96fa7811f5754a3987b7fe1554942947
2025-09-04 13:37:43,126 - openff.evaluator.client.client - INFO - 0c8fc9805c654f35b067bd1c6c878697 --- # queued_properties:   48 # estimated_properties:    0 # unsuccessful_properties:    0 # equilibrated_properties:   72 # exceptions:    0
2025-09-04 13:38:14,919 - openff.evaluator.client.client - INFO - 0c8fc9805c654f35b067bd1c6c878697 --- # queued_properties:   48 # estimated_properties:    0 # unsuccessful_properties:    0 # equilibrated_properties:   72 # exceptions:    0
2025-09-04 13:38:46,717 - openff.evaluator.client.client - INFO - 0c8fc9805c654f35b067bd1c6c878697 --- # queued_properties:   48 # estimated_properties:    0 # unsuccessful_properties:    0 # equilibrated_properties:   72 # exceptions:    0
2025-09-04 13:39:18,523 - openff.evaluator.client.client - INFO - 0c8fc9805c654f35b067bd1c6c878697 --- # queued_properties:   48 # estimated_properties:    0 # unsuccessful_properties:    0 # equilibrated_properties:   72 # exceptions:    0
2025-09-04 13:39:50,305 - openff.evaluator.client.client - INFO - 0c8fc9805c654f35b067bd1c6c878697 --- # queued_properties:   48 # estimated_properties:    0 # unsuccessful_properties:    0 # equilibrated_properties:   72 # exceptions:    0
2025-09-04 13:40:22,127 - openff.evaluator.client.client - INFO - 0c8fc9805c654f35b067bd1c6c878697 --- # queued_properties:   48 # estimated_properties:    0 # unsuccessful_properties:    0 # equilibrated_properties:   72 # exceptions:    0
2025-09-04 13:40:53,918 - openff.evaluator.client.client - INFO - 0c8fc9805c654f35b067bd1c6c878697 --- # queued_properties:   48 # estimated_properties:    0 # unsuccessful_properties:    0 # equilibrated_properties:   72 # exceptions:    0
2025-09-04 13:41:25,751 - openff.evaluator.client.client - INFO - 0c8fc9805c654f35b067bd1c6c878697 --- # queued_properties:   48 # estimated_properties:    0 # unsuccessful_properties:    0 # equilibrated_properties:   72 # exceptions:    0
2025-09-04 13:41:57,590 - openff.evaluator.client.client - INFO - 0c8fc9805c654f35b067bd1c6c878697 --- # queued_properties:   48 # estimated_properties:    0 # unsuccessful_properties:    0 # equilibrated_properties:   72 # exceptions:    0
2025-09-04 13:42:29,391 - openff.evaluator.client.client - INFO - 0c8fc9805c654f35b067bd1c6c878697 --- # queued_properties:   48 # estimated_properties:    0 # unsuccessful_properties:    0 # equilibrated_properties:   72 # exceptions:    0
2025-09-04 13:43:01,232 - openff.evaluator.client.client - INFO - 0c8fc9805c654f35b067bd1c6c878697 --- # queued_properties:   48 # estimated_properties:    0 # unsuccessful_properties:    0 # equilibrated_properties:   72 # exceptions:    0
/dfs9/dmobley-lab/mattt2/micromamba/envs/n-vdw-split/lib/python3.12/site-packages/dask_jobqueue/core.py:285: FutureWarning: env_extra has been renamed to job_script_prologue. You are still using it (even if only set to []; please also check config files). If you did not set job_script_prologue yet, env_extra will be respected for now, but it will be removed in a future release. If you already set job_script_prologue, env_extra is ignored and you can remove it.
  warnings.warn(warn, FutureWarning)
/dfs9/dmobley-lab/mattt2/micromamba/envs/n-vdw-split/lib/python3.12/site-packages/dask_jobqueue/slurm.py:55: FutureWarning: project has been renamed to account as this kwarg was used wit -A option. You are still using it (please also check config files). If you did not set account yet, project will be respected for now, but it will be removed in a future release. If you already set account, project is ignored and you can remove it.
  warnings.warn(warn, FutureWarning)
/dfs9/dmobley-lab/mattt2/micromamba/envs/n-vdw-split/lib/python3.12/site-packages/dask_jobqueue/core.py:285: FutureWarning: env_extra has been renamed to job_script_prologue. You are still using it (even if only set to []; please also check config files). If you did not set job_script_prologue yet, env_extra will be respected for now, but it will be removed in a future release. If you already set job_script_prologue, env_extra is ignored and you can remove it.
  warnings.warn(warn, FutureWarning)
/dfs9/dmobley-lab/mattt2/micromamba/envs/n-vdw-split/lib/python3.12/site-packages/dask_jobqueue/slurm.py:55: FutureWarning: project has been renamed to account as this kwarg was used wit -A option. You are still using it (please also check config files). If you did not set account yet, project will be respected for now, but it will be removed in a future release. If you already set account, project is ignored and you can remove it.
  warnings.warn(warn, FutureWarning)
2025-09-04 13:43:33,016 - openff.evaluator.client.client - INFO - 0c8fc9805c654f35b067bd1c6c878697 --- # queued_properties:   48 # estimated_properties:    0 # unsuccessful_properties:    0 # equilibrated_properties:   72 # exceptions:    0
2025-09-04 13:44:04,823 - openff.evaluator.client.client - INFO - 0c8fc9805c654f35b067bd1c6c878697 --- # queued_properties:   48 # estimated_properties:    0 # unsuccessful_properties:    0 # equilibrated_properties:   72 # exceptions:    0
2025-09-04 13:44:36,617 - openff.evaluator.client.client - INFO - 0c8fc9805c654f35b067bd1c6c878697 --- # queued_properties:   48 # estimated_properties:    0 # unsuccessful_properties:    0 # equilibrated_properties:   72 # exceptions:    0
2025-09-04 13:45:08,417 - openff.evaluator.client.client - INFO - 0c8fc9805c654f35b067bd1c6c878697 --- # queued_properties:   48 # estimated_properties:    0 # unsuccessful_properties:    0 # equilibrated_properties:   72 # exceptions:    0
2025-09-04 13:45:40,214 - openff.evaluator.client.client - INFO - 0c8fc9805c654f35b067bd1c6c878697 --- # queued_properties:   48 # estimated_properties:    0 # unsuccessful_properties:    0 # equilibrated_properties:   72 # exceptions:    0
2025-09-04 13:46:12,025 - openff.evaluator.client.client - INFO - 0c8fc9805c654f35b067bd1c6c878697 --- # queued_properties:   48 # estimated_properties:    0 # unsuccessful_properties:    0 # equilibrated_properties:   72 # exceptions:    0
2025-09-04 13:46:43,811 - openff.evaluator.client.client - INFO - 0c8fc9805c654f35b067bd1c6c878697 --- # queued_properties:   48 # estimated_properties:    0 # unsuccessful_properties:    0 # equilibrated_properties:   72 # exceptions:    0
2025-09-04 13:47:15,611 - openff.evaluator.client.client - INFO - 0c8fc9805c654f35b067bd1c6c878697 --- # queued_properties:   48 # estimated_properties:    0 # unsuccessful_properties:    0 # equilibrated_properties:   72 # exceptions:    0
2025-09-04 13:47:47,409 - openff.evaluator.client.client - INFO - 0c8fc9805c654f35b067bd1c6c878697 --- # queued_properties:   48 # estimated_properties:    0 # unsuccessful_properties:    0 # equilibrated_properties:   72 # exceptions:    0
2025-09-04 13:48:19,224 - openff.evaluator.client.client - INFO - 0c8fc9805c654f35b067bd1c6c878697 --- # queued_properties:   48 # estimated_properties:    0 # unsuccessful_properties:    0 # equilibrated_properties:   72 # exceptions:    0
2025-09-04 13:48:51,023 - openff.evaluator.client.client - INFO - 0c8fc9805c654f35b067bd1c6c878697 --- # queued_properties:   48 # estimated_properties:    0 # unsuccessful_properties:    0 # equilibrated_properties:   72 # exceptions:    0
2025-09-04 13:49:22,813 - openff.evaluator.client.client - INFO - 0c8fc9805c654f35b067bd1c6c878697 --- # queued_properties:   48 # estimated_properties:    0 # unsuccessful_properties:    0 # equilibrated_properties:   72 # exceptions:    0
2025-09-04 13:49:54,608 - openff.evaluator.client.client - INFO - 0c8fc9805c654f35b067bd1c6c878697 --- # queued_properties:   48 # estimated_properties:    0 # unsuccessful_properties:    0 # equilibrated_properties:   72 # exceptions:    0
2025-09-04 13:50:26,410 - openff.evaluator.client.client - INFO - 0c8fc9805c654f35b067bd1c6c878697 --- # queued_properties:   48 # estimated_properties:    0 # unsuccessful_properties:    0 # equilibrated_properties:   72 # exceptions:    0
2025-09-04 13:50:58,196 - openff.evaluator.client.client - INFO - 0c8fc9805c654f35b067bd1c6c878697 --- # queued_properties:   48 # estimated_properties:    0 # unsuccessful_properties:    0 # equilibrated_properties:   72 # exceptions:    0
2025-09-04 13:51:29,984 - openff.evaluator.client.client - INFO - 0c8fc9805c654f35b067bd1c6c878697 --- # queued_properties:   48 # estimated_properties:    0 # unsuccessful_properties:    0 # equilibrated_properties:   72 # exceptions:    0
2025-09-04 13:52:01,974 - openff.evaluator.client.client - INFO - 0c8fc9805c654f35b067bd1c6c878697 --- # queued_properties:   48 # estimated_properties:    0 # unsuccessful_properties:    0 # equilibrated_properties:   72 # exceptions:    0
2025-09-04 13:52:33,776 - openff.evaluator.client.client - INFO - 0c8fc9805c654f35b067bd1c6c878697 --- # queued_properties:   48 # estimated_properties:    0 # unsuccessful_properties:    0 # equilibrated_properties:   72 # exceptions:    0
2025-09-04 13:53:05,581 - openff.evaluator.client.client - INFO - 0c8fc9805c654f35b067bd1c6c878697 --- # queued_properties:   48 # estimated_properties:    0 # unsuccessful_properties:    0 # equilibrated_properties:   72 # exceptions:    0
2025-09-04 13:53:37,376 - openff.evaluator.client.client - INFO - 0c8fc9805c654f35b067bd1c6c878697 --- # queued_properties:   48 # estimated_properties:    0 # unsuccessful_properties:    0 # equilibrated_properties:   72 # exceptions:    0
2025-09-04 13:54:09,163 - openff.evaluator.client.client - INFO - 0c8fc9805c654f35b067bd1c6c878697 --- # queued_properties:   48 # estimated_properties:    0 # unsuccessful_properties:    0 # equilibrated_properties:   72 # exceptions:    0
2025-09-04 13:54:40,954 - openff.evaluator.client.client - INFO - 0c8fc9805c654f35b067bd1c6c878697 --- # queued_properties:   48 # estimated_properties:    0 # unsuccessful_properties:    0 # equilibrated_properties:   72 # exceptions:    0
2025-09-04 13:55:09,919 - openff.evaluator.server.server - INFO - Finished server request ae725785780d4db4b4a54ce5c91e7da5
2025-09-04 13:55:12,733 - openff.evaluator.client.client - INFO - The server has completed request 0c8fc9805c654f35b067bd1c6c878697.
2025-09-04 13:55:12,733 - __main__ - INFO - Equilibration complete
2025-09-04 13:55:12,733 - __main__ - INFO - # estimated: 0
2025-09-04 13:55:12,733 - __main__ - INFO - # equilibrated: 120
2025-09-04 13:55:12,733 - __main__ - INFO - # unsuccessful: 0
2025-09-04 13:55:12,733 - __main__ - INFO - # exceptions: 0
/dfs9/dmobley-lab/mattt2/micromamba/envs/n-vdw-split/lib/python3.12/site-packages/dask_jobqueue/core.py:285: FutureWarning: env_extra has been renamed to job_script_prologue. You are still using it (even if only set to []; please also check config files). If you did not set job_script_prologue yet, env_extra will be respected for now, but it will be removed in a future release. If you already set job_script_prologue, env_extra is ignored and you can remove it.
  warnings.warn(warn, FutureWarning)
/dfs9/dmobley-lab/mattt2/micromamba/envs/n-vdw-split/lib/python3.12/site-packages/dask_jobqueue/slurm.py:55: FutureWarning: project has been renamed to account as this kwarg was used wit -A option. You are still using it (please also check config files). If you did not set account yet, project will be respected for now, but it will be removed in a future release. If you already set account, project is ignored and you can remove it.
  warnings.warn(warn, FutureWarning)
