/data/homezvol0/mattt2/y/envs/n-vdw-split/lib/python3.12/site-packages/foyer/forcefield.py:33: UserWarning: pkg_resources is deprecated as an API. See https://setuptools.pypa.io/en/latest/pkg_resources.html. The pkg_resources package is slated for removal as early as 2025-11-30. Refrain from using this package or pin to Setuptools<81.
  from pkg_resources import iter_entry_points, resource_filename
2025-09-10 09:55:31 INFO     Wrote options to targets/phys-prop/options.json.
/data/homezvol0/mattt2/y/envs/n-vdw-split/lib/python3.12/site-packages/dask_jobqueue/core.py:285: FutureWarning: env_extra has been renamed to job_script_prologue. You are still using it (even if only set to []; please also check config files). If you did not set job_script_prologue yet, env_extra will be respected for now, but it will be removed in a future release. If you already set job_script_prologue, env_extra is ignored and you can remove it.
  warnings.warn(warn, FutureWarning)
/data/homezvol0/mattt2/y/envs/n-vdw-split/lib/python3.12/site-packages/dask_jobqueue/slurm.py:55: FutureWarning: project has been renamed to account as this kwarg was used wit -A option. You are still using it (please also check config files). If you did not set account yet, project will be respected for now, but it will be removed in a future release. If you already set account, project is ignored and you can remove it.
  warnings.warn(warn, FutureWarning)
/data/homezvol0/mattt2/y/envs/n-vdw-split/lib/python3.12/site-packages/dask_jobqueue/core.py:285: FutureWarning: env_extra has been renamed to job_script_prologue. You are still using it (even if only set to []; please also check config files). If you did not set job_script_prologue yet, env_extra will be respected for now, but it will be removed in a future release. If you already set job_script_prologue, env_extra is ignored and you can remove it.
  warnings.warn(warn, FutureWarning)
/data/homezvol0/mattt2/y/envs/n-vdw-split/lib/python3.12/site-packages/dask_jobqueue/slurm.py:55: FutureWarning: project has been renamed to account as this kwarg was used wit -A option. You are still using it (please also check config files). If you did not set account yet, project will be respected for now, but it will be removed in a future release. If you already set account, project is ignored and you can remove it.
  warnings.warn(warn, FutureWarning)
2025-09-10 09:57:02 INFO     Server listening at port 8117
2025-09-10 09:57:11 INFO     Received estimation request from ('127.0.0.1', 33948)
2025-09-10 09:57:13 INFO     Submission 72e0dc1b39084fb292ca2945d07cdec7 received
2025-09-10 09:57:13 INFO     Launching batch 13f60ee0b473403f9c9964e61dd8c4a2 using the PreequilibratedSimulationLayer layer
2025-09-10 09:57:13 INFO     Building workflow 0 of 48
2025-09-10 09:57:16 INFO     Building workflow 1 of 48
2025-09-10 09:57:19 INFO     Building workflow 2 of 48
2025-09-10 09:57:20 INFO     Building workflow 3 of 48
2025-09-10 09:57:22 INFO     Building workflow 4 of 48
2025-09-10 09:57:25 INFO     Building workflow 5 of 48
2025-09-10 09:57:27 INFO     Building workflow 6 of 48
2025-09-10 09:57:30 INFO     Building workflow 7 of 48
2025-09-10 09:57:32 INFO     Building workflow 8 of 48
2025-09-10 09:57:34 INFO     Building workflow 9 of 48
2025-09-10 09:57:37 INFO     Building workflow 10 of 48
2025-09-10 09:57:39 INFO     Building workflow 11 of 48
2025-09-10 09:57:40 INFO     Building workflow 12 of 48
2025-09-10 09:57:43 INFO     Building workflow 13 of 48
2025-09-10 09:57:46 INFO     Building workflow 14 of 48
2025-09-10 09:57:48 INFO     Building workflow 15 of 48
2025-09-10 09:57:50 INFO     Building workflow 16 of 48
2025-09-10 09:57:52 INFO     Building workflow 17 of 48
2025-09-10 09:57:54 INFO     Building workflow 18 of 48
2025-09-10 09:57:56 INFO     Building workflow 19 of 48
2025-09-10 09:57:57 INFO     Building workflow 20 of 48
2025-09-10 09:58:00 INFO     Building workflow 21 of 48
2025-09-10 09:58:02 INFO     Building workflow 22 of 48
2025-09-10 09:58:05 INFO     Building workflow 23 of 48
2025-09-10 09:58:08 INFO     Building workflow 24 of 48
2025-09-10 09:58:09 INFO     Building workflow 25 of 48
2025-09-10 09:58:12 INFO     Building workflow 26 of 48
2025-09-10 09:58:15 INFO     Building workflow 27 of 48
2025-09-10 09:58:17 INFO     Building workflow 28 of 48
2025-09-10 09:58:20 INFO     Building workflow 29 of 48
2025-09-10 09:58:21 INFO     Building workflow 30 of 48
2025-09-10 09:58:24 INFO     Building workflow 31 of 48
2025-09-10 09:58:26 INFO     Building workflow 32 of 48
2025-09-10 09:58:29 INFO     Building workflow 33 of 48
2025-09-10 09:58:32 INFO     Building workflow 34 of 48
2025-09-10 09:58:34 INFO     Building workflow 35 of 48
2025-09-10 09:58:36 INFO     Building workflow 36 of 48
2025-09-10 09:58:37 INFO     Building workflow 37 of 48
2025-09-10 09:58:40 INFO     Building workflow 38 of 48
2025-09-10 09:58:43 INFO     Building workflow 39 of 48
2025-09-10 09:58:46 INFO     Building workflow 40 of 48
2025-09-10 09:58:48 INFO     Building workflow 41 of 48
2025-09-10 09:58:49 INFO     Building workflow 42 of 48
2025-09-10 09:58:51 INFO     Building workflow 43 of 48
2025-09-10 09:58:53 INFO     Building workflow 44 of 48
2025-09-10 09:58:56 INFO     Building workflow 45 of 48
2025-09-10 09:58:57 INFO     Building workflow 46 of 48
2025-09-10 09:59:00 INFO     Building workflow 47 of 48
/data/homezvol0/mattt2/y/envs/n-vdw-split/lib/python3.12/site-packages/dask_jobqueue/core.py:285: FutureWarning: env_extra has been renamed to job_script_prologue. You are still using it (even if only set to []; please also check config files). If you did not set job_script_prologue yet, env_extra will be respected for now, but it will be removed in a future release. If you already set job_script_prologue, env_extra is ignored and you can remove it.
  warnings.warn(warn, FutureWarning)
/data/homezvol0/mattt2/y/envs/n-vdw-split/lib/python3.12/site-packages/dask_jobqueue/slurm.py:55: FutureWarning: project has been renamed to account as this kwarg was used wit -A option. You are still using it (please also check config files). If you did not set account yet, project will be respected for now, but it will be removed in a future release. If you already set account, project is ignored and you can remove it.
  warnings.warn(warn, FutureWarning)
/data/homezvol0/mattt2/y/envs/n-vdw-split/lib/python3.12/site-packages/dask_jobqueue/core.py:285: FutureWarning: env_extra has been renamed to job_script_prologue. You are still using it (even if only set to []; please also check config files). If you did not set job_script_prologue yet, env_extra will be respected for now, but it will be removed in a future release. If you already set job_script_prologue, env_extra is ignored and you can remove it.
  warnings.warn(warn, FutureWarning)
/data/homezvol0/mattt2/y/envs/n-vdw-split/lib/python3.12/site-packages/dask_jobqueue/slurm.py:55: FutureWarning: project has been renamed to account as this kwarg was used wit -A option. You are still using it (please also check config files). If you did not set account yet, project will be respected for now, but it will be removed in a future release. If you already set account, project is ignored and you can remove it.
  warnings.warn(warn, FutureWarning)
2025-09-10 09:59:08 INFO     Launching batch b447af0e857a4584a1e9de7d301e12d4 using the PreequilibratedSimulationLayer layer
2025-09-10 09:59:08 INFO     Building workflow 0 of 48
2025-09-10 09:59:11 INFO     Building workflow 1 of 48
2025-09-10 09:59:13 INFO     Building workflow 2 of 48
2025-09-10 09:59:15 INFO     Building workflow 3 of 48
2025-09-10 09:59:17 INFO     Building workflow 4 of 48
2025-09-10 09:59:20 INFO     Building workflow 5 of 48
2025-09-10 09:59:23 INFO     Building workflow 6 of 48
2025-09-10 09:59:24 INFO     Building workflow 7 of 48
2025-09-10 09:59:26 INFO     Building workflow 8 of 48
2025-09-10 09:59:29 INFO     Building workflow 9 of 48
2025-09-10 09:59:32 INFO     Building workflow 10 of 48
2025-09-10 09:59:34 INFO     Building workflow 11 of 48
2025-09-10 09:59:37 INFO     Building workflow 12 of 48
2025-09-10 09:59:40 INFO     Building workflow 13 of 48
2025-09-10 09:59:43 INFO     Building workflow 14 of 48
2025-09-10 09:59:44 INFO     Building workflow 15 of 48
2025-09-10 09:59:46 INFO     Building workflow 16 of 48
2025-09-10 09:59:49 INFO     Building workflow 17 of 48
2025-09-10 09:59:50 INFO     Building workflow 18 of 48
2025-09-10 09:59:52 INFO     Building workflow 19 of 48
2025-09-10 09:59:55 INFO     Building workflow 20 of 48
2025-09-10 09:59:58 INFO     Building workflow 21 of 48
2025-09-10 10:00:00 INFO     Building workflow 22 of 48
2025-09-10 10:00:02 INFO     Building workflow 23 of 48
2025-09-10 10:00:04 INFO     Building workflow 24 of 48
2025-09-10 10:00:07 INFO     Building workflow 25 of 48
2025-09-10 10:00:10 INFO     Building workflow 26 of 48
2025-09-10 10:00:12 INFO     Building workflow 27 of 48
2025-09-10 10:00:13 INFO     Building workflow 28 of 48
2025-09-10 10:00:17 INFO     Building workflow 29 of 48
2025-09-10 10:00:18 INFO     Building workflow 30 of 48
2025-09-10 10:00:21 INFO     Building workflow 31 of 48
2025-09-10 10:00:25 INFO     Building workflow 32 of 48
2025-09-10 10:00:28 INFO     Building workflow 33 of 48
2025-09-10 10:00:29 INFO     Building workflow 34 of 48
2025-09-10 10:00:31 INFO     Building workflow 35 of 48
2025-09-10 10:00:32 INFO     Building workflow 36 of 48
2025-09-10 10:00:34 INFO     Building workflow 37 of 48
2025-09-10 10:00:36 INFO     Building workflow 38 of 48
2025-09-10 10:00:38 INFO     Building workflow 39 of 48
2025-09-10 10:00:40 INFO     Building workflow 40 of 48
2025-09-10 10:00:43 INFO     Building workflow 41 of 48
2025-09-10 10:00:46 INFO     Building workflow 42 of 48
2025-09-10 10:00:49 INFO     Building workflow 43 of 48
2025-09-10 10:00:52 INFO     Building workflow 44 of 48
2025-09-10 10:00:54 INFO     Building workflow 45 of 48
2025-09-10 10:00:55 INFO     Building workflow 46 of 48
2025-09-10 10:00:58 INFO     Building workflow 47 of 48
2025-09-10 10:01:08 INFO     Launching batch acf9894f3fd24d6896a49532f49d0da3 using the PreequilibratedSimulationLayer layer
2025-09-10 10:01:08 INFO     Building workflow 0 of 24
2025-09-10 10:01:11 INFO     Building workflow 1 of 24
2025-09-10 10:01:13 INFO     Building workflow 2 of 24
2025-09-10 10:01:15 INFO     Building workflow 3 of 24
2025-09-10 10:01:18 INFO     Building workflow 4 of 24
2025-09-10 10:01:21 INFO     Building workflow 5 of 24
2025-09-10 10:01:22 INFO     Building workflow 6 of 24
2025-09-10 10:01:24 INFO     Building workflow 7 of 24
2025-09-10 10:01:26 INFO     Building workflow 8 of 24
2025-09-10 10:01:29 INFO     Building workflow 9 of 24
2025-09-10 10:01:31 INFO     Building workflow 10 of 24
2025-09-10 10:01:34 INFO     Building workflow 11 of 24
2025-09-10 10:01:36 INFO     Building workflow 12 of 24
2025-09-10 10:01:38 INFO     Building workflow 13 of 24
2025-09-10 10:01:41 INFO     Building workflow 14 of 24
2025-09-10 10:01:42 INFO     Building workflow 15 of 24
2025-09-10 10:01:45 INFO     Building workflow 16 of 24
2025-09-10 10:01:47 INFO     Building workflow 17 of 24
2025-09-10 10:01:50 INFO     Building workflow 18 of 24
2025-09-10 10:01:53 INFO     Building workflow 19 of 24
2025-09-10 10:01:56 INFO     Building workflow 20 of 24
2025-09-10 10:01:59 INFO     Building workflow 21 of 24
2025-09-10 10:02:01 INFO     Building workflow 22 of 24
2025-09-10 10:02:02 INFO     Building workflow 23 of 24
2025-09-10 11:28:09 INFO     Finished server request 13f60ee0b473403f9c9964e61dd8c4a2
/data/homezvol0/mattt2/y/envs/n-vdw-split/lib/python3.12/site-packages/dask_jobqueue/core.py:285: FutureWarning: env_extra has been renamed to job_script_prologue. You are still using it (even if only set to []; please also check config files). If you did not set job_script_prologue yet, env_extra will be respected for now, but it will be removed in a future release. If you already set job_script_prologue, env_extra is ignored and you can remove it.
  warnings.warn(warn, FutureWarning)
/data/homezvol0/mattt2/y/envs/n-vdw-split/lib/python3.12/site-packages/dask_jobqueue/slurm.py:55: FutureWarning: project has been renamed to account as this kwarg was used wit -A option. You are still using it (please also check config files). If you did not set account yet, project will be respected for now, but it will be removed in a future release. If you already set account, project is ignored and you can remove it.
  warnings.warn(warn, FutureWarning)
/data/homezvol0/mattt2/y/envs/n-vdw-split/lib/python3.12/site-packages/dask_jobqueue/core.py:285: FutureWarning: env_extra has been renamed to job_script_prologue. You are still using it (even if only set to []; please also check config files). If you did not set job_script_prologue yet, env_extra will be respected for now, but it will be removed in a future release. If you already set job_script_prologue, env_extra is ignored and you can remove it.
  warnings.warn(warn, FutureWarning)
/data/homezvol0/mattt2/y/envs/n-vdw-split/lib/python3.12/site-packages/dask_jobqueue/slurm.py:55: FutureWarning: project has been renamed to account as this kwarg was used wit -A option. You are still using it (please also check config files). If you did not set account yet, project will be respected for now, but it will be removed in a future release. If you already set account, project is ignored and you can remove it.
  warnings.warn(warn, FutureWarning)
/data/homezvol0/mattt2/y/envs/n-vdw-split/lib/python3.12/site-packages/dask_jobqueue/core.py:285: FutureWarning: env_extra has been renamed to job_script_prologue. You are still using it (even if only set to []; please also check config files). If you did not set job_script_prologue yet, env_extra will be respected for now, but it will be removed in a future release. If you already set job_script_prologue, env_extra is ignored and you can remove it.
  warnings.warn(warn, FutureWarning)
/data/homezvol0/mattt2/y/envs/n-vdw-split/lib/python3.12/site-packages/dask_jobqueue/slurm.py:55: FutureWarning: project has been renamed to account as this kwarg was used wit -A option. You are still using it (please also check config files). If you did not set account yet, project will be respected for now, but it will be removed in a future release. If you already set account, project is ignored and you can remove it.
  warnings.warn(warn, FutureWarning)
/data/homezvol0/mattt2/y/envs/n-vdw-split/lib/python3.12/site-packages/dask_jobqueue/core.py:285: FutureWarning: env_extra has been renamed to job_script_prologue. You are still using it (even if only set to []; please also check config files). If you did not set job_script_prologue yet, env_extra will be respected for now, but it will be removed in a future release. If you already set job_script_prologue, env_extra is ignored and you can remove it.
  warnings.warn(warn, FutureWarning)
/data/homezvol0/mattt2/y/envs/n-vdw-split/lib/python3.12/site-packages/dask_jobqueue/slurm.py:55: FutureWarning: project has been renamed to account as this kwarg was used wit -A option. You are still using it (please also check config files). If you did not set account yet, project will be respected for now, but it will be removed in a future release. If you already set account, project is ignored and you can remove it.
  warnings.warn(warn, FutureWarning)
/data/homezvol0/mattt2/y/envs/n-vdw-split/lib/python3.12/site-packages/dask_jobqueue/core.py:285: FutureWarning: env_extra has been renamed to job_script_prologue. You are still using it (even if only set to []; please also check config files). If you did not set job_script_prologue yet, env_extra will be respected for now, but it will be removed in a future release. If you already set job_script_prologue, env_extra is ignored and you can remove it.
  warnings.warn(warn, FutureWarning)
/data/homezvol0/mattt2/y/envs/n-vdw-split/lib/python3.12/site-packages/dask_jobqueue/slurm.py:55: FutureWarning: project has been renamed to account as this kwarg was used wit -A option. You are still using it (please also check config files). If you did not set account yet, project will be respected for now, but it will be removed in a future release. If you already set account, project is ignored and you can remove it.
  warnings.warn(warn, FutureWarning)
/data/homezvol0/mattt2/y/envs/n-vdw-split/lib/python3.12/site-packages/dask_jobqueue/core.py:285: FutureWarning: env_extra has been renamed to job_script_prologue. You are still using it (even if only set to []; please also check config files). If you did not set job_script_prologue yet, env_extra will be respected for now, but it will be removed in a future release. If you already set job_script_prologue, env_extra is ignored and you can remove it.
  warnings.warn(warn, FutureWarning)
/data/homezvol0/mattt2/y/envs/n-vdw-split/lib/python3.12/site-packages/dask_jobqueue/slurm.py:55: FutureWarning: project has been renamed to account as this kwarg was used wit -A option. You are still using it (please also check config files). If you did not set account yet, project will be respected for now, but it will be removed in a future release. If you already set account, project is ignored and you can remove it.
  warnings.warn(warn, FutureWarning)
/data/homezvol0/mattt2/y/envs/n-vdw-split/lib/python3.12/site-packages/dask_jobqueue/core.py:285: FutureWarning: env_extra has been renamed to job_script_prologue. You are still using it (even if only set to []; please also check config files). If you did not set job_script_prologue yet, env_extra will be respected for now, but it will be removed in a future release. If you already set job_script_prologue, env_extra is ignored and you can remove it.
  warnings.warn(warn, FutureWarning)
/data/homezvol0/mattt2/y/envs/n-vdw-split/lib/python3.12/site-packages/dask_jobqueue/slurm.py:55: FutureWarning: project has been renamed to account as this kwarg was used wit -A option. You are still using it (please also check config files). If you did not set account yet, project will be respected for now, but it will be removed in a future release. If you already set account, project is ignored and you can remove it.
  warnings.warn(warn, FutureWarning)
/data/homezvol0/mattt2/y/envs/n-vdw-split/lib/python3.12/site-packages/dask_jobqueue/core.py:285: FutureWarning: env_extra has been renamed to job_script_prologue. You are still using it (even if only set to []; please also check config files). If you did not set job_script_prologue yet, env_extra will be respected for now, but it will be removed in a future release. If you already set job_script_prologue, env_extra is ignored and you can remove it.
  warnings.warn(warn, FutureWarning)
/data/homezvol0/mattt2/y/envs/n-vdw-split/lib/python3.12/site-packages/dask_jobqueue/slurm.py:55: FutureWarning: project has been renamed to account as this kwarg was used wit -A option. You are still using it (please also check config files). If you did not set account yet, project will be respected for now, but it will be removed in a future release. If you already set account, project is ignored and you can remove it.
  warnings.warn(warn, FutureWarning)
/data/homezvol0/mattt2/y/envs/n-vdw-split/lib/python3.12/site-packages/dask_jobqueue/core.py:285: FutureWarning: env_extra has been renamed to job_script_prologue. You are still using it (even if only set to []; please also check config files). If you did not set job_script_prologue yet, env_extra will be respected for now, but it will be removed in a future release. If you already set job_script_prologue, env_extra is ignored and you can remove it.
  warnings.warn(warn, FutureWarning)
/data/homezvol0/mattt2/y/envs/n-vdw-split/lib/python3.12/site-packages/dask_jobqueue/slurm.py:55: FutureWarning: project has been renamed to account as this kwarg was used wit -A option. You are still using it (please also check config files). If you did not set account yet, project will be respected for now, but it will be removed in a future release. If you already set account, project is ignored and you can remove it.
  warnings.warn(warn, FutureWarning)
/data/homezvol0/mattt2/y/envs/n-vdw-split/lib/python3.12/site-packages/dask_jobqueue/core.py:285: FutureWarning: env_extra has been renamed to job_script_prologue. You are still using it (even if only set to []; please also check config files). If you did not set job_script_prologue yet, env_extra will be respected for now, but it will be removed in a future release. If you already set job_script_prologue, env_extra is ignored and you can remove it.
  warnings.warn(warn, FutureWarning)
/data/homezvol0/mattt2/y/envs/n-vdw-split/lib/python3.12/site-packages/dask_jobqueue/slurm.py:55: FutureWarning: project has been renamed to account as this kwarg was used wit -A option. You are still using it (please also check config files). If you did not set account yet, project will be respected for now, but it will be removed in a future release. If you already set account, project is ignored and you can remove it.
  warnings.warn(warn, FutureWarning)
/data/homezvol0/mattt2/y/envs/n-vdw-split/lib/python3.12/site-packages/dask_jobqueue/core.py:285: FutureWarning: env_extra has been renamed to job_script_prologue. You are still using it (even if only set to []; please also check config files). If you did not set job_script_prologue yet, env_extra will be respected for now, but it will be removed in a future release. If you already set job_script_prologue, env_extra is ignored and you can remove it.
  warnings.warn(warn, FutureWarning)
/data/homezvol0/mattt2/y/envs/n-vdw-split/lib/python3.12/site-packages/dask_jobqueue/slurm.py:55: FutureWarning: project has been renamed to account as this kwarg was used wit -A option. You are still using it (please also check config files). If you did not set account yet, project will be respected for now, but it will be removed in a future release. If you already set account, project is ignored and you can remove it.
  warnings.warn(warn, FutureWarning)
/data/homezvol0/mattt2/y/envs/n-vdw-split/lib/python3.12/site-packages/dask_jobqueue/core.py:285: FutureWarning: env_extra has been renamed to job_script_prologue. You are still using it (even if only set to []; please also check config files). If you did not set job_script_prologue yet, env_extra will be respected for now, but it will be removed in a future release. If you already set job_script_prologue, env_extra is ignored and you can remove it.
  warnings.warn(warn, FutureWarning)
/data/homezvol0/mattt2/y/envs/n-vdw-split/lib/python3.12/site-packages/dask_jobqueue/slurm.py:55: FutureWarning: project has been renamed to account as this kwarg was used wit -A option. You are still using it (please also check config files). If you did not set account yet, project will be respected for now, but it will be removed in a future release. If you already set account, project is ignored and you can remove it.
  warnings.warn(warn, FutureWarning)
/data/homezvol0/mattt2/y/envs/n-vdw-split/lib/python3.12/site-packages/dask_jobqueue/core.py:285: FutureWarning: env_extra has been renamed to job_script_prologue. You are still using it (even if only set to []; please also check config files). If you did not set job_script_prologue yet, env_extra will be respected for now, but it will be removed in a future release. If you already set job_script_prologue, env_extra is ignored and you can remove it.
  warnings.warn(warn, FutureWarning)
/data/homezvol0/mattt2/y/envs/n-vdw-split/lib/python3.12/site-packages/dask_jobqueue/slurm.py:55: FutureWarning: project has been renamed to account as this kwarg was used wit -A option. You are still using it (please also check config files). If you did not set account yet, project will be respected for now, but it will be removed in a future release. If you already set account, project is ignored and you can remove it.
  warnings.warn(warn, FutureWarning)
/data/homezvol0/mattt2/y/envs/n-vdw-split/lib/python3.12/site-packages/dask_jobqueue/core.py:285: FutureWarning: env_extra has been renamed to job_script_prologue. You are still using it (even if only set to []; please also check config files). If you did not set job_script_prologue yet, env_extra will be respected for now, but it will be removed in a future release. If you already set job_script_prologue, env_extra is ignored and you can remove it.
  warnings.warn(warn, FutureWarning)
/data/homezvol0/mattt2/y/envs/n-vdw-split/lib/python3.12/site-packages/dask_jobqueue/slurm.py:55: FutureWarning: project has been renamed to account as this kwarg was used wit -A option. You are still using it (please also check config files). If you did not set account yet, project will be respected for now, but it will be removed in a future release. If you already set account, project is ignored and you can remove it.
  warnings.warn(warn, FutureWarning)
/data/homezvol0/mattt2/y/envs/n-vdw-split/lib/python3.12/site-packages/dask_jobqueue/core.py:285: FutureWarning: env_extra has been renamed to job_script_prologue. You are still using it (even if only set to []; please also check config files). If you did not set job_script_prologue yet, env_extra will be respected for now, but it will be removed in a future release. If you already set job_script_prologue, env_extra is ignored and you can remove it.
  warnings.warn(warn, FutureWarning)
/data/homezvol0/mattt2/y/envs/n-vdw-split/lib/python3.12/site-packages/dask_jobqueue/slurm.py:55: FutureWarning: project has been renamed to account as this kwarg was used wit -A option. You are still using it (please also check config files). If you did not set account yet, project will be respected for now, but it will be removed in a future release. If you already set account, project is ignored and you can remove it.
  warnings.warn(warn, FutureWarning)
/data/homezvol0/mattt2/y/envs/n-vdw-split/lib/python3.12/site-packages/dask_jobqueue/core.py:285: FutureWarning: env_extra has been renamed to job_script_prologue. You are still using it (even if only set to []; please also check config files). If you did not set job_script_prologue yet, env_extra will be respected for now, but it will be removed in a future release. If you already set job_script_prologue, env_extra is ignored and you can remove it.
  warnings.warn(warn, FutureWarning)
/data/homezvol0/mattt2/y/envs/n-vdw-split/lib/python3.12/site-packages/dask_jobqueue/slurm.py:55: FutureWarning: project has been renamed to account as this kwarg was used wit -A option. You are still using it (please also check config files). If you did not set account yet, project will be respected for now, but it will be removed in a future release. If you already set account, project is ignored and you can remove it.
  warnings.warn(warn, FutureWarning)
/data/homezvol0/mattt2/y/envs/n-vdw-split/lib/python3.12/site-packages/dask_jobqueue/core.py:285: FutureWarning: env_extra has been renamed to job_script_prologue. You are still using it (even if only set to []; please also check config files). If you did not set job_script_prologue yet, env_extra will be respected for now, but it will be removed in a future release. If you already set job_script_prologue, env_extra is ignored and you can remove it.
  warnings.warn(warn, FutureWarning)
/data/homezvol0/mattt2/y/envs/n-vdw-split/lib/python3.12/site-packages/dask_jobqueue/slurm.py:55: FutureWarning: project has been renamed to account as this kwarg was used wit -A option. You are still using it (please also check config files). If you did not set account yet, project will be respected for now, but it will be removed in a future release. If you already set account, project is ignored and you can remove it.
  warnings.warn(warn, FutureWarning)
/data/homezvol0/mattt2/y/envs/n-vdw-split/lib/python3.12/site-packages/dask_jobqueue/core.py:285: FutureWarning: env_extra has been renamed to job_script_prologue. You are still using it (even if only set to []; please also check config files). If you did not set job_script_prologue yet, env_extra will be respected for now, but it will be removed in a future release. If you already set job_script_prologue, env_extra is ignored and you can remove it.
  warnings.warn(warn, FutureWarning)
/data/homezvol0/mattt2/y/envs/n-vdw-split/lib/python3.12/site-packages/dask_jobqueue/slurm.py:55: FutureWarning: project has been renamed to account as this kwarg was used wit -A option. You are still using it (please also check config files). If you did not set account yet, project will be respected for now, but it will be removed in a future release. If you already set account, project is ignored and you can remove it.
  warnings.warn(warn, FutureWarning)
/data/homezvol0/mattt2/y/envs/n-vdw-split/lib/python3.12/site-packages/dask_jobqueue/core.py:285: FutureWarning: env_extra has been renamed to job_script_prologue. You are still using it (even if only set to []; please also check config files). If you did not set job_script_prologue yet, env_extra will be respected for now, but it will be removed in a future release. If you already set job_script_prologue, env_extra is ignored and you can remove it.
  warnings.warn(warn, FutureWarning)
/data/homezvol0/mattt2/y/envs/n-vdw-split/lib/python3.12/site-packages/dask_jobqueue/slurm.py:55: FutureWarning: project has been renamed to account as this kwarg was used wit -A option. You are still using it (please also check config files). If you did not set account yet, project will be respected for now, but it will be removed in a future release. If you already set account, project is ignored and you can remove it.
  warnings.warn(warn, FutureWarning)
2025-09-10 11:47:41 INFO     Finished server request acf9894f3fd24d6896a49532f49d0da3
/data/homezvol0/mattt2/y/envs/n-vdw-split/lib/python3.12/site-packages/dask_jobqueue/core.py:285: FutureWarning: env_extra has been renamed to job_script_prologue. You are still using it (even if only set to []; please also check config files). If you did not set job_script_prologue yet, env_extra will be respected for now, but it will be removed in a future release. If you already set job_script_prologue, env_extra is ignored and you can remove it.
  warnings.warn(warn, FutureWarning)
/data/homezvol0/mattt2/y/envs/n-vdw-split/lib/python3.12/site-packages/dask_jobqueue/slurm.py:55: FutureWarning: project has been renamed to account as this kwarg was used wit -A option. You are still using it (please also check config files). If you did not set account yet, project will be respected for now, but it will be removed in a future release. If you already set account, project is ignored and you can remove it.
  warnings.warn(warn, FutureWarning)
/data/homezvol0/mattt2/y/envs/n-vdw-split/lib/python3.12/site-packages/dask_jobqueue/core.py:285: FutureWarning: env_extra has been renamed to job_script_prologue. You are still using it (even if only set to []; please also check config files). If you did not set job_script_prologue yet, env_extra will be respected for now, but it will be removed in a future release. If you already set job_script_prologue, env_extra is ignored and you can remove it.
  warnings.warn(warn, FutureWarning)
/data/homezvol0/mattt2/y/envs/n-vdw-split/lib/python3.12/site-packages/dask_jobqueue/slurm.py:55: FutureWarning: project has been renamed to account as this kwarg was used wit -A option. You are still using it (please also check config files). If you did not set account yet, project will be respected for now, but it will be removed in a future release. If you already set account, project is ignored and you can remove it.
  warnings.warn(warn, FutureWarning)
2025-09-10 12:01:27 INFO     Finished server request b447af0e857a4584a1e9de7d301e12d4
2025-09-10 12:07:40 INFO     Received estimation request from ('127.0.0.1', 32882)
2025-09-10 12:07:42 INFO     Submission dcc2ccd3b091453d9c224bf66d321d8d received
2025-09-10 12:07:42 INFO     Launching batch 504e3c16f44241bb9a1eba1dd91c6012 using the PreequilibratedSimulationLayer layer
2025-09-10 12:07:42 INFO     Building workflow 0 of 48
2025-09-10 12:07:45 INFO     Building workflow 1 of 48
2025-09-10 12:07:48 INFO     Building workflow 2 of 48
2025-09-10 12:07:49 INFO     Building workflow 3 of 48
2025-09-10 12:07:51 INFO     Building workflow 4 of 48
2025-09-10 12:07:54 INFO     Building workflow 5 of 48
2025-09-10 12:07:55 INFO     Building workflow 6 of 48
2025-09-10 12:07:58 INFO     Building workflow 7 of 48
2025-09-10 12:08:01 INFO     Building workflow 8 of 48
2025-09-10 12:08:02 INFO     Building workflow 9 of 48
2025-09-10 12:08:05 INFO     Building workflow 10 of 48
2025-09-10 12:08:07 INFO     Building workflow 11 of 48
2025-09-10 12:08:08 INFO     Building workflow 12 of 48
2025-09-10 12:08:11 INFO     Building workflow 13 of 48
2025-09-10 12:08:14 INFO     Building workflow 14 of 48
2025-09-10 12:08:16 INFO     Building workflow 15 of 48
2025-09-10 12:08:18 INFO     Building workflow 16 of 48
2025-09-10 12:08:20 INFO     Building workflow 17 of 48
2025-09-10 12:08:22 INFO     Building workflow 18 of 48
2025-09-10 12:08:23 INFO     Building workflow 19 of 48
2025-09-10 12:08:25 INFO     Building workflow 20 of 48
2025-09-10 12:08:28 INFO     Building workflow 21 of 48
2025-09-10 12:08:29 INFO     Building workflow 22 of 48
2025-09-10 12:08:32 INFO     Building workflow 23 of 48
2025-09-10 12:08:35 INFO     Building workflow 24 of 48
2025-09-10 12:08:36 INFO     Building workflow 25 of 48
2025-09-10 12:08:39 INFO     Building workflow 26 of 48
2025-09-10 12:08:42 INFO     Building workflow 27 of 48
2025-09-10 12:08:44 INFO     Building workflow 28 of 48
2025-09-10 12:08:46 INFO     Building workflow 29 of 48
2025-09-10 12:08:48 INFO     Building workflow 30 of 48
2025-09-10 12:08:51 INFO     Building workflow 31 of 48
2025-09-10 12:08:52 INFO     Building workflow 32 of 48
2025-09-10 12:08:55 INFO     Building workflow 33 of 48
2025-09-10 12:08:58 INFO     Building workflow 34 of 48
2025-09-10 12:09:00 INFO     Building workflow 35 of 48
2025-09-10 12:09:01 INFO     Building workflow 36 of 48
2025-09-10 12:09:03 INFO     Building workflow 37 of 48
2025-09-10 12:09:06 INFO     Building workflow 38 of 48
2025-09-10 12:09:08 INFO     Building workflow 39 of 48
2025-09-10 12:09:11 INFO     Building workflow 40 of 48
2025-09-10 12:09:13 INFO     Building workflow 41 of 48
2025-09-10 12:09:14 INFO     Building workflow 42 of 48
2025-09-10 12:09:16 INFO     Building workflow 43 of 48
2025-09-10 12:09:18 INFO     Building workflow 44 of 48
2025-09-10 12:09:20 INFO     Building workflow 45 of 48
2025-09-10 12:09:22 INFO     Building workflow 46 of 48
2025-09-10 12:09:25 INFO     Building workflow 47 of 48
/data/homezvol0/mattt2/y/envs/n-vdw-split/lib/python3.12/site-packages/dask_jobqueue/core.py:285: FutureWarning: env_extra has been renamed to job_script_prologue. You are still using it (even if only set to []; please also check config files). If you did not set job_script_prologue yet, env_extra will be respected for now, but it will be removed in a future release. If you already set job_script_prologue, env_extra is ignored and you can remove it.
  warnings.warn(warn, FutureWarning)
/data/homezvol0/mattt2/y/envs/n-vdw-split/lib/python3.12/site-packages/dask_jobqueue/slurm.py:55: FutureWarning: project has been renamed to account as this kwarg was used wit -A option. You are still using it (please also check config files). If you did not set account yet, project will be respected for now, but it will be removed in a future release. If you already set account, project is ignored and you can remove it.
  warnings.warn(warn, FutureWarning)
/data/homezvol0/mattt2/y/envs/n-vdw-split/lib/python3.12/site-packages/dask_jobqueue/core.py:285: FutureWarning: env_extra has been renamed to job_script_prologue. You are still using it (even if only set to []; please also check config files). If you did not set job_script_prologue yet, env_extra will be respected for now, but it will be removed in a future release. If you already set job_script_prologue, env_extra is ignored and you can remove it.
  warnings.warn(warn, FutureWarning)
/data/homezvol0/mattt2/y/envs/n-vdw-split/lib/python3.12/site-packages/dask_jobqueue/slurm.py:55: FutureWarning: project has been renamed to account as this kwarg was used wit -A option. You are still using it (please also check config files). If you did not set account yet, project will be respected for now, but it will be removed in a future release. If you already set account, project is ignored and you can remove it.
  warnings.warn(warn, FutureWarning)
2025-09-10 12:09:32 INFO     Launching batch 9909d3f6acc3423aad17d21b2e771477 using the PreequilibratedSimulationLayer layer
2025-09-10 12:09:32 INFO     Building workflow 0 of 48
2025-09-10 12:09:35 INFO     Building workflow 1 of 48
2025-09-10 12:09:36 INFO     Building workflow 2 of 48
2025-09-10 12:09:39 INFO     Building workflow 3 of 48
2025-09-10 12:09:41 INFO     Building workflow 4 of 48
2025-09-10 12:09:44 INFO     Building workflow 5 of 48
2025-09-10 12:09:46 INFO     Building workflow 6 of 48
2025-09-10 12:09:48 INFO     Building workflow 7 of 48
2025-09-10 12:09:50 INFO     Building workflow 8 of 48
2025-09-10 12:09:53 INFO     Building workflow 9 of 48
2025-09-10 12:09:55 INFO     Building workflow 10 of 48
2025-09-10 12:09:57 INFO     Building workflow 11 of 48
2025-09-10 12:10:00 INFO     Building workflow 12 of 48
2025-09-10 12:10:03 INFO     Building workflow 13 of 48
2025-09-10 12:10:05 INFO     Building workflow 14 of 48
2025-09-10 12:10:07 INFO     Building workflow 15 of 48
2025-09-10 12:10:09 INFO     Building workflow 16 of 48
2025-09-10 12:10:11 INFO     Building workflow 17 of 48
2025-09-10 12:10:13 INFO     Building workflow 18 of 48
2025-09-10 12:10:15 INFO     Building workflow 19 of 48
2025-09-10 12:10:17 INFO     Building workflow 20 of 48
2025-09-10 12:10:20 INFO     Building workflow 21 of 48
2025-09-10 12:10:22 INFO     Building workflow 22 of 48
2025-09-10 12:10:24 INFO     Building workflow 23 of 48
2025-09-10 12:10:26 INFO     Building workflow 24 of 48
2025-09-10 12:10:29 INFO     Building workflow 25 of 48
2025-09-10 12:10:32 INFO     Building workflow 26 of 48
2025-09-10 12:10:33 INFO     Building workflow 27 of 48
2025-09-10 12:10:35 INFO     Building workflow 28 of 48
2025-09-10 12:10:38 INFO     Building workflow 29 of 48
2025-09-10 12:10:39 INFO     Building workflow 30 of 48
2025-09-10 12:10:42 INFO     Building workflow 31 of 48
2025-09-10 12:10:45 INFO     Building workflow 32 of 48
2025-09-10 12:10:48 INFO     Building workflow 33 of 48
2025-09-10 12:10:49 INFO     Building workflow 34 of 48
2025-09-10 12:10:51 INFO     Building workflow 35 of 48
2025-09-10 12:10:52 INFO     Building workflow 36 of 48
2025-09-10 12:10:54 INFO     Building workflow 37 of 48
2025-09-10 12:10:55 INFO     Building workflow 38 of 48
2025-09-10 12:10:58 INFO     Building workflow 39 of 48
2025-09-10 12:11:00 INFO     Building workflow 40 of 48
2025-09-10 12:11:03 INFO     Building workflow 41 of 48
2025-09-10 12:11:05 INFO     Building workflow 42 of 48
2025-09-10 12:11:08 INFO     Building workflow 43 of 48
2025-09-10 12:11:11 INFO     Building workflow 44 of 48
2025-09-10 12:11:12 INFO     Building workflow 45 of 48
2025-09-10 12:11:14 INFO     Building workflow 46 of 48
2025-09-10 12:11:17 INFO     Building workflow 47 of 48
2025-09-10 12:11:26 INFO     Launching batch fa08c00b68c24a49b3a65902b2585b81 using the PreequilibratedSimulationLayer layer
2025-09-10 12:11:26 INFO     Building workflow 0 of 24
2025-09-10 12:11:29 INFO     Building workflow 1 of 24
2025-09-10 12:11:31 INFO     Building workflow 2 of 24
2025-09-10 12:11:33 INFO     Building workflow 3 of 24
2025-09-10 12:11:35 INFO     Building workflow 4 of 24
2025-09-10 12:11:38 INFO     Building workflow 5 of 24
2025-09-10 12:11:40 INFO     Building workflow 6 of 24
2025-09-10 12:11:41 INFO     Building workflow 7 of 24
2025-09-10 12:11:43 INFO     Building workflow 8 of 24
2025-09-10 12:11:46 INFO     Building workflow 9 of 24
2025-09-10 12:11:48 INFO     Building workflow 10 of 24
2025-09-10 12:11:51 INFO     Building workflow 11 of 24
2025-09-10 12:11:53 INFO     Building workflow 12 of 24
2025-09-10 12:11:55 INFO     Building workflow 13 of 24
2025-09-10 12:11:57 INFO     Building workflow 14 of 24
2025-09-10 12:11:59 INFO     Building workflow 15 of 24
2025-09-10 12:12:02 INFO     Building workflow 16 of 24
2025-09-10 12:12:03 INFO     Building workflow 17 of 24
2025-09-10 12:12:06 INFO     Building workflow 18 of 24
2025-09-10 12:12:09 INFO     Building workflow 19 of 24
2025-09-10 12:12:12 INFO     Building workflow 20 of 24
2025-09-10 12:12:14 INFO     Building workflow 21 of 24
2025-09-10 12:12:16 INFO     Building workflow 22 of 24
2025-09-10 12:12:18 INFO     Building workflow 23 of 24
/data/homezvol0/mattt2/y/envs/n-vdw-split/lib/python3.12/site-packages/dask_jobqueue/core.py:285: FutureWarning: env_extra has been renamed to job_script_prologue. You are still using it (even if only set to []; please also check config files). If you did not set job_script_prologue yet, env_extra will be respected for now, but it will be removed in a future release. If you already set job_script_prologue, env_extra is ignored and you can remove it.
  warnings.warn(warn, FutureWarning)
/data/homezvol0/mattt2/y/envs/n-vdw-split/lib/python3.12/site-packages/dask_jobqueue/slurm.py:55: FutureWarning: project has been renamed to account as this kwarg was used wit -A option. You are still using it (please also check config files). If you did not set account yet, project will be respected for now, but it will be removed in a future release. If you already set account, project is ignored and you can remove it.
  warnings.warn(warn, FutureWarning)
/data/homezvol0/mattt2/y/envs/n-vdw-split/lib/python3.12/site-packages/dask_jobqueue/core.py:285: FutureWarning: env_extra has been renamed to job_script_prologue. You are still using it (even if only set to []; please also check config files). If you did not set job_script_prologue yet, env_extra will be respected for now, but it will be removed in a future release. If you already set job_script_prologue, env_extra is ignored and you can remove it.
  warnings.warn(warn, FutureWarning)
/data/homezvol0/mattt2/y/envs/n-vdw-split/lib/python3.12/site-packages/dask_jobqueue/slurm.py:55: FutureWarning: project has been renamed to account as this kwarg was used wit -A option. You are still using it (please also check config files). If you did not set account yet, project will be respected for now, but it will be removed in a future release. If you already set account, project is ignored and you can remove it.
  warnings.warn(warn, FutureWarning)
/data/homezvol0/mattt2/y/envs/n-vdw-split/lib/python3.12/site-packages/dask_jobqueue/core.py:285: FutureWarning: env_extra has been renamed to job_script_prologue. You are still using it (even if only set to []; please also check config files). If you did not set job_script_prologue yet, env_extra will be respected for now, but it will be removed in a future release. If you already set job_script_prologue, env_extra is ignored and you can remove it.
  warnings.warn(warn, FutureWarning)
/data/homezvol0/mattt2/y/envs/n-vdw-split/lib/python3.12/site-packages/dask_jobqueue/slurm.py:55: FutureWarning: project has been renamed to account as this kwarg was used wit -A option. You are still using it (please also check config files). If you did not set account yet, project will be respected for now, but it will be removed in a future release. If you already set account, project is ignored and you can remove it.
  warnings.warn(warn, FutureWarning)
/data/homezvol0/mattt2/y/envs/n-vdw-split/lib/python3.12/site-packages/dask_jobqueue/core.py:285: FutureWarning: env_extra has been renamed to job_script_prologue. You are still using it (even if only set to []; please also check config files). If you did not set job_script_prologue yet, env_extra will be respected for now, but it will be removed in a future release. If you already set job_script_prologue, env_extra is ignored and you can remove it.
  warnings.warn(warn, FutureWarning)
/data/homezvol0/mattt2/y/envs/n-vdw-split/lib/python3.12/site-packages/dask_jobqueue/slurm.py:55: FutureWarning: project has been renamed to account as this kwarg was used wit -A option. You are still using it (please also check config files). If you did not set account yet, project will be respected for now, but it will be removed in a future release. If you already set account, project is ignored and you can remove it.
  warnings.warn(warn, FutureWarning)
/data/homezvol0/mattt2/y/envs/n-vdw-split/lib/python3.12/site-packages/dask_jobqueue/core.py:285: FutureWarning: env_extra has been renamed to job_script_prologue. You are still using it (even if only set to []; please also check config files). If you did not set job_script_prologue yet, env_extra will be respected for now, but it will be removed in a future release. If you already set job_script_prologue, env_extra is ignored and you can remove it.
  warnings.warn(warn, FutureWarning)
/data/homezvol0/mattt2/y/envs/n-vdw-split/lib/python3.12/site-packages/dask_jobqueue/slurm.py:55: FutureWarning: project has been renamed to account as this kwarg was used wit -A option. You are still using it (please also check config files). If you did not set account yet, project will be respected for now, but it will be removed in a future release. If you already set account, project is ignored and you can remove it.
  warnings.warn(warn, FutureWarning)
/data/homezvol0/mattt2/y/envs/n-vdw-split/lib/python3.12/site-packages/dask_jobqueue/core.py:285: FutureWarning: env_extra has been renamed to job_script_prologue. You are still using it (even if only set to []; please also check config files). If you did not set job_script_prologue yet, env_extra will be respected for now, but it will be removed in a future release. If you already set job_script_prologue, env_extra is ignored and you can remove it.
  warnings.warn(warn, FutureWarning)
/data/homezvol0/mattt2/y/envs/n-vdw-split/lib/python3.12/site-packages/dask_jobqueue/slurm.py:55: FutureWarning: project has been renamed to account as this kwarg was used wit -A option. You are still using it (please also check config files). If you did not set account yet, project will be respected for now, but it will be removed in a future release. If you already set account, project is ignored and you can remove it.
  warnings.warn(warn, FutureWarning)
/data/homezvol0/mattt2/y/envs/n-vdw-split/lib/python3.12/site-packages/dask_jobqueue/core.py:285: FutureWarning: env_extra has been renamed to job_script_prologue. You are still using it (even if only set to []; please also check config files). If you did not set job_script_prologue yet, env_extra will be respected for now, but it will be removed in a future release. If you already set job_script_prologue, env_extra is ignored and you can remove it.
  warnings.warn(warn, FutureWarning)
/data/homezvol0/mattt2/y/envs/n-vdw-split/lib/python3.12/site-packages/dask_jobqueue/slurm.py:55: FutureWarning: project has been renamed to account as this kwarg was used wit -A option. You are still using it (please also check config files). If you did not set account yet, project will be respected for now, but it will be removed in a future release. If you already set account, project is ignored and you can remove it.
  warnings.warn(warn, FutureWarning)
/data/homezvol0/mattt2/y/envs/n-vdw-split/lib/python3.12/site-packages/dask_jobqueue/core.py:285: FutureWarning: env_extra has been renamed to job_script_prologue. You are still using it (even if only set to []; please also check config files). If you did not set job_script_prologue yet, env_extra will be respected for now, but it will be removed in a future release. If you already set job_script_prologue, env_extra is ignored and you can remove it.
  warnings.warn(warn, FutureWarning)
/data/homezvol0/mattt2/y/envs/n-vdw-split/lib/python3.12/site-packages/dask_jobqueue/slurm.py:55: FutureWarning: project has been renamed to account as this kwarg was used wit -A option. You are still using it (please also check config files). If you did not set account yet, project will be respected for now, but it will be removed in a future release. If you already set account, project is ignored and you can remove it.
  warnings.warn(warn, FutureWarning)
/data/homezvol0/mattt2/y/envs/n-vdw-split/lib/python3.12/site-packages/dask_jobqueue/core.py:285: FutureWarning: env_extra has been renamed to job_script_prologue. You are still using it (even if only set to []; please also check config files). If you did not set job_script_prologue yet, env_extra will be respected for now, but it will be removed in a future release. If you already set job_script_prologue, env_extra is ignored and you can remove it.
  warnings.warn(warn, FutureWarning)
/data/homezvol0/mattt2/y/envs/n-vdw-split/lib/python3.12/site-packages/dask_jobqueue/slurm.py:55: FutureWarning: project has been renamed to account as this kwarg was used wit -A option. You are still using it (please also check config files). If you did not set account yet, project will be respected for now, but it will be removed in a future release. If you already set account, project is ignored and you can remove it.
  warnings.warn(warn, FutureWarning)
/data/homezvol0/mattt2/y/envs/n-vdw-split/lib/python3.12/site-packages/dask_jobqueue/core.py:285: FutureWarning: env_extra has been renamed to job_script_prologue. You are still using it (even if only set to []; please also check config files). If you did not set job_script_prologue yet, env_extra will be respected for now, but it will be removed in a future release. If you already set job_script_prologue, env_extra is ignored and you can remove it.
  warnings.warn(warn, FutureWarning)
/data/homezvol0/mattt2/y/envs/n-vdw-split/lib/python3.12/site-packages/dask_jobqueue/slurm.py:55: FutureWarning: project has been renamed to account as this kwarg was used wit -A option. You are still using it (please also check config files). If you did not set account yet, project will be respected for now, but it will be removed in a future release. If you already set account, project is ignored and you can remove it.
  warnings.warn(warn, FutureWarning)
/data/homezvol0/mattt2/y/envs/n-vdw-split/lib/python3.12/site-packages/dask_jobqueue/core.py:285: FutureWarning: env_extra has been renamed to job_script_prologue. You are still using it (even if only set to []; please also check config files). If you did not set job_script_prologue yet, env_extra will be respected for now, but it will be removed in a future release. If you already set job_script_prologue, env_extra is ignored and you can remove it.
  warnings.warn(warn, FutureWarning)
/data/homezvol0/mattt2/y/envs/n-vdw-split/lib/python3.12/site-packages/dask_jobqueue/slurm.py:55: FutureWarning: project has been renamed to account as this kwarg was used wit -A option. You are still using it (please also check config files). If you did not set account yet, project will be respected for now, but it will be removed in a future release. If you already set account, project is ignored and you can remove it.
  warnings.warn(warn, FutureWarning)
/data/homezvol0/mattt2/y/envs/n-vdw-split/lib/python3.12/site-packages/dask_jobqueue/core.py:285: FutureWarning: env_extra has been renamed to job_script_prologue. You are still using it (even if only set to []; please also check config files). If you did not set job_script_prologue yet, env_extra will be respected for now, but it will be removed in a future release. If you already set job_script_prologue, env_extra is ignored and you can remove it.
  warnings.warn(warn, FutureWarning)
/data/homezvol0/mattt2/y/envs/n-vdw-split/lib/python3.12/site-packages/dask_jobqueue/slurm.py:55: FutureWarning: project has been renamed to account as this kwarg was used wit -A option. You are still using it (please also check config files). If you did not set account yet, project will be respected for now, but it will be removed in a future release. If you already set account, project is ignored and you can remove it.
  warnings.warn(warn, FutureWarning)
/data/homezvol0/mattt2/y/envs/n-vdw-split/lib/python3.12/site-packages/dask_jobqueue/core.py:285: FutureWarning: env_extra has been renamed to job_script_prologue. You are still using it (even if only set to []; please also check config files). If you did not set job_script_prologue yet, env_extra will be respected for now, but it will be removed in a future release. If you already set job_script_prologue, env_extra is ignored and you can remove it.
  warnings.warn(warn, FutureWarning)
/data/homezvol0/mattt2/y/envs/n-vdw-split/lib/python3.12/site-packages/dask_jobqueue/slurm.py:55: FutureWarning: project has been renamed to account as this kwarg was used wit -A option. You are still using it (please also check config files). If you did not set account yet, project will be respected for now, but it will be removed in a future release. If you already set account, project is ignored and you can remove it.
  warnings.warn(warn, FutureWarning)
/data/homezvol0/mattt2/y/envs/n-vdw-split/lib/python3.12/site-packages/dask_jobqueue/core.py:285: FutureWarning: env_extra has been renamed to job_script_prologue. You are still using it (even if only set to []; please also check config files). If you did not set job_script_prologue yet, env_extra will be respected for now, but it will be removed in a future release. If you already set job_script_prologue, env_extra is ignored and you can remove it.
  warnings.warn(warn, FutureWarning)
/data/homezvol0/mattt2/y/envs/n-vdw-split/lib/python3.12/site-packages/dask_jobqueue/slurm.py:55: FutureWarning: project has been renamed to account as this kwarg was used wit -A option. You are still using it (please also check config files). If you did not set account yet, project will be respected for now, but it will be removed in a future release. If you already set account, project is ignored and you can remove it.
  warnings.warn(warn, FutureWarning)
2025-09-10 14:11:54 INFO     Finished server request fa08c00b68c24a49b3a65902b2585b81
/data/homezvol0/mattt2/y/envs/n-vdw-split/lib/python3.12/site-packages/dask_jobqueue/core.py:285: FutureWarning: env_extra has been renamed to job_script_prologue. You are still using it (even if only set to []; please also check config files). If you did not set job_script_prologue yet, env_extra will be respected for now, but it will be removed in a future release. If you already set job_script_prologue, env_extra is ignored and you can remove it.
  warnings.warn(warn, FutureWarning)
/data/homezvol0/mattt2/y/envs/n-vdw-split/lib/python3.12/site-packages/dask_jobqueue/slurm.py:55: FutureWarning: project has been renamed to account as this kwarg was used wit -A option. You are still using it (please also check config files). If you did not set account yet, project will be respected for now, but it will be removed in a future release. If you already set account, project is ignored and you can remove it.
  warnings.warn(warn, FutureWarning)
/data/homezvol0/mattt2/y/envs/n-vdw-split/lib/python3.12/site-packages/dask_jobqueue/core.py:285: FutureWarning: env_extra has been renamed to job_script_prologue. You are still using it (even if only set to []; please also check config files). If you did not set job_script_prologue yet, env_extra will be respected for now, but it will be removed in a future release. If you already set job_script_prologue, env_extra is ignored and you can remove it.
  warnings.warn(warn, FutureWarning)
/data/homezvol0/mattt2/y/envs/n-vdw-split/lib/python3.12/site-packages/dask_jobqueue/slurm.py:55: FutureWarning: project has been renamed to account as this kwarg was used wit -A option. You are still using it (please also check config files). If you did not set account yet, project will be respected for now, but it will be removed in a future release. If you already set account, project is ignored and you can remove it.
  warnings.warn(warn, FutureWarning)
/data/homezvol0/mattt2/y/envs/n-vdw-split/lib/python3.12/site-packages/dask_jobqueue/core.py:285: FutureWarning: env_extra has been renamed to job_script_prologue. You are still using it (even if only set to []; please also check config files). If you did not set job_script_prologue yet, env_extra will be respected for now, but it will be removed in a future release. If you already set job_script_prologue, env_extra is ignored and you can remove it.
  warnings.warn(warn, FutureWarning)
/data/homezvol0/mattt2/y/envs/n-vdw-split/lib/python3.12/site-packages/dask_jobqueue/slurm.py:55: FutureWarning: project has been renamed to account as this kwarg was used wit -A option. You are still using it (please also check config files). If you did not set account yet, project will be respected for now, but it will be removed in a future release. If you already set account, project is ignored and you can remove it.
  warnings.warn(warn, FutureWarning)
2025-09-10 15:13:51 INFO     Finished server request 504e3c16f44241bb9a1eba1dd91c6012
/data/homezvol0/mattt2/y/envs/n-vdw-split/lib/python3.12/site-packages/dask_jobqueue/core.py:285: FutureWarning: env_extra has been renamed to job_script_prologue. You are still using it (even if only set to []; please also check config files). If you did not set job_script_prologue yet, env_extra will be respected for now, but it will be removed in a future release. If you already set job_script_prologue, env_extra is ignored and you can remove it.
  warnings.warn(warn, FutureWarning)
/data/homezvol0/mattt2/y/envs/n-vdw-split/lib/python3.12/site-packages/dask_jobqueue/slurm.py:55: FutureWarning: project has been renamed to account as this kwarg was used wit -A option. You are still using it (please also check config files). If you did not set account yet, project will be respected for now, but it will be removed in a future release. If you already set account, project is ignored and you can remove it.
  warnings.warn(warn, FutureWarning)
2025-09-10 15:44:23 INFO     Finished server request 9909d3f6acc3423aad17d21b2e771477
2025-09-10 15:48:24 INFO     Received estimation request from ('127.0.0.1', 44878)
2025-09-10 15:48:26 INFO     Submission 6a0db1695ad948708dec9fed78a07935 received
2025-09-10 15:48:26 INFO     Launching batch 56f35d0a766040bfbc47f35ece9f41f7 using the PreequilibratedSimulationLayer layer
2025-09-10 15:48:26 INFO     Building workflow 0 of 48
2025-09-10 15:48:29 INFO     Building workflow 1 of 48
2025-09-10 15:48:32 INFO     Building workflow 2 of 48
2025-09-10 15:48:34 INFO     Building workflow 3 of 48
2025-09-10 15:48:35 INFO     Building workflow 4 of 48
2025-09-10 15:48:38 INFO     Building workflow 5 of 48
2025-09-10 15:48:40 INFO     Building workflow 6 of 48
2025-09-10 15:48:43 INFO     Building workflow 7 of 48
2025-09-10 15:48:46 INFO     Building workflow 8 of 48
2025-09-10 15:48:47 INFO     Building workflow 9 of 48
2025-09-10 15:48:50 INFO     Building workflow 10 of 48
2025-09-10 15:48:52 INFO     Building workflow 11 of 48
2025-09-10 15:48:53 INFO     Building workflow 12 of 48
2025-09-10 15:48:56 INFO     Building workflow 13 of 48
2025-09-10 15:48:59 INFO     Building workflow 14 of 48
2025-09-10 15:49:01 INFO     Building workflow 15 of 48
2025-09-10 15:49:03 INFO     Building workflow 16 of 48
2025-09-10 15:49:05 INFO     Building workflow 17 of 48
2025-09-10 15:49:07 INFO     Building workflow 18 of 48
2025-09-10 15:49:08 INFO     Building workflow 19 of 48
2025-09-10 15:49:10 INFO     Building workflow 20 of 48
2025-09-10 15:49:13 INFO     Building workflow 21 of 48
2025-09-10 15:49:14 INFO     Building workflow 22 of 48
2025-09-10 15:49:17 INFO     Building workflow 23 of 48
2025-09-10 15:49:20 INFO     Building workflow 24 of 48
2025-09-10 15:49:22 INFO     Building workflow 25 of 48
2025-09-10 15:49:25 INFO     Building workflow 26 of 48
2025-09-10 15:49:28 INFO     Building workflow 27 of 48
2025-09-10 15:49:29 INFO     Building workflow 28 of 48
2025-09-10 15:49:32 INFO     Building workflow 29 of 48
2025-09-10 15:49:34 INFO     Building workflow 30 of 48
2025-09-10 15:49:37 INFO     Building workflow 31 of 48
2025-09-10 15:49:38 INFO     Building workflow 32 of 48
2025-09-10 15:49:41 INFO     Building workflow 33 of 48
2025-09-10 15:49:44 INFO     Building workflow 34 of 48
2025-09-10 15:49:45 INFO     Building workflow 35 of 48
2025-09-10 15:49:47 INFO     Building workflow 36 of 48
2025-09-10 15:49:49 INFO     Building workflow 37 of 48
2025-09-10 15:49:52 INFO     Building workflow 38 of 48
2025-09-10 15:49:55 INFO     Building workflow 39 of 48
2025-09-10 15:49:58 INFO     Building workflow 40 of 48
2025-09-10 15:49:59 INFO     Building workflow 41 of 48
2025-09-10 15:50:01 INFO     Building workflow 42 of 48
2025-09-10 15:50:03 INFO     Building workflow 43 of 48
2025-09-10 15:50:05 INFO     Building workflow 44 of 48
2025-09-10 15:50:08 INFO     Building workflow 45 of 48
2025-09-10 15:50:09 INFO     Building workflow 46 of 48
2025-09-10 15:50:12 INFO     Building workflow 47 of 48
/data/homezvol0/mattt2/y/envs/n-vdw-split/lib/python3.12/site-packages/dask_jobqueue/core.py:285: FutureWarning: env_extra has been renamed to job_script_prologue. You are still using it (even if only set to []; please also check config files). If you did not set job_script_prologue yet, env_extra will be respected for now, but it will be removed in a future release. If you already set job_script_prologue, env_extra is ignored and you can remove it.
  warnings.warn(warn, FutureWarning)
/data/homezvol0/mattt2/y/envs/n-vdw-split/lib/python3.12/site-packages/dask_jobqueue/slurm.py:55: FutureWarning: project has been renamed to account as this kwarg was used wit -A option. You are still using it (please also check config files). If you did not set account yet, project will be respected for now, but it will be removed in a future release. If you already set account, project is ignored and you can remove it.
  warnings.warn(warn, FutureWarning)
2025-09-10 15:50:21 INFO     Launching batch 7a2448618358437da9cbba2c4e1f804e using the PreequilibratedSimulationLayer layer
2025-09-10 15:50:21 INFO     Building workflow 0 of 48
/data/homezvol0/mattt2/y/envs/n-vdw-split/lib/python3.12/site-packages/dask_jobqueue/core.py:285: FutureWarning: env_extra has been renamed to job_script_prologue. You are still using it (even if only set to []; please also check config files). If you did not set job_script_prologue yet, env_extra will be respected for now, but it will be removed in a future release. If you already set job_script_prologue, env_extra is ignored and you can remove it.
  warnings.warn(warn, FutureWarning)
/data/homezvol0/mattt2/y/envs/n-vdw-split/lib/python3.12/site-packages/dask_jobqueue/slurm.py:55: FutureWarning: project has been renamed to account as this kwarg was used wit -A option. You are still using it (please also check config files). If you did not set account yet, project will be respected for now, but it will be removed in a future release. If you already set account, project is ignored and you can remove it.
  warnings.warn(warn, FutureWarning)
2025-09-10 15:50:23 INFO     Building workflow 1 of 48
2025-09-10 15:50:25 INFO     Building workflow 2 of 48
2025-09-10 15:50:28 INFO     Building workflow 3 of 48
2025-09-10 15:50:30 INFO     Building workflow 4 of 48
2025-09-10 15:50:33 INFO     Building workflow 5 of 48
2025-09-10 15:50:36 INFO     Building workflow 6 of 48
2025-09-10 15:50:38 INFO     Building workflow 7 of 48
2025-09-10 15:50:40 INFO     Building workflow 8 of 48
2025-09-10 15:50:43 INFO     Building workflow 9 of 48
2025-09-10 15:50:46 INFO     Building workflow 10 of 48
2025-09-10 15:50:47 INFO     Building workflow 11 of 48
2025-09-10 15:50:51 INFO     Building workflow 12 of 48
2025-09-10 15:50:53 INFO     Building workflow 13 of 48
2025-09-10 15:50:56 INFO     Building workflow 14 of 48
2025-09-10 15:50:58 INFO     Building workflow 15 of 48
2025-09-10 15:50:59 INFO     Building workflow 16 of 48
2025-09-10 15:51:02 INFO     Building workflow 17 of 48
2025-09-10 15:51:04 INFO     Building workflow 18 of 48
2025-09-10 15:51:06 INFO     Building workflow 19 of 48
2025-09-10 15:51:09 INFO     Building workflow 20 of 48
2025-09-10 15:51:12 INFO     Building workflow 21 of 48
2025-09-10 15:51:14 INFO     Building workflow 22 of 48
2025-09-10 15:51:17 INFO     Building workflow 23 of 48
2025-09-10 15:51:18 INFO     Building workflow 24 of 48
2025-09-10 15:51:21 INFO     Building workflow 25 of 48
2025-09-10 15:51:24 INFO     Building workflow 26 of 48
2025-09-10 15:51:26 INFO     Building workflow 27 of 48
2025-09-10 15:51:27 INFO     Building workflow 28 of 48
2025-09-10 15:51:30 INFO     Building workflow 29 of 48
2025-09-10 15:51:32 INFO     Building workflow 30 of 48
2025-09-10 15:51:36 INFO     Building workflow 31 of 48
2025-09-10 15:51:39 INFO     Building workflow 32 of 48
2025-09-10 15:51:42 INFO     Building workflow 33 of 48
2025-09-10 15:51:43 INFO     Building workflow 34 of 48
2025-09-10 15:51:45 INFO     Building workflow 35 of 48
2025-09-10 15:51:47 INFO     Building workflow 36 of 48
2025-09-10 15:51:48 INFO     Building workflow 37 of 48
2025-09-10 15:51:50 INFO     Building workflow 38 of 48
2025-09-10 15:51:53 INFO     Building workflow 39 of 48
2025-09-10 15:51:54 INFO     Building workflow 40 of 48
2025-09-10 15:51:57 INFO     Building workflow 41 of 48
2025-09-10 15:52:00 INFO     Building workflow 42 of 48
2025-09-10 15:52:03 INFO     Building workflow 43 of 48
2025-09-10 15:52:06 INFO     Building workflow 44 of 48
2025-09-10 15:52:08 INFO     Building workflow 45 of 48
2025-09-10 15:52:10 INFO     Building workflow 46 of 48
2025-09-10 15:52:13 INFO     Building workflow 47 of 48
2025-09-10 15:52:23 INFO     Launching batch e164d579ea50419fa74b2181e2e905f6 using the PreequilibratedSimulationLayer layer
2025-09-10 15:52:23 INFO     Building workflow 0 of 24
2025-09-10 15:52:26 INFO     Building workflow 1 of 24
2025-09-10 15:52:28 INFO     Building workflow 2 of 24
2025-09-10 15:52:29 INFO     Building workflow 3 of 24
2025-09-10 15:52:32 INFO     Building workflow 4 of 24
2025-09-10 15:52:35 INFO     Building workflow 5 of 24
2025-09-10 15:52:37 INFO     Building workflow 6 of 24
2025-09-10 15:52:39 INFO     Building workflow 7 of 24
2025-09-10 15:52:41 INFO     Building workflow 8 of 24
2025-09-10 15:52:44 INFO     Building workflow 9 of 24
2025-09-10 15:52:47 INFO     Building workflow 10 of 24
2025-09-10 15:52:51 INFO     Building workflow 11 of 24
2025-09-10 15:52:53 INFO     Building workflow 12 of 24
2025-09-10 15:52:54 INFO     Building workflow 13 of 24
2025-09-10 15:52:57 INFO     Building workflow 14 of 24
2025-09-10 15:52:59 INFO     Building workflow 15 of 24
2025-09-10 15:53:03 INFO     Building workflow 16 of 24
2025-09-10 15:53:04 INFO     Building workflow 17 of 24
2025-09-10 15:53:07 INFO     Building workflow 18 of 24
2025-09-10 15:53:10 INFO     Building workflow 19 of 24
2025-09-10 15:53:14 INFO     Building workflow 20 of 24
2025-09-10 15:53:16 INFO     Building workflow 21 of 24
2025-09-10 15:53:18 INFO     Building workflow 22 of 24
2025-09-10 15:53:20 INFO     Building workflow 23 of 24
/data/homezvol0/mattt2/y/envs/n-vdw-split/lib/python3.12/site-packages/dask_jobqueue/core.py:285: FutureWarning: env_extra has been renamed to job_script_prologue. You are still using it (even if only set to []; please also check config files). If you did not set job_script_prologue yet, env_extra will be respected for now, but it will be removed in a future release. If you already set job_script_prologue, env_extra is ignored and you can remove it.
  warnings.warn(warn, FutureWarning)
/data/homezvol0/mattt2/y/envs/n-vdw-split/lib/python3.12/site-packages/dask_jobqueue/slurm.py:55: FutureWarning: project has been renamed to account as this kwarg was used wit -A option. You are still using it (please also check config files). If you did not set account yet, project will be respected for now, but it will be removed in a future release. If you already set account, project is ignored and you can remove it.
  warnings.warn(warn, FutureWarning)
/data/homezvol0/mattt2/y/envs/n-vdw-split/lib/python3.12/site-packages/dask_jobqueue/core.py:285: FutureWarning: env_extra has been renamed to job_script_prologue. You are still using it (even if only set to []; please also check config files). If you did not set job_script_prologue yet, env_extra will be respected for now, but it will be removed in a future release. If you already set job_script_prologue, env_extra is ignored and you can remove it.
  warnings.warn(warn, FutureWarning)
/data/homezvol0/mattt2/y/envs/n-vdw-split/lib/python3.12/site-packages/dask_jobqueue/slurm.py:55: FutureWarning: project has been renamed to account as this kwarg was used wit -A option. You are still using it (please also check config files). If you did not set account yet, project will be respected for now, but it will be removed in a future release. If you already set account, project is ignored and you can remove it.
  warnings.warn(warn, FutureWarning)
/data/homezvol0/mattt2/y/envs/n-vdw-split/lib/python3.12/site-packages/dask_jobqueue/core.py:285: FutureWarning: env_extra has been renamed to job_script_prologue. You are still using it (even if only set to []; please also check config files). If you did not set job_script_prologue yet, env_extra will be respected for now, but it will be removed in a future release. If you already set job_script_prologue, env_extra is ignored and you can remove it.
  warnings.warn(warn, FutureWarning)
/data/homezvol0/mattt2/y/envs/n-vdw-split/lib/python3.12/site-packages/dask_jobqueue/slurm.py:55: FutureWarning: project has been renamed to account as this kwarg was used wit -A option. You are still using it (please also check config files). If you did not set account yet, project will be respected for now, but it will be removed in a future release. If you already set account, project is ignored and you can remove it.
  warnings.warn(warn, FutureWarning)
/data/homezvol0/mattt2/y/envs/n-vdw-split/lib/python3.12/site-packages/dask_jobqueue/core.py:285: FutureWarning: env_extra has been renamed to job_script_prologue. You are still using it (even if only set to []; please also check config files). If you did not set job_script_prologue yet, env_extra will be respected for now, but it will be removed in a future release. If you already set job_script_prologue, env_extra is ignored and you can remove it.
  warnings.warn(warn, FutureWarning)
/data/homezvol0/mattt2/y/envs/n-vdw-split/lib/python3.12/site-packages/dask_jobqueue/slurm.py:55: FutureWarning: project has been renamed to account as this kwarg was used wit -A option. You are still using it (please also check config files). If you did not set account yet, project will be respected for now, but it will be removed in a future release. If you already set account, project is ignored and you can remove it.
  warnings.warn(warn, FutureWarning)
/data/homezvol0/mattt2/y/envs/n-vdw-split/lib/python3.12/site-packages/dask_jobqueue/core.py:285: FutureWarning: env_extra has been renamed to job_script_prologue. You are still using it (even if only set to []; please also check config files). If you did not set job_script_prologue yet, env_extra will be respected for now, but it will be removed in a future release. If you already set job_script_prologue, env_extra is ignored and you can remove it.
  warnings.warn(warn, FutureWarning)
/data/homezvol0/mattt2/y/envs/n-vdw-split/lib/python3.12/site-packages/dask_jobqueue/slurm.py:55: FutureWarning: project has been renamed to account as this kwarg was used wit -A option. You are still using it (please also check config files). If you did not set account yet, project will be respected for now, but it will be removed in a future release. If you already set account, project is ignored and you can remove it.
  warnings.warn(warn, FutureWarning)
/data/homezvol0/mattt2/y/envs/n-vdw-split/lib/python3.12/site-packages/dask_jobqueue/core.py:285: FutureWarning: env_extra has been renamed to job_script_prologue. You are still using it (even if only set to []; please also check config files). If you did not set job_script_prologue yet, env_extra will be respected for now, but it will be removed in a future release. If you already set job_script_prologue, env_extra is ignored and you can remove it.
  warnings.warn(warn, FutureWarning)
/data/homezvol0/mattt2/y/envs/n-vdw-split/lib/python3.12/site-packages/dask_jobqueue/slurm.py:55: FutureWarning: project has been renamed to account as this kwarg was used wit -A option. You are still using it (please also check config files). If you did not set account yet, project will be respected for now, but it will be removed in a future release. If you already set account, project is ignored and you can remove it.
  warnings.warn(warn, FutureWarning)
/data/homezvol0/mattt2/y/envs/n-vdw-split/lib/python3.12/site-packages/dask_jobqueue/core.py:285: FutureWarning: env_extra has been renamed to job_script_prologue. You are still using it (even if only set to []; please also check config files). If you did not set job_script_prologue yet, env_extra will be respected for now, but it will be removed in a future release. If you already set job_script_prologue, env_extra is ignored and you can remove it.
  warnings.warn(warn, FutureWarning)
/data/homezvol0/mattt2/y/envs/n-vdw-split/lib/python3.12/site-packages/dask_jobqueue/slurm.py:55: FutureWarning: project has been renamed to account as this kwarg was used wit -A option. You are still using it (please also check config files). If you did not set account yet, project will be respected for now, but it will be removed in a future release. If you already set account, project is ignored and you can remove it.
  warnings.warn(warn, FutureWarning)
/data/homezvol0/mattt2/y/envs/n-vdw-split/lib/python3.12/site-packages/dask_jobqueue/core.py:285: FutureWarning: env_extra has been renamed to job_script_prologue. You are still using it (even if only set to []; please also check config files). If you did not set job_script_prologue yet, env_extra will be respected for now, but it will be removed in a future release. If you already set job_script_prologue, env_extra is ignored and you can remove it.
  warnings.warn(warn, FutureWarning)
/data/homezvol0/mattt2/y/envs/n-vdw-split/lib/python3.12/site-packages/dask_jobqueue/slurm.py:55: FutureWarning: project has been renamed to account as this kwarg was used wit -A option. You are still using it (please also check config files). If you did not set account yet, project will be respected for now, but it will be removed in a future release. If you already set account, project is ignored and you can remove it.
  warnings.warn(warn, FutureWarning)
/data/homezvol0/mattt2/y/envs/n-vdw-split/lib/python3.12/site-packages/dask_jobqueue/core.py:285: FutureWarning: env_extra has been renamed to job_script_prologue. You are still using it (even if only set to []; please also check config files). If you did not set job_script_prologue yet, env_extra will be respected for now, but it will be removed in a future release. If you already set job_script_prologue, env_extra is ignored and you can remove it.
  warnings.warn(warn, FutureWarning)
/data/homezvol0/mattt2/y/envs/n-vdw-split/lib/python3.12/site-packages/dask_jobqueue/slurm.py:55: FutureWarning: project has been renamed to account as this kwarg was used wit -A option. You are still using it (please also check config files). If you did not set account yet, project will be respected for now, but it will be removed in a future release. If you already set account, project is ignored and you can remove it.
  warnings.warn(warn, FutureWarning)
/data/homezvol0/mattt2/y/envs/n-vdw-split/lib/python3.12/site-packages/dask_jobqueue/core.py:285: FutureWarning: env_extra has been renamed to job_script_prologue. You are still using it (even if only set to []; please also check config files). If you did not set job_script_prologue yet, env_extra will be respected for now, but it will be removed in a future release. If you already set job_script_prologue, env_extra is ignored and you can remove it.
  warnings.warn(warn, FutureWarning)
/data/homezvol0/mattt2/y/envs/n-vdw-split/lib/python3.12/site-packages/dask_jobqueue/slurm.py:55: FutureWarning: project has been renamed to account as this kwarg was used wit -A option. You are still using it (please also check config files). If you did not set account yet, project will be respected for now, but it will be removed in a future release. If you already set account, project is ignored and you can remove it.
  warnings.warn(warn, FutureWarning)
/data/homezvol0/mattt2/y/envs/n-vdw-split/lib/python3.12/site-packages/dask_jobqueue/core.py:285: FutureWarning: env_extra has been renamed to job_script_prologue. You are still using it (even if only set to []; please also check config files). If you did not set job_script_prologue yet, env_extra will be respected for now, but it will be removed in a future release. If you already set job_script_prologue, env_extra is ignored and you can remove it.
  warnings.warn(warn, FutureWarning)
/data/homezvol0/mattt2/y/envs/n-vdw-split/lib/python3.12/site-packages/dask_jobqueue/slurm.py:55: FutureWarning: project has been renamed to account as this kwarg was used wit -A option. You are still using it (please also check config files). If you did not set account yet, project will be respected for now, but it will be removed in a future release. If you already set account, project is ignored and you can remove it.
  warnings.warn(warn, FutureWarning)
/data/homezvol0/mattt2/y/envs/n-vdw-split/lib/python3.12/site-packages/dask_jobqueue/core.py:285: FutureWarning: env_extra has been renamed to job_script_prologue. You are still using it (even if only set to []; please also check config files). If you did not set job_script_prologue yet, env_extra will be respected for now, but it will be removed in a future release. If you already set job_script_prologue, env_extra is ignored and you can remove it.
  warnings.warn(warn, FutureWarning)
/data/homezvol0/mattt2/y/envs/n-vdw-split/lib/python3.12/site-packages/dask_jobqueue/slurm.py:55: FutureWarning: project has been renamed to account as this kwarg was used wit -A option. You are still using it (please also check config files). If you did not set account yet, project will be respected for now, but it will be removed in a future release. If you already set account, project is ignored and you can remove it.
  warnings.warn(warn, FutureWarning)
/data/homezvol0/mattt2/y/envs/n-vdw-split/lib/python3.12/site-packages/dask_jobqueue/core.py:285: FutureWarning: env_extra has been renamed to job_script_prologue. You are still using it (even if only set to []; please also check config files). If you did not set job_script_prologue yet, env_extra will be respected for now, but it will be removed in a future release. If you already set job_script_prologue, env_extra is ignored and you can remove it.
  warnings.warn(warn, FutureWarning)
/data/homezvol0/mattt2/y/envs/n-vdw-split/lib/python3.12/site-packages/dask_jobqueue/slurm.py:55: FutureWarning: project has been renamed to account as this kwarg was used wit -A option. You are still using it (please also check config files). If you did not set account yet, project will be respected for now, but it will be removed in a future release. If you already set account, project is ignored and you can remove it.
  warnings.warn(warn, FutureWarning)
/data/homezvol0/mattt2/y/envs/n-vdw-split/lib/python3.12/site-packages/dask_jobqueue/core.py:285: FutureWarning: env_extra has been renamed to job_script_prologue. You are still using it (even if only set to []; please also check config files). If you did not set job_script_prologue yet, env_extra will be respected for now, but it will be removed in a future release. If you already set job_script_prologue, env_extra is ignored and you can remove it.
  warnings.warn(warn, FutureWarning)
/data/homezvol0/mattt2/y/envs/n-vdw-split/lib/python3.12/site-packages/dask_jobqueue/slurm.py:55: FutureWarning: project has been renamed to account as this kwarg was used wit -A option. You are still using it (please also check config files). If you did not set account yet, project will be respected for now, but it will be removed in a future release. If you already set account, project is ignored and you can remove it.
  warnings.warn(warn, FutureWarning)
/data/homezvol0/mattt2/y/envs/n-vdw-split/lib/python3.12/site-packages/dask_jobqueue/core.py:285: FutureWarning: env_extra has been renamed to job_script_prologue. You are still using it (even if only set to []; please also check config files). If you did not set job_script_prologue yet, env_extra will be respected for now, but it will be removed in a future release. If you already set job_script_prologue, env_extra is ignored and you can remove it.
  warnings.warn(warn, FutureWarning)
/data/homezvol0/mattt2/y/envs/n-vdw-split/lib/python3.12/site-packages/dask_jobqueue/slurm.py:55: FutureWarning: project has been renamed to account as this kwarg was used wit -A option. You are still using it (please also check config files). If you did not set account yet, project will be respected for now, but it will be removed in a future release. If you already set account, project is ignored and you can remove it.
  warnings.warn(warn, FutureWarning)
/data/homezvol0/mattt2/y/envs/n-vdw-split/lib/python3.12/site-packages/dask_jobqueue/core.py:285: FutureWarning: env_extra has been renamed to job_script_prologue. You are still using it (even if only set to []; please also check config files). If you did not set job_script_prologue yet, env_extra will be respected for now, but it will be removed in a future release. If you already set job_script_prologue, env_extra is ignored and you can remove it.
  warnings.warn(warn, FutureWarning)
/data/homezvol0/mattt2/y/envs/n-vdw-split/lib/python3.12/site-packages/dask_jobqueue/slurm.py:55: FutureWarning: project has been renamed to account as this kwarg was used wit -A option. You are still using it (please also check config files). If you did not set account yet, project will be respected for now, but it will be removed in a future release. If you already set account, project is ignored and you can remove it.
  warnings.warn(warn, FutureWarning)
2025-09-10 17:47:08 INFO     Finished server request e164d579ea50419fa74b2181e2e905f6
/data/homezvol0/mattt2/y/envs/n-vdw-split/lib/python3.12/site-packages/dask_jobqueue/core.py:285: FutureWarning: env_extra has been renamed to job_script_prologue. You are still using it (even if only set to []; please also check config files). If you did not set job_script_prologue yet, env_extra will be respected for now, but it will be removed in a future release. If you already set job_script_prologue, env_extra is ignored and you can remove it.
  warnings.warn(warn, FutureWarning)
/data/homezvol0/mattt2/y/envs/n-vdw-split/lib/python3.12/site-packages/dask_jobqueue/slurm.py:55: FutureWarning: project has been renamed to account as this kwarg was used wit -A option. You are still using it (please also check config files). If you did not set account yet, project will be respected for now, but it will be removed in a future release. If you already set account, project is ignored and you can remove it.
  warnings.warn(warn, FutureWarning)
/data/homezvol0/mattt2/y/envs/n-vdw-split/lib/python3.12/site-packages/dask_jobqueue/core.py:285: FutureWarning: env_extra has been renamed to job_script_prologue. You are still using it (even if only set to []; please also check config files). If you did not set job_script_prologue yet, env_extra will be respected for now, but it will be removed in a future release. If you already set job_script_prologue, env_extra is ignored and you can remove it.
  warnings.warn(warn, FutureWarning)
/data/homezvol0/mattt2/y/envs/n-vdw-split/lib/python3.12/site-packages/dask_jobqueue/slurm.py:55: FutureWarning: project has been renamed to account as this kwarg was used wit -A option. You are still using it (please also check config files). If you did not set account yet, project will be respected for now, but it will be removed in a future release. If you already set account, project is ignored and you can remove it.
  warnings.warn(warn, FutureWarning)
2025-09-10 18:13:39 INFO     Finished server request 7a2448618358437da9cbba2c4e1f804e
/data/homezvol0/mattt2/y/envs/n-vdw-split/lib/python3.12/site-packages/dask_jobqueue/core.py:285: FutureWarning: env_extra has been renamed to job_script_prologue. You are still using it (even if only set to []; please also check config files). If you did not set job_script_prologue yet, env_extra will be respected for now, but it will be removed in a future release. If you already set job_script_prologue, env_extra is ignored and you can remove it.
  warnings.warn(warn, FutureWarning)
/data/homezvol0/mattt2/y/envs/n-vdw-split/lib/python3.12/site-packages/dask_jobqueue/slurm.py:55: FutureWarning: project has been renamed to account as this kwarg was used wit -A option. You are still using it (please also check config files). If you did not set account yet, project will be respected for now, but it will be removed in a future release. If you already set account, project is ignored and you can remove it.
  warnings.warn(warn, FutureWarning)
2025-09-10 18:40:57 INFO     Finished server request 56f35d0a766040bfbc47f35ece9f41f7
2025-09-10 18:49:02 INFO     Received estimation request from ('127.0.0.1', 60122)
2025-09-10 18:49:03 INFO     Submission 16600a418ef742058c9acccdb28fd38b received
2025-09-10 18:49:04 INFO     Launching batch 9c45c66c23a74698a803097e842f4bc0 using the PreequilibratedSimulationLayer layer
2025-09-10 18:49:04 INFO     Building workflow 0 of 48
2025-09-10 18:49:07 INFO     Building workflow 1 of 48
2025-09-10 18:49:09 INFO     Building workflow 2 of 48
2025-09-10 18:49:11 INFO     Building workflow 3 of 48
2025-09-10 18:49:13 INFO     Building workflow 4 of 48
2025-09-10 18:49:16 INFO     Building workflow 5 of 48
2025-09-10 18:49:17 INFO     Building workflow 6 of 48
2025-09-10 18:49:20 INFO     Building workflow 7 of 48
2025-09-10 18:49:23 INFO     Building workflow 8 of 48
2025-09-10 18:49:25 INFO     Building workflow 9 of 48
2025-09-10 18:49:27 INFO     Building workflow 10 of 48
2025-09-10 18:49:29 INFO     Building workflow 11 of 48
2025-09-10 18:49:30 INFO     Building workflow 12 of 48
2025-09-10 18:49:33 INFO     Building workflow 13 of 48
2025-09-10 18:49:36 INFO     Building workflow 14 of 48
2025-09-10 18:49:37 INFO     Building workflow 15 of 48
2025-09-10 18:49:40 INFO     Building workflow 16 of 48
2025-09-10 18:49:42 INFO     Building workflow 17 of 48
2025-09-10 18:49:43 INFO     Building workflow 18 of 48
2025-09-10 18:49:45 INFO     Building workflow 19 of 48
2025-09-10 18:49:47 INFO     Building workflow 20 of 48
2025-09-10 18:49:50 INFO     Building workflow 21 of 48
2025-09-10 18:49:51 INFO     Building workflow 22 of 48
2025-09-10 18:49:54 INFO     Building workflow 23 of 48
2025-09-10 18:49:57 INFO     Building workflow 24 of 48
2025-09-10 18:49:59 INFO     Building workflow 25 of 48
2025-09-10 18:50:02 INFO     Building workflow 26 of 48
2025-09-10 18:50:05 INFO     Building workflow 27 of 48
2025-09-10 18:50:06 INFO     Building workflow 28 of 48
2025-09-10 18:50:09 INFO     Building workflow 29 of 48
2025-09-10 18:50:11 INFO     Building workflow 30 of 48
2025-09-10 18:50:14 INFO     Building workflow 31 of 48
2025-09-10 18:50:16 INFO     Building workflow 32 of 48
2025-09-10 18:50:18 INFO     Building workflow 33 of 48
2025-09-10 18:50:21 INFO     Building workflow 34 of 48
2025-09-10 18:50:23 INFO     Building workflow 35 of 48
2025-09-10 18:50:24 INFO     Building workflow 36 of 48
2025-09-10 18:50:26 INFO     Building workflow 37 of 48
2025-09-10 18:50:29 INFO     Building workflow 38 of 48
2025-09-10 18:50:32 INFO     Building workflow 39 of 48
2025-09-10 18:50:35 INFO     Building workflow 40 of 48
2025-09-10 18:50:36 INFO     Building workflow 41 of 48
2025-09-10 18:50:38 INFO     Building workflow 42 of 48
2025-09-10 18:50:39 INFO     Building workflow 43 of 48
2025-09-10 18:50:41 INFO     Building workflow 44 of 48
2025-09-10 18:50:44 INFO     Building workflow 45 of 48
2025-09-10 18:50:46 INFO     Building workflow 46 of 48
2025-09-10 18:50:49 INFO     Building workflow 47 of 48
/data/homezvol0/mattt2/y/envs/n-vdw-split/lib/python3.12/site-packages/dask_jobqueue/core.py:285: FutureWarning: env_extra has been renamed to job_script_prologue. You are still using it (even if only set to []; please also check config files). If you did not set job_script_prologue yet, env_extra will be respected for now, but it will be removed in a future release. If you already set job_script_prologue, env_extra is ignored and you can remove it.
  warnings.warn(warn, FutureWarning)
/data/homezvol0/mattt2/y/envs/n-vdw-split/lib/python3.12/site-packages/dask_jobqueue/slurm.py:55: FutureWarning: project has been renamed to account as this kwarg was used wit -A option. You are still using it (please also check config files). If you did not set account yet, project will be respected for now, but it will be removed in a future release. If you already set account, project is ignored and you can remove it.
  warnings.warn(warn, FutureWarning)
2025-09-10 18:50:57 INFO     Launching batch 6c8477305819476b8de7d98dbcb8100a using the PreequilibratedSimulationLayer layer
2025-09-10 18:50:57 INFO     Building workflow 0 of 48
2025-09-10 18:51:00 INFO     Building workflow 1 of 48
2025-09-10 18:51:02 INFO     Building workflow 2 of 48
2025-09-10 18:51:05 INFO     Building workflow 3 of 48
2025-09-10 18:51:06 INFO     Building workflow 4 of 48
2025-09-10 18:51:09 INFO     Building workflow 5 of 48
2025-09-10 18:51:12 INFO     Building workflow 6 of 48
2025-09-10 18:51:14 INFO     Building workflow 7 of 48
2025-09-10 18:51:15 INFO     Building workflow 8 of 48
2025-09-10 18:51:18 INFO     Building workflow 9 of 48
2025-09-10 18:51:21 INFO     Building workflow 10 of 48
2025-09-10 18:51:23 INFO     Building workflow 11 of 48
2025-09-10 18:51:25 INFO     Building workflow 12 of 48
2025-09-10 18:51:28 INFO     Building workflow 13 of 48
2025-09-10 18:51:31 INFO     Building workflow 14 of 48
2025-09-10 18:51:33 INFO     Building workflow 15 of 48
2025-09-10 18:51:34 INFO     Building workflow 16 of 48
2025-09-10 18:51:37 INFO     Building workflow 17 of 48
2025-09-10 18:51:39 INFO     Building workflow 18 of 48
2025-09-10 18:51:40 INFO     Building workflow 19 of 48
2025-09-10 18:51:43 INFO     Building workflow 20 of 48
2025-09-10 18:51:46 INFO     Building workflow 21 of 48
2025-09-10 18:51:48 INFO     Building workflow 22 of 48
2025-09-10 18:51:50 INFO     Building workflow 23 of 48
2025-09-10 18:51:52 INFO     Building workflow 24 of 48
2025-09-10 18:51:55 INFO     Building workflow 25 of 48
2025-09-10 18:51:57 INFO     Building workflow 26 of 48
2025-09-10 18:51:59 INFO     Building workflow 27 of 48
2025-09-10 18:52:01 INFO     Building workflow 28 of 48
2025-09-10 18:52:04 INFO     Building workflow 29 of 48
2025-09-10 18:52:06 INFO     Building workflow 30 of 48
2025-09-10 18:52:09 INFO     Building workflow 31 of 48
2025-09-10 18:52:12 INFO     Building workflow 32 of 48
2025-09-10 18:52:15 INFO     Building workflow 33 of 48
2025-09-10 18:52:16 INFO     Building workflow 34 of 48
2025-09-10 18:52:18 INFO     Building workflow 35 of 48
2025-09-10 18:52:20 INFO     Building workflow 36 of 48
2025-09-10 18:52:21 INFO     Building workflow 37 of 48
2025-09-10 18:52:23 INFO     Building workflow 38 of 48
2025-09-10 18:52:26 INFO     Building workflow 39 of 48
2025-09-10 18:52:28 INFO     Building workflow 40 of 48
2025-09-10 18:52:30 INFO     Building workflow 41 of 48
2025-09-10 18:52:34 INFO     Building workflow 42 of 48
2025-09-10 18:52:37 INFO     Building workflow 43 of 48
2025-09-10 18:52:40 INFO     Building workflow 44 of 48
2025-09-10 18:52:42 INFO     Building workflow 45 of 48
2025-09-10 18:52:43 INFO     Building workflow 46 of 48
2025-09-10 18:52:46 INFO     Building workflow 47 of 48
2025-09-10 18:52:55 INFO     Launching batch f817dad802924db8b184de4b530d4b96 using the PreequilibratedSimulationLayer layer
2025-09-10 18:52:55 INFO     Building workflow 0 of 24
2025-09-10 18:52:59 INFO     Building workflow 1 of 24
2025-09-10 18:53:00 INFO     Building workflow 2 of 24
2025-09-10 18:53:02 INFO     Building workflow 3 of 24
2025-09-10 18:53:05 INFO     Building workflow 4 of 24
2025-09-10 18:53:08 INFO     Building workflow 5 of 24
2025-09-10 18:53:09 INFO     Building workflow 6 of 24
2025-09-10 18:53:11 INFO     Building workflow 7 of 24
2025-09-10 18:53:12 INFO     Building workflow 8 of 24
2025-09-10 18:53:15 INFO     Building workflow 9 of 24
2025-09-10 18:53:18 INFO     Building workflow 10 of 24
2025-09-10 18:53:21 INFO     Building workflow 11 of 24
2025-09-10 18:53:23 INFO     Building workflow 12 of 24
2025-09-10 18:53:24 INFO     Building workflow 13 of 24
2025-09-10 18:53:27 INFO     Building workflow 14 of 24
2025-09-10 18:53:29 INFO     Building workflow 15 of 24
2025-09-10 18:53:32 INFO     Building workflow 16 of 24
2025-09-10 18:53:33 INFO     Building workflow 17 of 24
2025-09-10 18:53:36 INFO     Building workflow 18 of 24
2025-09-10 18:53:39 INFO     Building workflow 19 of 24
2025-09-10 18:53:42 INFO     Building workflow 20 of 24
2025-09-10 18:53:44 INFO     Building workflow 21 of 24
2025-09-10 18:53:46 INFO     Building workflow 22 of 24
2025-09-10 18:53:48 INFO     Building workflow 23 of 24
/data/homezvol0/mattt2/y/envs/n-vdw-split/lib/python3.12/site-packages/dask_jobqueue/core.py:285: FutureWarning: env_extra has been renamed to job_script_prologue. You are still using it (even if only set to []; please also check config files). If you did not set job_script_prologue yet, env_extra will be respected for now, but it will be removed in a future release. If you already set job_script_prologue, env_extra is ignored and you can remove it.
  warnings.warn(warn, FutureWarning)
/data/homezvol0/mattt2/y/envs/n-vdw-split/lib/python3.12/site-packages/dask_jobqueue/slurm.py:55: FutureWarning: project has been renamed to account as this kwarg was used wit -A option. You are still using it (please also check config files). If you did not set account yet, project will be respected for now, but it will be removed in a future release. If you already set account, project is ignored and you can remove it.
  warnings.warn(warn, FutureWarning)
/data/homezvol0/mattt2/y/envs/n-vdw-split/lib/python3.12/site-packages/dask_jobqueue/core.py:285: FutureWarning: env_extra has been renamed to job_script_prologue. You are still using it (even if only set to []; please also check config files). If you did not set job_script_prologue yet, env_extra will be respected for now, but it will be removed in a future release. If you already set job_script_prologue, env_extra is ignored and you can remove it.
  warnings.warn(warn, FutureWarning)
/data/homezvol0/mattt2/y/envs/n-vdw-split/lib/python3.12/site-packages/dask_jobqueue/slurm.py:55: FutureWarning: project has been renamed to account as this kwarg was used wit -A option. You are still using it (please also check config files). If you did not set account yet, project will be respected for now, but it will be removed in a future release. If you already set account, project is ignored and you can remove it.
  warnings.warn(warn, FutureWarning)
/data/homezvol0/mattt2/y/envs/n-vdw-split/lib/python3.12/site-packages/dask_jobqueue/core.py:285: FutureWarning: env_extra has been renamed to job_script_prologue. You are still using it (even if only set to []; please also check config files). If you did not set job_script_prologue yet, env_extra will be respected for now, but it will be removed in a future release. If you already set job_script_prologue, env_extra is ignored and you can remove it.
  warnings.warn(warn, FutureWarning)
/data/homezvol0/mattt2/y/envs/n-vdw-split/lib/python3.12/site-packages/dask_jobqueue/slurm.py:55: FutureWarning: project has been renamed to account as this kwarg was used wit -A option. You are still using it (please also check config files). If you did not set account yet, project will be respected for now, but it will be removed in a future release. If you already set account, project is ignored and you can remove it.
  warnings.warn(warn, FutureWarning)
/data/homezvol0/mattt2/y/envs/n-vdw-split/lib/python3.12/site-packages/dask_jobqueue/core.py:285: FutureWarning: env_extra has been renamed to job_script_prologue. You are still using it (even if only set to []; please also check config files). If you did not set job_script_prologue yet, env_extra will be respected for now, but it will be removed in a future release. If you already set job_script_prologue, env_extra is ignored and you can remove it.
  warnings.warn(warn, FutureWarning)
/data/homezvol0/mattt2/y/envs/n-vdw-split/lib/python3.12/site-packages/dask_jobqueue/slurm.py:55: FutureWarning: project has been renamed to account as this kwarg was used wit -A option. You are still using it (please also check config files). If you did not set account yet, project will be respected for now, but it will be removed in a future release. If you already set account, project is ignored and you can remove it.
  warnings.warn(warn, FutureWarning)
/data/homezvol0/mattt2/y/envs/n-vdw-split/lib/python3.12/site-packages/dask_jobqueue/core.py:285: FutureWarning: env_extra has been renamed to job_script_prologue. You are still using it (even if only set to []; please also check config files). If you did not set job_script_prologue yet, env_extra will be respected for now, but it will be removed in a future release. If you already set job_script_prologue, env_extra is ignored and you can remove it.
  warnings.warn(warn, FutureWarning)
/data/homezvol0/mattt2/y/envs/n-vdw-split/lib/python3.12/site-packages/dask_jobqueue/slurm.py:55: FutureWarning: project has been renamed to account as this kwarg was used wit -A option. You are still using it (please also check config files). If you did not set account yet, project will be respected for now, but it will be removed in a future release. If you already set account, project is ignored and you can remove it.
  warnings.warn(warn, FutureWarning)
/data/homezvol0/mattt2/y/envs/n-vdw-split/lib/python3.12/site-packages/dask_jobqueue/core.py:285: FutureWarning: env_extra has been renamed to job_script_prologue. You are still using it (even if only set to []; please also check config files). If you did not set job_script_prologue yet, env_extra will be respected for now, but it will be removed in a future release. If you already set job_script_prologue, env_extra is ignored and you can remove it.
  warnings.warn(warn, FutureWarning)
/data/homezvol0/mattt2/y/envs/n-vdw-split/lib/python3.12/site-packages/dask_jobqueue/slurm.py:55: FutureWarning: project has been renamed to account as this kwarg was used wit -A option. You are still using it (please also check config files). If you did not set account yet, project will be respected for now, but it will be removed in a future release. If you already set account, project is ignored and you can remove it.
  warnings.warn(warn, FutureWarning)
/data/homezvol0/mattt2/y/envs/n-vdw-split/lib/python3.12/site-packages/dask_jobqueue/core.py:285: FutureWarning: env_extra has been renamed to job_script_prologue. You are still using it (even if only set to []; please also check config files). If you did not set job_script_prologue yet, env_extra will be respected for now, but it will be removed in a future release. If you already set job_script_prologue, env_extra is ignored and you can remove it.
  warnings.warn(warn, FutureWarning)
/data/homezvol0/mattt2/y/envs/n-vdw-split/lib/python3.12/site-packages/dask_jobqueue/slurm.py:55: FutureWarning: project has been renamed to account as this kwarg was used wit -A option. You are still using it (please also check config files). If you did not set account yet, project will be respected for now, but it will be removed in a future release. If you already set account, project is ignored and you can remove it.
  warnings.warn(warn, FutureWarning)
/data/homezvol0/mattt2/y/envs/n-vdw-split/lib/python3.12/site-packages/dask_jobqueue/core.py:285: FutureWarning: env_extra has been renamed to job_script_prologue. You are still using it (even if only set to []; please also check config files). If you did not set job_script_prologue yet, env_extra will be respected for now, but it will be removed in a future release. If you already set job_script_prologue, env_extra is ignored and you can remove it.
  warnings.warn(warn, FutureWarning)
/data/homezvol0/mattt2/y/envs/n-vdw-split/lib/python3.12/site-packages/dask_jobqueue/slurm.py:55: FutureWarning: project has been renamed to account as this kwarg was used wit -A option. You are still using it (please also check config files). If you did not set account yet, project will be respected for now, but it will be removed in a future release. If you already set account, project is ignored and you can remove it.
  warnings.warn(warn, FutureWarning)
/data/homezvol0/mattt2/y/envs/n-vdw-split/lib/python3.12/site-packages/dask_jobqueue/core.py:285: FutureWarning: env_extra has been renamed to job_script_prologue. You are still using it (even if only set to []; please also check config files). If you did not set job_script_prologue yet, env_extra will be respected for now, but it will be removed in a future release. If you already set job_script_prologue, env_extra is ignored and you can remove it.
  warnings.warn(warn, FutureWarning)
/data/homezvol0/mattt2/y/envs/n-vdw-split/lib/python3.12/site-packages/dask_jobqueue/slurm.py:55: FutureWarning: project has been renamed to account as this kwarg was used wit -A option. You are still using it (please also check config files). If you did not set account yet, project will be respected for now, but it will be removed in a future release. If you already set account, project is ignored and you can remove it.
  warnings.warn(warn, FutureWarning)
/data/homezvol0/mattt2/y/envs/n-vdw-split/lib/python3.12/site-packages/dask_jobqueue/core.py:285: FutureWarning: env_extra has been renamed to job_script_prologue. You are still using it (even if only set to []; please also check config files). If you did not set job_script_prologue yet, env_extra will be respected for now, but it will be removed in a future release. If you already set job_script_prologue, env_extra is ignored and you can remove it.
  warnings.warn(warn, FutureWarning)
/data/homezvol0/mattt2/y/envs/n-vdw-split/lib/python3.12/site-packages/dask_jobqueue/slurm.py:55: FutureWarning: project has been renamed to account as this kwarg was used wit -A option. You are still using it (please also check config files). If you did not set account yet, project will be respected for now, but it will be removed in a future release. If you already set account, project is ignored and you can remove it.
  warnings.warn(warn, FutureWarning)
/data/homezvol0/mattt2/y/envs/n-vdw-split/lib/python3.12/site-packages/dask_jobqueue/core.py:285: FutureWarning: env_extra has been renamed to job_script_prologue. You are still using it (even if only set to []; please also check config files). If you did not set job_script_prologue yet, env_extra will be respected for now, but it will be removed in a future release. If you already set job_script_prologue, env_extra is ignored and you can remove it.
  warnings.warn(warn, FutureWarning)
/data/homezvol0/mattt2/y/envs/n-vdw-split/lib/python3.12/site-packages/dask_jobqueue/slurm.py:55: FutureWarning: project has been renamed to account as this kwarg was used wit -A option. You are still using it (please also check config files). If you did not set account yet, project will be respected for now, but it will be removed in a future release. If you already set account, project is ignored and you can remove it.
  warnings.warn(warn, FutureWarning)
/data/homezvol0/mattt2/y/envs/n-vdw-split/lib/python3.12/site-packages/dask_jobqueue/core.py:285: FutureWarning: env_extra has been renamed to job_script_prologue. You are still using it (even if only set to []; please also check config files). If you did not set job_script_prologue yet, env_extra will be respected for now, but it will be removed in a future release. If you already set job_script_prologue, env_extra is ignored and you can remove it.
  warnings.warn(warn, FutureWarning)
/data/homezvol0/mattt2/y/envs/n-vdw-split/lib/python3.12/site-packages/dask_jobqueue/slurm.py:55: FutureWarning: project has been renamed to account as this kwarg was used wit -A option. You are still using it (please also check config files). If you did not set account yet, project will be respected for now, but it will be removed in a future release. If you already set account, project is ignored and you can remove it.
  warnings.warn(warn, FutureWarning)
/data/homezvol0/mattt2/y/envs/n-vdw-split/lib/python3.12/site-packages/dask_jobqueue/core.py:285: FutureWarning: env_extra has been renamed to job_script_prologue. You are still using it (even if only set to []; please also check config files). If you did not set job_script_prologue yet, env_extra will be respected for now, but it will be removed in a future release. If you already set job_script_prologue, env_extra is ignored and you can remove it.
  warnings.warn(warn, FutureWarning)
/data/homezvol0/mattt2/y/envs/n-vdw-split/lib/python3.12/site-packages/dask_jobqueue/slurm.py:55: FutureWarning: project has been renamed to account as this kwarg was used wit -A option. You are still using it (please also check config files). If you did not set account yet, project will be respected for now, but it will be removed in a future release. If you already set account, project is ignored and you can remove it.
  warnings.warn(warn, FutureWarning)
/data/homezvol0/mattt2/y/envs/n-vdw-split/lib/python3.12/site-packages/dask_jobqueue/core.py:285: FutureWarning: env_extra has been renamed to job_script_prologue. You are still using it (even if only set to []; please also check config files). If you did not set job_script_prologue yet, env_extra will be respected for now, but it will be removed in a future release. If you already set job_script_prologue, env_extra is ignored and you can remove it.
  warnings.warn(warn, FutureWarning)
/data/homezvol0/mattt2/y/envs/n-vdw-split/lib/python3.12/site-packages/dask_jobqueue/slurm.py:55: FutureWarning: project has been renamed to account as this kwarg was used wit -A option. You are still using it (please also check config files). If you did not set account yet, project will be respected for now, but it will be removed in a future release. If you already set account, project is ignored and you can remove it.
  warnings.warn(warn, FutureWarning)
/data/homezvol0/mattt2/y/envs/n-vdw-split/lib/python3.12/site-packages/dask_jobqueue/core.py:285: FutureWarning: env_extra has been renamed to job_script_prologue. You are still using it (even if only set to []; please also check config files). If you did not set job_script_prologue yet, env_extra will be respected for now, but it will be removed in a future release. If you already set job_script_prologue, env_extra is ignored and you can remove it.
  warnings.warn(warn, FutureWarning)
/data/homezvol0/mattt2/y/envs/n-vdw-split/lib/python3.12/site-packages/dask_jobqueue/slurm.py:55: FutureWarning: project has been renamed to account as this kwarg was used wit -A option. You are still using it (please also check config files). If you did not set account yet, project will be respected for now, but it will be removed in a future release. If you already set account, project is ignored and you can remove it.
  warnings.warn(warn, FutureWarning)
2025-09-10 20:42:18 INFO     Finished server request 6c8477305819476b8de7d98dbcb8100a
/data/homezvol0/mattt2/y/envs/n-vdw-split/lib/python3.12/site-packages/dask_jobqueue/core.py:285: FutureWarning: env_extra has been renamed to job_script_prologue. You are still using it (even if only set to []; please also check config files). If you did not set job_script_prologue yet, env_extra will be respected for now, but it will be removed in a future release. If you already set job_script_prologue, env_extra is ignored and you can remove it.
  warnings.warn(warn, FutureWarning)
/data/homezvol0/mattt2/y/envs/n-vdw-split/lib/python3.12/site-packages/dask_jobqueue/slurm.py:55: FutureWarning: project has been renamed to account as this kwarg was used wit -A option. You are still using it (please also check config files). If you did not set account yet, project will be respected for now, but it will be removed in a future release. If you already set account, project is ignored and you can remove it.
  warnings.warn(warn, FutureWarning)
/data/homezvol0/mattt2/y/envs/n-vdw-split/lib/python3.12/site-packages/dask_jobqueue/core.py:285: FutureWarning: env_extra has been renamed to job_script_prologue. You are still using it (even if only set to []; please also check config files). If you did not set job_script_prologue yet, env_extra will be respected for now, but it will be removed in a future release. If you already set job_script_prologue, env_extra is ignored and you can remove it.
  warnings.warn(warn, FutureWarning)
/data/homezvol0/mattt2/y/envs/n-vdw-split/lib/python3.12/site-packages/dask_jobqueue/slurm.py:55: FutureWarning: project has been renamed to account as this kwarg was used wit -A option. You are still using it (please also check config files). If you did not set account yet, project will be respected for now, but it will be removed in a future release. If you already set account, project is ignored and you can remove it.
  warnings.warn(warn, FutureWarning)
/data/homezvol0/mattt2/y/envs/n-vdw-split/lib/python3.12/site-packages/dask_jobqueue/core.py:285: FutureWarning: env_extra has been renamed to job_script_prologue. You are still using it (even if only set to []; please also check config files). If you did not set job_script_prologue yet, env_extra will be respected for now, but it will be removed in a future release. If you already set job_script_prologue, env_extra is ignored and you can remove it.
  warnings.warn(warn, FutureWarning)
/data/homezvol0/mattt2/y/envs/n-vdw-split/lib/python3.12/site-packages/dask_jobqueue/slurm.py:55: FutureWarning: project has been renamed to account as this kwarg was used wit -A option. You are still using it (please also check config files). If you did not set account yet, project will be respected for now, but it will be removed in a future release. If you already set account, project is ignored and you can remove it.
  warnings.warn(warn, FutureWarning)
/data/homezvol0/mattt2/y/envs/n-vdw-split/lib/python3.12/site-packages/dask_jobqueue/core.py:285: FutureWarning: env_extra has been renamed to job_script_prologue. You are still using it (even if only set to []; please also check config files). If you did not set job_script_prologue yet, env_extra will be respected for now, but it will be removed in a future release. If you already set job_script_prologue, env_extra is ignored and you can remove it.
  warnings.warn(warn, FutureWarning)
/data/homezvol0/mattt2/y/envs/n-vdw-split/lib/python3.12/site-packages/dask_jobqueue/slurm.py:55: FutureWarning: project has been renamed to account as this kwarg was used wit -A option. You are still using it (please also check config files). If you did not set account yet, project will be respected for now, but it will be removed in a future release. If you already set account, project is ignored and you can remove it.
  warnings.warn(warn, FutureWarning)
/data/homezvol0/mattt2/y/envs/n-vdw-split/lib/python3.12/site-packages/dask_jobqueue/core.py:285: FutureWarning: env_extra has been renamed to job_script_prologue. You are still using it (even if only set to []; please also check config files). If you did not set job_script_prologue yet, env_extra will be respected for now, but it will be removed in a future release. If you already set job_script_prologue, env_extra is ignored and you can remove it.
  warnings.warn(warn, FutureWarning)
/data/homezvol0/mattt2/y/envs/n-vdw-split/lib/python3.12/site-packages/dask_jobqueue/slurm.py:55: FutureWarning: project has been renamed to account as this kwarg was used wit -A option. You are still using it (please also check config files). If you did not set account yet, project will be respected for now, but it will be removed in a future release. If you already set account, project is ignored and you can remove it.
  warnings.warn(warn, FutureWarning)
2025-09-10 21:03:50 INFO     Finished server request f817dad802924db8b184de4b530d4b96
/data/homezvol0/mattt2/y/envs/n-vdw-split/lib/python3.12/site-packages/dask_jobqueue/core.py:285: FutureWarning: env_extra has been renamed to job_script_prologue. You are still using it (even if only set to []; please also check config files). If you did not set job_script_prologue yet, env_extra will be respected for now, but it will be removed in a future release. If you already set job_script_prologue, env_extra is ignored and you can remove it.
  warnings.warn(warn, FutureWarning)
/data/homezvol0/mattt2/y/envs/n-vdw-split/lib/python3.12/site-packages/dask_jobqueue/slurm.py:55: FutureWarning: project has been renamed to account as this kwarg was used wit -A option. You are still using it (please also check config files). If you did not set account yet, project will be respected for now, but it will be removed in a future release. If you already set account, project is ignored and you can remove it.
  warnings.warn(warn, FutureWarning)
2025-09-10 21:31:53 INFO     Finished server request 9c45c66c23a74698a803097e842f4bc0
2025-09-10 21:39:38 INFO     Received estimation request from ('127.0.0.1', 40428)
2025-09-10 21:39:40 INFO     Submission 70fdcb66625549a08217d59385a291c4 received
2025-09-10 21:39:40 INFO     Launching batch 901e384ea76542e3965455f9eb6636eb using the PreequilibratedSimulationLayer layer
2025-09-10 21:39:40 INFO     Building workflow 0 of 48
2025-09-10 21:39:43 INFO     Building workflow 1 of 48
2025-09-10 21:39:46 INFO     Building workflow 2 of 48
2025-09-10 21:39:47 INFO     Building workflow 3 of 48
2025-09-10 21:39:49 INFO     Building workflow 4 of 48
2025-09-10 21:39:52 INFO     Building workflow 5 of 48
2025-09-10 21:39:53 INFO     Building workflow 6 of 48
2025-09-10 21:39:56 INFO     Building workflow 7 of 48
2025-09-10 21:39:59 INFO     Building workflow 8 of 48
2025-09-10 21:40:00 INFO     Building workflow 9 of 48
2025-09-10 21:40:04 INFO     Building workflow 10 of 48
2025-09-10 21:40:05 INFO     Building workflow 11 of 48
2025-09-10 21:40:07 INFO     Building workflow 12 of 48
2025-09-10 21:40:10 INFO     Building workflow 13 of 48
2025-09-10 21:40:12 INFO     Building workflow 14 of 48
2025-09-10 21:40:14 INFO     Building workflow 15 of 48
2025-09-10 21:40:17 INFO     Building workflow 16 of 48
2025-09-10 21:40:19 INFO     Building workflow 17 of 48
2025-09-10 21:40:20 INFO     Building workflow 18 of 48
2025-09-10 21:40:22 INFO     Building workflow 19 of 48
2025-09-10 21:40:24 INFO     Building workflow 20 of 48
2025-09-10 21:40:26 INFO     Building workflow 21 of 48
2025-09-10 21:40:28 INFO     Building workflow 22 of 48
2025-09-10 21:40:31 INFO     Building workflow 23 of 48
2025-09-10 21:40:34 INFO     Building workflow 24 of 48
2025-09-10 21:40:36 INFO     Building workflow 25 of 48
2025-09-10 21:40:39 INFO     Building workflow 26 of 48
2025-09-10 21:40:41 INFO     Building workflow 27 of 48
2025-09-10 21:40:43 INFO     Building workflow 28 of 48
2025-09-10 21:40:46 INFO     Building workflow 29 of 48
2025-09-10 21:40:48 INFO     Building workflow 30 of 48
2025-09-10 21:40:51 INFO     Building workflow 31 of 48
2025-09-10 21:40:52 INFO     Building workflow 32 of 48
2025-09-10 21:40:55 INFO     Building workflow 33 of 48
2025-09-10 21:40:58 INFO     Building workflow 34 of 48
2025-09-10 21:41:00 INFO     Building workflow 35 of 48
2025-09-10 21:41:01 INFO     Building workflow 36 of 48
2025-09-10 21:41:03 INFO     Building workflow 37 of 48
2025-09-10 21:41:06 INFO     Building workflow 38 of 48
2025-09-10 21:41:08 INFO     Building workflow 39 of 48
2025-09-10 21:41:11 INFO     Building workflow 40 of 48
2025-09-10 21:41:13 INFO     Building workflow 41 of 48
2025-09-10 21:41:14 INFO     Building workflow 42 of 48
2025-09-10 21:41:16 INFO     Building workflow 43 of 48
2025-09-10 21:41:18 INFO     Building workflow 44 of 48
2025-09-10 21:41:21 INFO     Building workflow 45 of 48
2025-09-10 21:41:22 INFO     Building workflow 46 of 48
2025-09-10 21:41:25 INFO     Building workflow 47 of 48
/data/homezvol0/mattt2/y/envs/n-vdw-split/lib/python3.12/site-packages/dask_jobqueue/core.py:285: FutureWarning: env_extra has been renamed to job_script_prologue. You are still using it (even if only set to []; please also check config files). If you did not set job_script_prologue yet, env_extra will be respected for now, but it will be removed in a future release. If you already set job_script_prologue, env_extra is ignored and you can remove it.
  warnings.warn(warn, FutureWarning)
/data/homezvol0/mattt2/y/envs/n-vdw-split/lib/python3.12/site-packages/dask_jobqueue/slurm.py:55: FutureWarning: project has been renamed to account as this kwarg was used wit -A option. You are still using it (please also check config files). If you did not set account yet, project will be respected for now, but it will be removed in a future release. If you already set account, project is ignored and you can remove it.
  warnings.warn(warn, FutureWarning)
2025-09-10 21:41:33 INFO     Launching batch fb624de744024ab88ba6338a02d16001 using the PreequilibratedSimulationLayer layer
2025-09-10 21:41:33 INFO     Building workflow 0 of 48
2025-09-10 21:41:35 INFO     Building workflow 1 of 48
2025-09-10 21:41:37 INFO     Building workflow 2 of 48
2025-09-10 21:41:40 INFO     Building workflow 3 of 48
2025-09-10 21:41:41 INFO     Building workflow 4 of 48
2025-09-10 21:41:44 INFO     Building workflow 5 of 48
2025-09-10 21:41:47 INFO     Building workflow 6 of 48
2025-09-10 21:41:49 INFO     Building workflow 7 of 48
2025-09-10 21:41:50 INFO     Building workflow 8 of 48
2025-09-10 21:41:53 INFO     Building workflow 9 of 48
2025-09-10 21:41:56 INFO     Building workflow 10 of 48
2025-09-10 21:41:58 INFO     Building workflow 11 of 48
2025-09-10 21:42:00 INFO     Building workflow 12 of 48
2025-09-10 21:42:03 INFO     Building workflow 13 of 48
2025-09-10 21:42:06 INFO     Building workflow 14 of 48
2025-09-10 21:42:08 INFO     Building workflow 15 of 48
2025-09-10 21:42:09 INFO     Building workflow 16 of 48
2025-09-10 21:42:12 INFO     Building workflow 17 of 48
2025-09-10 21:42:14 INFO     Building workflow 18 of 48
2025-09-10 21:42:16 INFO     Building workflow 19 of 48
2025-09-10 21:42:18 INFO     Building workflow 20 of 48
2025-09-10 21:42:21 INFO     Building workflow 21 of 48
2025-09-10 21:42:23 INFO     Building workflow 22 of 48
2025-09-10 21:42:26 INFO     Building workflow 23 of 48
2025-09-10 21:42:27 INFO     Building workflow 24 of 48
2025-09-10 21:42:30 INFO     Building workflow 25 of 48
2025-09-10 21:42:33 INFO     Building workflow 26 of 48
2025-09-10 21:42:35 INFO     Building workflow 27 of 48
2025-09-10 21:42:36 INFO     Building workflow 28 of 48
2025-09-10 21:42:39 INFO     Building workflow 29 of 48
2025-09-10 21:42:41 INFO     Building workflow 30 of 48
2025-09-10 21:42:43 INFO     Building workflow 31 of 48
2025-09-10 21:42:46 INFO     Building workflow 32 of 48
2025-09-10 21:42:49 INFO     Building workflow 33 of 48
2025-09-10 21:42:51 INFO     Building workflow 34 of 48
2025-09-10 21:42:53 INFO     Building workflow 35 of 48
2025-09-10 21:42:54 INFO     Building workflow 36 of 48
2025-09-10 21:42:56 INFO     Building workflow 37 of 48
2025-09-10 21:42:57 INFO     Building workflow 38 of 48
2025-09-10 21:43:00 INFO     Building workflow 39 of 48
2025-09-10 21:43:02 INFO     Building workflow 40 of 48
2025-09-10 21:43:05 INFO     Building workflow 41 of 48
2025-09-10 21:43:08 INFO     Building workflow 42 of 48
2025-09-10 21:43:11 INFO     Building workflow 43 of 48
2025-09-10 21:43:14 INFO     Building workflow 44 of 48
2025-09-10 21:43:16 INFO     Building workflow 45 of 48
2025-09-10 21:43:17 INFO     Building workflow 46 of 48
2025-09-10 21:43:20 INFO     Building workflow 47 of 48
2025-09-10 21:43:29 INFO     Launching batch dee838db19ab4c27a8c929bf16d09e05 using the PreequilibratedSimulationLayer layer
2025-09-10 21:43:29 INFO     Building workflow 0 of 24
2025-09-10 21:43:33 INFO     Building workflow 1 of 24
2025-09-10 21:43:35 INFO     Building workflow 2 of 24
2025-09-10 21:43:37 INFO     Building workflow 3 of 24
2025-09-10 21:43:40 INFO     Building workflow 4 of 24
2025-09-10 21:43:42 INFO     Building workflow 5 of 24
2025-09-10 21:43:44 INFO     Building workflow 6 of 24
2025-09-10 21:43:46 INFO     Building workflow 7 of 24
2025-09-10 21:43:47 INFO     Building workflow 8 of 24
2025-09-10 21:43:50 INFO     Building workflow 9 of 24
2025-09-10 21:43:53 INFO     Building workflow 10 of 24
2025-09-10 21:43:56 INFO     Building workflow 11 of 24
2025-09-10 21:43:58 INFO     Building workflow 12 of 24
2025-09-10 21:43:59 INFO     Building workflow 13 of 24
2025-09-10 21:44:02 INFO     Building workflow 14 of 24
2025-09-10 21:44:04 INFO     Building workflow 15 of 24
2025-09-10 21:44:06 INFO     Building workflow 16 of 24
2025-09-10 21:44:08 INFO     Building workflow 17 of 24
2025-09-10 21:44:11 INFO     Building workflow 18 of 24
2025-09-10 21:44:14 INFO     Building workflow 19 of 24
2025-09-10 21:44:17 INFO     Building workflow 20 of 24
2025-09-10 21:44:20 INFO     Building workflow 21 of 24
2025-09-10 21:44:22 INFO     Building workflow 22 of 24
2025-09-10 21:44:23 INFO     Building workflow 23 of 24
/data/homezvol0/mattt2/y/envs/n-vdw-split/lib/python3.12/site-packages/dask_jobqueue/core.py:285: FutureWarning: env_extra has been renamed to job_script_prologue. You are still using it (even if only set to []; please also check config files). If you did not set job_script_prologue yet, env_extra will be respected for now, but it will be removed in a future release. If you already set job_script_prologue, env_extra is ignored and you can remove it.
  warnings.warn(warn, FutureWarning)
/data/homezvol0/mattt2/y/envs/n-vdw-split/lib/python3.12/site-packages/dask_jobqueue/slurm.py:55: FutureWarning: project has been renamed to account as this kwarg was used wit -A option. You are still using it (please also check config files). If you did not set account yet, project will be respected for now, but it will be removed in a future release. If you already set account, project is ignored and you can remove it.
  warnings.warn(warn, FutureWarning)
/data/homezvol0/mattt2/y/envs/n-vdw-split/lib/python3.12/site-packages/dask_jobqueue/core.py:285: FutureWarning: env_extra has been renamed to job_script_prologue. You are still using it (even if only set to []; please also check config files). If you did not set job_script_prologue yet, env_extra will be respected for now, but it will be removed in a future release. If you already set job_script_prologue, env_extra is ignored and you can remove it.
  warnings.warn(warn, FutureWarning)
/data/homezvol0/mattt2/y/envs/n-vdw-split/lib/python3.12/site-packages/dask_jobqueue/slurm.py:55: FutureWarning: project has been renamed to account as this kwarg was used wit -A option. You are still using it (please also check config files). If you did not set account yet, project will be respected for now, but it will be removed in a future release. If you already set account, project is ignored and you can remove it.
  warnings.warn(warn, FutureWarning)
/data/homezvol0/mattt2/y/envs/n-vdw-split/lib/python3.12/site-packages/dask_jobqueue/core.py:285: FutureWarning: env_extra has been renamed to job_script_prologue. You are still using it (even if only set to []; please also check config files). If you did not set job_script_prologue yet, env_extra will be respected for now, but it will be removed in a future release. If you already set job_script_prologue, env_extra is ignored and you can remove it.
  warnings.warn(warn, FutureWarning)
/data/homezvol0/mattt2/y/envs/n-vdw-split/lib/python3.12/site-packages/dask_jobqueue/slurm.py:55: FutureWarning: project has been renamed to account as this kwarg was used wit -A option. You are still using it (please also check config files). If you did not set account yet, project will be respected for now, but it will be removed in a future release. If you already set account, project is ignored and you can remove it.
  warnings.warn(warn, FutureWarning)
/data/homezvol0/mattt2/y/envs/n-vdw-split/lib/python3.12/site-packages/dask_jobqueue/core.py:285: FutureWarning: env_extra has been renamed to job_script_prologue. You are still using it (even if only set to []; please also check config files). If you did not set job_script_prologue yet, env_extra will be respected for now, but it will be removed in a future release. If you already set job_script_prologue, env_extra is ignored and you can remove it.
  warnings.warn(warn, FutureWarning)
/data/homezvol0/mattt2/y/envs/n-vdw-split/lib/python3.12/site-packages/dask_jobqueue/slurm.py:55: FutureWarning: project has been renamed to account as this kwarg was used wit -A option. You are still using it (please also check config files). If you did not set account yet, project will be respected for now, but it will be removed in a future release. If you already set account, project is ignored and you can remove it.
  warnings.warn(warn, FutureWarning)
/data/homezvol0/mattt2/y/envs/n-vdw-split/lib/python3.12/site-packages/dask_jobqueue/core.py:285: FutureWarning: env_extra has been renamed to job_script_prologue. You are still using it (even if only set to []; please also check config files). If you did not set job_script_prologue yet, env_extra will be respected for now, but it will be removed in a future release. If you already set job_script_prologue, env_extra is ignored and you can remove it.
  warnings.warn(warn, FutureWarning)
/data/homezvol0/mattt2/y/envs/n-vdw-split/lib/python3.12/site-packages/dask_jobqueue/slurm.py:55: FutureWarning: project has been renamed to account as this kwarg was used wit -A option. You are still using it (please also check config files). If you did not set account yet, project will be respected for now, but it will be removed in a future release. If you already set account, project is ignored and you can remove it.
  warnings.warn(warn, FutureWarning)
/data/homezvol0/mattt2/y/envs/n-vdw-split/lib/python3.12/site-packages/dask_jobqueue/core.py:285: FutureWarning: env_extra has been renamed to job_script_prologue. You are still using it (even if only set to []; please also check config files). If you did not set job_script_prologue yet, env_extra will be respected for now, but it will be removed in a future release. If you already set job_script_prologue, env_extra is ignored and you can remove it.
  warnings.warn(warn, FutureWarning)
/data/homezvol0/mattt2/y/envs/n-vdw-split/lib/python3.12/site-packages/dask_jobqueue/slurm.py:55: FutureWarning: project has been renamed to account as this kwarg was used wit -A option. You are still using it (please also check config files). If you did not set account yet, project will be respected for now, but it will be removed in a future release. If you already set account, project is ignored and you can remove it.
  warnings.warn(warn, FutureWarning)
/data/homezvol0/mattt2/y/envs/n-vdw-split/lib/python3.12/site-packages/dask_jobqueue/core.py:285: FutureWarning: env_extra has been renamed to job_script_prologue. You are still using it (even if only set to []; please also check config files). If you did not set job_script_prologue yet, env_extra will be respected for now, but it will be removed in a future release. If you already set job_script_prologue, env_extra is ignored and you can remove it.
  warnings.warn(warn, FutureWarning)
/data/homezvol0/mattt2/y/envs/n-vdw-split/lib/python3.12/site-packages/dask_jobqueue/slurm.py:55: FutureWarning: project has been renamed to account as this kwarg was used wit -A option. You are still using it (please also check config files). If you did not set account yet, project will be respected for now, but it will be removed in a future release. If you already set account, project is ignored and you can remove it.
  warnings.warn(warn, FutureWarning)
/data/homezvol0/mattt2/y/envs/n-vdw-split/lib/python3.12/site-packages/dask_jobqueue/core.py:285: FutureWarning: env_extra has been renamed to job_script_prologue. You are still using it (even if only set to []; please also check config files). If you did not set job_script_prologue yet, env_extra will be respected for now, but it will be removed in a future release. If you already set job_script_prologue, env_extra is ignored and you can remove it.
  warnings.warn(warn, FutureWarning)
/data/homezvol0/mattt2/y/envs/n-vdw-split/lib/python3.12/site-packages/dask_jobqueue/slurm.py:55: FutureWarning: project has been renamed to account as this kwarg was used wit -A option. You are still using it (please also check config files). If you did not set account yet, project will be respected for now, but it will be removed in a future release. If you already set account, project is ignored and you can remove it.
  warnings.warn(warn, FutureWarning)
/data/homezvol0/mattt2/y/envs/n-vdw-split/lib/python3.12/site-packages/dask_jobqueue/core.py:285: FutureWarning: env_extra has been renamed to job_script_prologue. You are still using it (even if only set to []; please also check config files). If you did not set job_script_prologue yet, env_extra will be respected for now, but it will be removed in a future release. If you already set job_script_prologue, env_extra is ignored and you can remove it.
  warnings.warn(warn, FutureWarning)
/data/homezvol0/mattt2/y/envs/n-vdw-split/lib/python3.12/site-packages/dask_jobqueue/slurm.py:55: FutureWarning: project has been renamed to account as this kwarg was used wit -A option. You are still using it (please also check config files). If you did not set account yet, project will be respected for now, but it will be removed in a future release. If you already set account, project is ignored and you can remove it.
  warnings.warn(warn, FutureWarning)
/data/homezvol0/mattt2/y/envs/n-vdw-split/lib/python3.12/site-packages/dask_jobqueue/core.py:285: FutureWarning: env_extra has been renamed to job_script_prologue. You are still using it (even if only set to []; please also check config files). If you did not set job_script_prologue yet, env_extra will be respected for now, but it will be removed in a future release. If you already set job_script_prologue, env_extra is ignored and you can remove it.
  warnings.warn(warn, FutureWarning)
/data/homezvol0/mattt2/y/envs/n-vdw-split/lib/python3.12/site-packages/dask_jobqueue/slurm.py:55: FutureWarning: project has been renamed to account as this kwarg was used wit -A option. You are still using it (please also check config files). If you did not set account yet, project will be respected for now, but it will be removed in a future release. If you already set account, project is ignored and you can remove it.
  warnings.warn(warn, FutureWarning)
/data/homezvol0/mattt2/y/envs/n-vdw-split/lib/python3.12/site-packages/dask_jobqueue/core.py:285: FutureWarning: env_extra has been renamed to job_script_prologue. You are still using it (even if only set to []; please also check config files). If you did not set job_script_prologue yet, env_extra will be respected for now, but it will be removed in a future release. If you already set job_script_prologue, env_extra is ignored and you can remove it.
  warnings.warn(warn, FutureWarning)
/data/homezvol0/mattt2/y/envs/n-vdw-split/lib/python3.12/site-packages/dask_jobqueue/slurm.py:55: FutureWarning: project has been renamed to account as this kwarg was used wit -A option. You are still using it (please also check config files). If you did not set account yet, project will be respected for now, but it will be removed in a future release. If you already set account, project is ignored and you can remove it.
  warnings.warn(warn, FutureWarning)
/data/homezvol0/mattt2/y/envs/n-vdw-split/lib/python3.12/site-packages/dask_jobqueue/core.py:285: FutureWarning: env_extra has been renamed to job_script_prologue. You are still using it (even if only set to []; please also check config files). If you did not set job_script_prologue yet, env_extra will be respected for now, but it will be removed in a future release. If you already set job_script_prologue, env_extra is ignored and you can remove it.
  warnings.warn(warn, FutureWarning)
/data/homezvol0/mattt2/y/envs/n-vdw-split/lib/python3.12/site-packages/dask_jobqueue/slurm.py:55: FutureWarning: project has been renamed to account as this kwarg was used wit -A option. You are still using it (please also check config files). If you did not set account yet, project will be respected for now, but it will be removed in a future release. If you already set account, project is ignored and you can remove it.
  warnings.warn(warn, FutureWarning)
2025-09-10 23:57:20 INFO     Finished server request dee838db19ab4c27a8c929bf16d09e05
/data/homezvol0/mattt2/y/envs/n-vdw-split/lib/python3.12/site-packages/dask_jobqueue/core.py:285: FutureWarning: env_extra has been renamed to job_script_prologue. You are still using it (even if only set to []; please also check config files). If you did not set job_script_prologue yet, env_extra will be respected for now, but it will be removed in a future release. If you already set job_script_prologue, env_extra is ignored and you can remove it.
  warnings.warn(warn, FutureWarning)
/data/homezvol0/mattt2/y/envs/n-vdw-split/lib/python3.12/site-packages/dask_jobqueue/slurm.py:55: FutureWarning: project has been renamed to account as this kwarg was used wit -A option. You are still using it (please also check config files). If you did not set account yet, project will be respected for now, but it will be removed in a future release. If you already set account, project is ignored and you can remove it.
  warnings.warn(warn, FutureWarning)
/data/homezvol0/mattt2/y/envs/n-vdw-split/lib/python3.12/site-packages/dask_jobqueue/core.py:285: FutureWarning: env_extra has been renamed to job_script_prologue. You are still using it (even if only set to []; please also check config files). If you did not set job_script_prologue yet, env_extra will be respected for now, but it will be removed in a future release. If you already set job_script_prologue, env_extra is ignored and you can remove it.
  warnings.warn(warn, FutureWarning)
/data/homezvol0/mattt2/y/envs/n-vdw-split/lib/python3.12/site-packages/dask_jobqueue/slurm.py:55: FutureWarning: project has been renamed to account as this kwarg was used wit -A option. You are still using it (please also check config files). If you did not set account yet, project will be respected for now, but it will be removed in a future release. If you already set account, project is ignored and you can remove it.
  warnings.warn(warn, FutureWarning)
/data/homezvol0/mattt2/y/envs/n-vdw-split/lib/python3.12/site-packages/dask_jobqueue/core.py:285: FutureWarning: env_extra has been renamed to job_script_prologue. You are still using it (even if only set to []; please also check config files). If you did not set job_script_prologue yet, env_extra will be respected for now, but it will be removed in a future release. If you already set job_script_prologue, env_extra is ignored and you can remove it.
  warnings.warn(warn, FutureWarning)
/data/homezvol0/mattt2/y/envs/n-vdw-split/lib/python3.12/site-packages/dask_jobqueue/slurm.py:55: FutureWarning: project has been renamed to account as this kwarg was used wit -A option. You are still using it (please also check config files). If you did not set account yet, project will be respected for now, but it will be removed in a future release. If you already set account, project is ignored and you can remove it.
  warnings.warn(warn, FutureWarning)
/data/homezvol0/mattt2/y/envs/n-vdw-split/lib/python3.12/site-packages/dask_jobqueue/core.py:285: FutureWarning: env_extra has been renamed to job_script_prologue. You are still using it (even if only set to []; please also check config files). If you did not set job_script_prologue yet, env_extra will be respected for now, but it will be removed in a future release. If you already set job_script_prologue, env_extra is ignored and you can remove it.
  warnings.warn(warn, FutureWarning)
/data/homezvol0/mattt2/y/envs/n-vdw-split/lib/python3.12/site-packages/dask_jobqueue/slurm.py:55: FutureWarning: project has been renamed to account as this kwarg was used wit -A option. You are still using it (please also check config files). If you did not set account yet, project will be respected for now, but it will be removed in a future release. If you already set account, project is ignored and you can remove it.
  warnings.warn(warn, FutureWarning)
/data/homezvol0/mattt2/y/envs/n-vdw-split/lib/python3.12/site-packages/dask_jobqueue/core.py:285: FutureWarning: env_extra has been renamed to job_script_prologue. You are still using it (even if only set to []; please also check config files). If you did not set job_script_prologue yet, env_extra will be respected for now, but it will be removed in a future release. If you already set job_script_prologue, env_extra is ignored and you can remove it.
  warnings.warn(warn, FutureWarning)
/data/homezvol0/mattt2/y/envs/n-vdw-split/lib/python3.12/site-packages/dask_jobqueue/slurm.py:55: FutureWarning: project has been renamed to account as this kwarg was used wit -A option. You are still using it (please also check config files). If you did not set account yet, project will be respected for now, but it will be removed in a future release. If you already set account, project is ignored and you can remove it.
  warnings.warn(warn, FutureWarning)
2025-09-11 00:27:21 INFO     Finished server request 901e384ea76542e3965455f9eb6636eb
/data/homezvol0/mattt2/y/envs/n-vdw-split/lib/python3.12/site-packages/dask_jobqueue/core.py:285: FutureWarning: env_extra has been renamed to job_script_prologue. You are still using it (even if only set to []; please also check config files). If you did not set job_script_prologue yet, env_extra will be respected for now, but it will be removed in a future release. If you already set job_script_prologue, env_extra is ignored and you can remove it.
  warnings.warn(warn, FutureWarning)
/data/homezvol0/mattt2/y/envs/n-vdw-split/lib/python3.12/site-packages/dask_jobqueue/slurm.py:55: FutureWarning: project has been renamed to account as this kwarg was used wit -A option. You are still using it (please also check config files). If you did not set account yet, project will be respected for now, but it will be removed in a future release. If you already set account, project is ignored and you can remove it.
  warnings.warn(warn, FutureWarning)
/data/homezvol0/mattt2/y/envs/n-vdw-split/lib/python3.12/site-packages/dask_jobqueue/core.py:285: FutureWarning: env_extra has been renamed to job_script_prologue. You are still using it (even if only set to []; please also check config files). If you did not set job_script_prologue yet, env_extra will be respected for now, but it will be removed in a future release. If you already set job_script_prologue, env_extra is ignored and you can remove it.
  warnings.warn(warn, FutureWarning)
/data/homezvol0/mattt2/y/envs/n-vdw-split/lib/python3.12/site-packages/dask_jobqueue/slurm.py:55: FutureWarning: project has been renamed to account as this kwarg was used wit -A option. You are still using it (please also check config files). If you did not set account yet, project will be respected for now, but it will be removed in a future release. If you already set account, project is ignored and you can remove it.
  warnings.warn(warn, FutureWarning)
/data/homezvol0/mattt2/y/envs/n-vdw-split/lib/python3.12/site-packages/dask_jobqueue/core.py:285: FutureWarning: env_extra has been renamed to job_script_prologue. You are still using it (even if only set to []; please also check config files). If you did not set job_script_prologue yet, env_extra will be respected for now, but it will be removed in a future release. If you already set job_script_prologue, env_extra is ignored and you can remove it.
  warnings.warn(warn, FutureWarning)
/data/homezvol0/mattt2/y/envs/n-vdw-split/lib/python3.12/site-packages/dask_jobqueue/slurm.py:55: FutureWarning: project has been renamed to account as this kwarg was used wit -A option. You are still using it (please also check config files). If you did not set account yet, project will be respected for now, but it will be removed in a future release. If you already set account, project is ignored and you can remove it.
  warnings.warn(warn, FutureWarning)
2025-09-11 03:39:34 INFO     Finished server request fb624de744024ab88ba6338a02d16001
2025-09-11 03:40:59 INFO     Received estimation request from ('127.0.0.1', 39146)
2025-09-11 03:41:01 INFO     Submission 762b7a8a972644198754f64ff49ccf34 received
2025-09-11 03:41:01 INFO     Launching batch 40d39586d95348fd8054d9b6b57ffc41 using the PreequilibratedSimulationLayer layer
2025-09-11 03:41:01 INFO     Building workflow 0 of 48
2025-09-11 03:41:04 INFO     Building workflow 1 of 48
2025-09-11 03:41:07 INFO     Building workflow 2 of 48
2025-09-11 03:41:09 INFO     Building workflow 3 of 48
2025-09-11 03:41:11 INFO     Building workflow 4 of 48
2025-09-11 03:41:13 INFO     Building workflow 5 of 48
2025-09-11 03:41:15 INFO     Building workflow 6 of 48
2025-09-11 03:41:18 INFO     Building workflow 7 of 48
2025-09-11 03:41:21 INFO     Building workflow 8 of 48
2025-09-11 03:41:23 INFO     Building workflow 9 of 48
2025-09-11 03:41:25 INFO     Building workflow 10 of 48
2025-09-11 03:41:27 INFO     Building workflow 11 of 48
2025-09-11 03:41:29 INFO     Building workflow 12 of 48
2025-09-11 03:41:32 INFO     Building workflow 13 of 48
2025-09-11 03:41:35 INFO     Building workflow 14 of 48
2025-09-11 03:41:37 INFO     Building workflow 15 of 48
2025-09-11 03:41:40 INFO     Building workflow 16 of 48
2025-09-11 03:41:41 INFO     Building workflow 17 of 48
2025-09-11 03:41:43 INFO     Building workflow 18 of 48
2025-09-11 03:41:44 INFO     Building workflow 19 of 48
2025-09-11 03:41:46 INFO     Building workflow 20 of 48
2025-09-11 03:41:49 INFO     Building workflow 21 of 48
2025-09-11 03:41:51 INFO     Building workflow 22 of 48
2025-09-11 03:41:54 INFO     Building workflow 23 of 48
2025-09-11 03:41:56 INFO     Building workflow 24 of 48
2025-09-11 03:41:58 INFO     Building workflow 25 of 48
2025-09-11 03:42:01 INFO     Building workflow 26 of 48
2025-09-11 03:42:04 INFO     Building workflow 27 of 48
2025-09-11 03:42:06 INFO     Building workflow 28 of 48
2025-09-11 03:42:09 INFO     Building workflow 29 of 48
2025-09-11 03:42:10 INFO     Building workflow 30 of 48
2025-09-11 03:42:13 INFO     Building workflow 31 of 48
2025-09-11 03:42:15 INFO     Building workflow 32 of 48
2025-09-11 03:42:18 INFO     Building workflow 33 of 48
2025-09-11 03:42:21 INFO     Building workflow 34 of 48
2025-09-11 03:42:23 INFO     Building workflow 35 of 48
2025-09-11 03:42:24 INFO     Building workflow 36 of 48
2025-09-11 03:42:26 INFO     Building workflow 37 of 48
2025-09-11 03:42:29 INFO     Building workflow 38 of 48
2025-09-11 03:42:32 INFO     Building workflow 39 of 48
2025-09-11 03:42:35 INFO     Building workflow 40 of 48
2025-09-11 03:42:36 INFO     Building workflow 41 of 48
2025-09-11 03:42:38 INFO     Building workflow 42 of 48
2025-09-11 03:42:40 INFO     Building workflow 43 of 48
2025-09-11 03:42:42 INFO     Building workflow 44 of 48
2025-09-11 03:42:45 INFO     Building workflow 45 of 48
2025-09-11 03:42:46 INFO     Building workflow 46 of 48
2025-09-11 03:42:49 INFO     Building workflow 47 of 48
/data/homezvol0/mattt2/y/envs/n-vdw-split/lib/python3.12/site-packages/dask_jobqueue/core.py:285: FutureWarning: env_extra has been renamed to job_script_prologue. You are still using it (even if only set to []; please also check config files). If you did not set job_script_prologue yet, env_extra will be respected for now, but it will be removed in a future release. If you already set job_script_prologue, env_extra is ignored and you can remove it.
  warnings.warn(warn, FutureWarning)
/data/homezvol0/mattt2/y/envs/n-vdw-split/lib/python3.12/site-packages/dask_jobqueue/slurm.py:55: FutureWarning: project has been renamed to account as this kwarg was used wit -A option. You are still using it (please also check config files). If you did not set account yet, project will be respected for now, but it will be removed in a future release. If you already set account, project is ignored and you can remove it.
  warnings.warn(warn, FutureWarning)
2025-09-11 03:42:57 INFO     Launching batch b64ecd9aade14e68826e907f5090a723 using the PreequilibratedSimulationLayer layer
2025-09-11 03:42:57 INFO     Building workflow 0 of 48
2025-09-11 03:42:59 INFO     Building workflow 1 of 48
2025-09-11 03:43:01 INFO     Building workflow 2 of 48
2025-09-11 03:43:04 INFO     Building workflow 3 of 48
2025-09-11 03:43:06 INFO     Building workflow 4 of 48
2025-09-11 03:43:09 INFO     Building workflow 5 of 48
2025-09-11 03:43:12 INFO     Building workflow 6 of 48
2025-09-11 03:43:13 INFO     Building workflow 7 of 48
2025-09-11 03:43:15 INFO     Building workflow 8 of 48
2025-09-11 03:43:18 INFO     Building workflow 9 of 48
2025-09-11 03:43:21 INFO     Building workflow 10 of 48
2025-09-11 03:43:22 INFO     Building workflow 11 of 48
2025-09-11 03:43:25 INFO     Building workflow 12 of 48
2025-09-11 03:43:29 INFO     Building workflow 13 of 48
2025-09-11 03:43:31 INFO     Building workflow 14 of 48
2025-09-11 03:43:33 INFO     Building workflow 15 of 48
2025-09-11 03:43:35 INFO     Building workflow 16 of 48
2025-09-11 03:43:38 INFO     Building workflow 17 of 48
2025-09-11 03:43:39 INFO     Building workflow 18 of 48
2025-09-11 03:43:41 INFO     Building workflow 19 of 48
2025-09-11 03:43:44 INFO     Building workflow 20 of 48
2025-09-11 03:43:47 INFO     Building workflow 21 of 48
2025-09-11 03:43:49 INFO     Building workflow 22 of 48
2025-09-11 03:43:52 INFO     Building workflow 23 of 48
2025-09-11 03:43:54 INFO     Building workflow 24 of 48
2025-09-11 03:43:57 INFO     Building workflow 25 of 48
2025-09-11 03:44:00 INFO     Building workflow 26 of 48
2025-09-11 03:44:02 INFO     Building workflow 27 of 48
2025-09-11 03:44:03 INFO     Building workflow 28 of 48
2025-09-11 03:44:06 INFO     Building workflow 29 of 48
2025-09-11 03:44:08 INFO     Building workflow 30 of 48
2025-09-11 03:44:11 INFO     Building workflow 31 of 48
2025-09-11 03:44:14 INFO     Building workflow 32 of 48
2025-09-11 03:44:17 INFO     Building workflow 33 of 48
2025-09-11 03:44:19 INFO     Building workflow 34 of 48
2025-09-11 03:44:20 INFO     Building workflow 35 of 48
2025-09-11 03:44:22 INFO     Building workflow 36 of 48
2025-09-11 03:44:24 INFO     Building workflow 37 of 48
2025-09-11 03:44:26 INFO     Building workflow 38 of 48
2025-09-11 03:44:28 INFO     Building workflow 39 of 48
2025-09-11 03:44:30 INFO     Building workflow 40 of 48
2025-09-11 03:44:33 INFO     Building workflow 41 of 48
2025-09-11 03:44:36 INFO     Building workflow 42 of 48
2025-09-11 03:44:39 INFO     Building workflow 43 of 48
2025-09-11 03:44:42 INFO     Building workflow 44 of 48
2025-09-11 03:44:44 INFO     Building workflow 45 of 48
2025-09-11 03:44:45 INFO     Building workflow 46 of 48
2025-09-11 03:44:48 INFO     Building workflow 47 of 48
2025-09-11 03:44:57 INFO     Launching batch ce8667031cab43d8a705e8e927df63cd using the PreequilibratedSimulationLayer layer
2025-09-11 03:44:57 INFO     Building workflow 0 of 24
2025-09-11 03:45:01 INFO     Building workflow 1 of 24
2025-09-11 03:45:03 INFO     Building workflow 2 of 24
2025-09-11 03:45:04 INFO     Building workflow 3 of 24
2025-09-11 03:45:08 INFO     Building workflow 4 of 24
2025-09-11 03:45:11 INFO     Building workflow 5 of 24
2025-09-11 03:45:12 INFO     Building workflow 6 of 24
2025-09-11 03:45:14 INFO     Building workflow 7 of 24
2025-09-11 03:45:16 INFO     Building workflow 8 of 24
2025-09-11 03:45:19 INFO     Building workflow 9 of 24
2025-09-11 03:45:22 INFO     Building workflow 10 of 24
2025-09-11 03:45:25 INFO     Building workflow 11 of 24
2025-09-11 03:45:26 INFO     Building workflow 12 of 24
2025-09-11 03:45:28 INFO     Building workflow 13 of 24
2025-09-11 03:45:31 INFO     Building workflow 14 of 24
2025-09-11 03:45:33 INFO     Building workflow 15 of 24
2025-09-11 03:45:36 INFO     Building workflow 16 of 24
2025-09-11 03:45:37 INFO     Building workflow 17 of 24
2025-09-11 03:45:40 INFO     Building workflow 18 of 24
2025-09-11 03:45:43 INFO     Building workflow 19 of 24
2025-09-11 03:45:46 INFO     Building workflow 20 of 24
2025-09-11 03:45:49 INFO     Building workflow 21 of 24
2025-09-11 03:45:51 INFO     Building workflow 22 of 24
2025-09-11 03:45:53 INFO     Building workflow 23 of 24
/data/homezvol0/mattt2/y/envs/n-vdw-split/lib/python3.12/site-packages/dask_jobqueue/core.py:285: FutureWarning: env_extra has been renamed to job_script_prologue. You are still using it (even if only set to []; please also check config files). If you did not set job_script_prologue yet, env_extra will be respected for now, but it will be removed in a future release. If you already set job_script_prologue, env_extra is ignored and you can remove it.
  warnings.warn(warn, FutureWarning)
/data/homezvol0/mattt2/y/envs/n-vdw-split/lib/python3.12/site-packages/dask_jobqueue/slurm.py:55: FutureWarning: project has been renamed to account as this kwarg was used wit -A option. You are still using it (please also check config files). If you did not set account yet, project will be respected for now, but it will be removed in a future release. If you already set account, project is ignored and you can remove it.
  warnings.warn(warn, FutureWarning)
/data/homezvol0/mattt2/y/envs/n-vdw-split/lib/python3.12/site-packages/dask_jobqueue/core.py:285: FutureWarning: env_extra has been renamed to job_script_prologue. You are still using it (even if only set to []; please also check config files). If you did not set job_script_prologue yet, env_extra will be respected for now, but it will be removed in a future release. If you already set job_script_prologue, env_extra is ignored and you can remove it.
  warnings.warn(warn, FutureWarning)
/data/homezvol0/mattt2/y/envs/n-vdw-split/lib/python3.12/site-packages/dask_jobqueue/slurm.py:55: FutureWarning: project has been renamed to account as this kwarg was used wit -A option. You are still using it (please also check config files). If you did not set account yet, project will be respected for now, but it will be removed in a future release. If you already set account, project is ignored and you can remove it.
  warnings.warn(warn, FutureWarning)
/data/homezvol0/mattt2/y/envs/n-vdw-split/lib/python3.12/site-packages/dask_jobqueue/core.py:285: FutureWarning: env_extra has been renamed to job_script_prologue. You are still using it (even if only set to []; please also check config files). If you did not set job_script_prologue yet, env_extra will be respected for now, but it will be removed in a future release. If you already set job_script_prologue, env_extra is ignored and you can remove it.
  warnings.warn(warn, FutureWarning)
/data/homezvol0/mattt2/y/envs/n-vdw-split/lib/python3.12/site-packages/dask_jobqueue/slurm.py:55: FutureWarning: project has been renamed to account as this kwarg was used wit -A option. You are still using it (please also check config files). If you did not set account yet, project will be respected for now, but it will be removed in a future release. If you already set account, project is ignored and you can remove it.
  warnings.warn(warn, FutureWarning)
/data/homezvol0/mattt2/y/envs/n-vdw-split/lib/python3.12/site-packages/dask_jobqueue/core.py:285: FutureWarning: env_extra has been renamed to job_script_prologue. You are still using it (even if only set to []; please also check config files). If you did not set job_script_prologue yet, env_extra will be respected for now, but it will be removed in a future release. If you already set job_script_prologue, env_extra is ignored and you can remove it.
  warnings.warn(warn, FutureWarning)
/data/homezvol0/mattt2/y/envs/n-vdw-split/lib/python3.12/site-packages/dask_jobqueue/slurm.py:55: FutureWarning: project has been renamed to account as this kwarg was used wit -A option. You are still using it (please also check config files). If you did not set account yet, project will be respected for now, but it will be removed in a future release. If you already set account, project is ignored and you can remove it.
  warnings.warn(warn, FutureWarning)
/data/homezvol0/mattt2/y/envs/n-vdw-split/lib/python3.12/site-packages/dask_jobqueue/core.py:285: FutureWarning: env_extra has been renamed to job_script_prologue. You are still using it (even if only set to []; please also check config files). If you did not set job_script_prologue yet, env_extra will be respected for now, but it will be removed in a future release. If you already set job_script_prologue, env_extra is ignored and you can remove it.
  warnings.warn(warn, FutureWarning)
/data/homezvol0/mattt2/y/envs/n-vdw-split/lib/python3.12/site-packages/dask_jobqueue/slurm.py:55: FutureWarning: project has been renamed to account as this kwarg was used wit -A option. You are still using it (please also check config files). If you did not set account yet, project will be respected for now, but it will be removed in a future release. If you already set account, project is ignored and you can remove it.
  warnings.warn(warn, FutureWarning)
/data/homezvol0/mattt2/y/envs/n-vdw-split/lib/python3.12/site-packages/dask_jobqueue/core.py:285: FutureWarning: env_extra has been renamed to job_script_prologue. You are still using it (even if only set to []; please also check config files). If you did not set job_script_prologue yet, env_extra will be respected for now, but it will be removed in a future release. If you already set job_script_prologue, env_extra is ignored and you can remove it.
  warnings.warn(warn, FutureWarning)
/data/homezvol0/mattt2/y/envs/n-vdw-split/lib/python3.12/site-packages/dask_jobqueue/slurm.py:55: FutureWarning: project has been renamed to account as this kwarg was used wit -A option. You are still using it (please also check config files). If you did not set account yet, project will be respected for now, but it will be removed in a future release. If you already set account, project is ignored and you can remove it.
  warnings.warn(warn, FutureWarning)
/data/homezvol0/mattt2/y/envs/n-vdw-split/lib/python3.12/site-packages/dask_jobqueue/core.py:285: FutureWarning: env_extra has been renamed to job_script_prologue. You are still using it (even if only set to []; please also check config files). If you did not set job_script_prologue yet, env_extra will be respected for now, but it will be removed in a future release. If you already set job_script_prologue, env_extra is ignored and you can remove it.
  warnings.warn(warn, FutureWarning)
/data/homezvol0/mattt2/y/envs/n-vdw-split/lib/python3.12/site-packages/dask_jobqueue/slurm.py:55: FutureWarning: project has been renamed to account as this kwarg was used wit -A option. You are still using it (please also check config files). If you did not set account yet, project will be respected for now, but it will be removed in a future release. If you already set account, project is ignored and you can remove it.
  warnings.warn(warn, FutureWarning)
/data/homezvol0/mattt2/y/envs/n-vdw-split/lib/python3.12/site-packages/dask_jobqueue/core.py:285: FutureWarning: env_extra has been renamed to job_script_prologue. You are still using it (even if only set to []; please also check config files). If you did not set job_script_prologue yet, env_extra will be respected for now, but it will be removed in a future release. If you already set job_script_prologue, env_extra is ignored and you can remove it.
  warnings.warn(warn, FutureWarning)
/data/homezvol0/mattt2/y/envs/n-vdw-split/lib/python3.12/site-packages/dask_jobqueue/slurm.py:55: FutureWarning: project has been renamed to account as this kwarg was used wit -A option. You are still using it (please also check config files). If you did not set account yet, project will be respected for now, but it will be removed in a future release. If you already set account, project is ignored and you can remove it.
  warnings.warn(warn, FutureWarning)
/data/homezvol0/mattt2/y/envs/n-vdw-split/lib/python3.12/site-packages/dask_jobqueue/core.py:285: FutureWarning: env_extra has been renamed to job_script_prologue. You are still using it (even if only set to []; please also check config files). If you did not set job_script_prologue yet, env_extra will be respected for now, but it will be removed in a future release. If you already set job_script_prologue, env_extra is ignored and you can remove it.
  warnings.warn(warn, FutureWarning)
/data/homezvol0/mattt2/y/envs/n-vdw-split/lib/python3.12/site-packages/dask_jobqueue/slurm.py:55: FutureWarning: project has been renamed to account as this kwarg was used wit -A option. You are still using it (please also check config files). If you did not set account yet, project will be respected for now, but it will be removed in a future release. If you already set account, project is ignored and you can remove it.
  warnings.warn(warn, FutureWarning)
/data/homezvol0/mattt2/y/envs/n-vdw-split/lib/python3.12/site-packages/dask_jobqueue/core.py:285: FutureWarning: env_extra has been renamed to job_script_prologue. You are still using it (even if only set to []; please also check config files). If you did not set job_script_prologue yet, env_extra will be respected for now, but it will be removed in a future release. If you already set job_script_prologue, env_extra is ignored and you can remove it.
  warnings.warn(warn, FutureWarning)
/data/homezvol0/mattt2/y/envs/n-vdw-split/lib/python3.12/site-packages/dask_jobqueue/slurm.py:55: FutureWarning: project has been renamed to account as this kwarg was used wit -A option. You are still using it (please also check config files). If you did not set account yet, project will be respected for now, but it will be removed in a future release. If you already set account, project is ignored and you can remove it.
  warnings.warn(warn, FutureWarning)
/data/homezvol0/mattt2/y/envs/n-vdw-split/lib/python3.12/site-packages/dask_jobqueue/core.py:285: FutureWarning: env_extra has been renamed to job_script_prologue. You are still using it (even if only set to []; please also check config files). If you did not set job_script_prologue yet, env_extra will be respected for now, but it will be removed in a future release. If you already set job_script_prologue, env_extra is ignored and you can remove it.
  warnings.warn(warn, FutureWarning)
/data/homezvol0/mattt2/y/envs/n-vdw-split/lib/python3.12/site-packages/dask_jobqueue/slurm.py:55: FutureWarning: project has been renamed to account as this kwarg was used wit -A option. You are still using it (please also check config files). If you did not set account yet, project will be respected for now, but it will be removed in a future release. If you already set account, project is ignored and you can remove it.
  warnings.warn(warn, FutureWarning)
/data/homezvol0/mattt2/y/envs/n-vdw-split/lib/python3.12/site-packages/dask_jobqueue/core.py:285: FutureWarning: env_extra has been renamed to job_script_prologue. You are still using it (even if only set to []; please also check config files). If you did not set job_script_prologue yet, env_extra will be respected for now, but it will be removed in a future release. If you already set job_script_prologue, env_extra is ignored and you can remove it.
  warnings.warn(warn, FutureWarning)
/data/homezvol0/mattt2/y/envs/n-vdw-split/lib/python3.12/site-packages/dask_jobqueue/slurm.py:55: FutureWarning: project has been renamed to account as this kwarg was used wit -A option. You are still using it (please also check config files). If you did not set account yet, project will be respected for now, but it will be removed in a future release. If you already set account, project is ignored and you can remove it.
  warnings.warn(warn, FutureWarning)
/data/homezvol0/mattt2/y/envs/n-vdw-split/lib/python3.12/site-packages/dask_jobqueue/core.py:285: FutureWarning: env_extra has been renamed to job_script_prologue. You are still using it (even if only set to []; please also check config files). If you did not set job_script_prologue yet, env_extra will be respected for now, but it will be removed in a future release. If you already set job_script_prologue, env_extra is ignored and you can remove it.
  warnings.warn(warn, FutureWarning)
/data/homezvol0/mattt2/y/envs/n-vdw-split/lib/python3.12/site-packages/dask_jobqueue/slurm.py:55: FutureWarning: project has been renamed to account as this kwarg was used wit -A option. You are still using it (please also check config files). If you did not set account yet, project will be respected for now, but it will be removed in a future release. If you already set account, project is ignored and you can remove it.
  warnings.warn(warn, FutureWarning)
/data/homezvol0/mattt2/y/envs/n-vdw-split/lib/python3.12/site-packages/dask_jobqueue/core.py:285: FutureWarning: env_extra has been renamed to job_script_prologue. You are still using it (even if only set to []; please also check config files). If you did not set job_script_prologue yet, env_extra will be respected for now, but it will be removed in a future release. If you already set job_script_prologue, env_extra is ignored and you can remove it.
  warnings.warn(warn, FutureWarning)
/data/homezvol0/mattt2/y/envs/n-vdw-split/lib/python3.12/site-packages/dask_jobqueue/slurm.py:55: FutureWarning: project has been renamed to account as this kwarg was used wit -A option. You are still using it (please also check config files). If you did not set account yet, project will be respected for now, but it will be removed in a future release. If you already set account, project is ignored and you can remove it.
  warnings.warn(warn, FutureWarning)
/data/homezvol0/mattt2/y/envs/n-vdw-split/lib/python3.12/site-packages/dask_jobqueue/core.py:285: FutureWarning: env_extra has been renamed to job_script_prologue. You are still using it (even if only set to []; please also check config files). If you did not set job_script_prologue yet, env_extra will be respected for now, but it will be removed in a future release. If you already set job_script_prologue, env_extra is ignored and you can remove it.
  warnings.warn(warn, FutureWarning)
/data/homezvol0/mattt2/y/envs/n-vdw-split/lib/python3.12/site-packages/dask_jobqueue/slurm.py:55: FutureWarning: project has been renamed to account as this kwarg was used wit -A option. You are still using it (please also check config files). If you did not set account yet, project will be respected for now, but it will be removed in a future release. If you already set account, project is ignored and you can remove it.
  warnings.warn(warn, FutureWarning)
2025-09-11 06:19:06 INFO     Finished server request ce8667031cab43d8a705e8e927df63cd
/data/homezvol0/mattt2/y/envs/n-vdw-split/lib/python3.12/site-packages/dask_jobqueue/core.py:285: FutureWarning: env_extra has been renamed to job_script_prologue. You are still using it (even if only set to []; please also check config files). If you did not set job_script_prologue yet, env_extra will be respected for now, but it will be removed in a future release. If you already set job_script_prologue, env_extra is ignored and you can remove it.
  warnings.warn(warn, FutureWarning)
/data/homezvol0/mattt2/y/envs/n-vdw-split/lib/python3.12/site-packages/dask_jobqueue/slurm.py:55: FutureWarning: project has been renamed to account as this kwarg was used wit -A option. You are still using it (please also check config files). If you did not set account yet, project will be respected for now, but it will be removed in a future release. If you already set account, project is ignored and you can remove it.
  warnings.warn(warn, FutureWarning)
/data/homezvol0/mattt2/y/envs/n-vdw-split/lib/python3.12/site-packages/dask_jobqueue/core.py:285: FutureWarning: env_extra has been renamed to job_script_prologue. You are still using it (even if only set to []; please also check config files). If you did not set job_script_prologue yet, env_extra will be respected for now, but it will be removed in a future release. If you already set job_script_prologue, env_extra is ignored and you can remove it.
  warnings.warn(warn, FutureWarning)
/data/homezvol0/mattt2/y/envs/n-vdw-split/lib/python3.12/site-packages/dask_jobqueue/slurm.py:55: FutureWarning: project has been renamed to account as this kwarg was used wit -A option. You are still using it (please also check config files). If you did not set account yet, project will be respected for now, but it will be removed in a future release. If you already set account, project is ignored and you can remove it.
  warnings.warn(warn, FutureWarning)
/data/homezvol0/mattt2/y/envs/n-vdw-split/lib/python3.12/site-packages/dask_jobqueue/core.py:285: FutureWarning: env_extra has been renamed to job_script_prologue. You are still using it (even if only set to []; please also check config files). If you did not set job_script_prologue yet, env_extra will be respected for now, but it will be removed in a future release. If you already set job_script_prologue, env_extra is ignored and you can remove it.
  warnings.warn(warn, FutureWarning)
/data/homezvol0/mattt2/y/envs/n-vdw-split/lib/python3.12/site-packages/dask_jobqueue/slurm.py:55: FutureWarning: project has been renamed to account as this kwarg was used wit -A option. You are still using it (please also check config files). If you did not set account yet, project will be respected for now, but it will be removed in a future release. If you already set account, project is ignored and you can remove it.
  warnings.warn(warn, FutureWarning)
2025-09-11 07:23:16 INFO     Finished server request b64ecd9aade14e68826e907f5090a723
2025-09-11 07:24:33 INFO     Finished server request 40d39586d95348fd8054d9b6b57ffc41
2025-09-11 07:31:43 INFO     Received estimation request from ('127.0.0.1', 51974)
2025-09-11 07:31:45 INFO     Submission 21eef34778524c3fb7779609394d35db received
2025-09-11 07:31:45 INFO     Launching batch 3e0f2bf29569488bb28162e130de6181 using the PreequilibratedSimulationLayer layer
2025-09-11 07:31:45 INFO     Building workflow 0 of 48
2025-09-11 07:31:49 INFO     Building workflow 1 of 48
2025-09-11 07:31:52 INFO     Building workflow 2 of 48
2025-09-11 07:31:53 INFO     Building workflow 3 of 48
2025-09-11 07:31:55 INFO     Building workflow 4 of 48
2025-09-11 07:31:58 INFO     Building workflow 5 of 48
2025-09-11 07:32:00 INFO     Building workflow 6 of 48
2025-09-11 07:32:03 INFO     Building workflow 7 of 48
2025-09-11 07:32:05 INFO     Building workflow 8 of 48
2025-09-11 07:32:07 INFO     Building workflow 9 of 48
2025-09-11 07:32:10 INFO     Building workflow 10 of 48
2025-09-11 07:32:11 INFO     Building workflow 11 of 48
2025-09-11 07:32:13 INFO     Building workflow 12 of 48
2025-09-11 07:32:16 INFO     Building workflow 13 of 48
2025-09-11 07:32:19 INFO     Building workflow 14 of 48
2025-09-11 07:32:20 INFO     Building workflow 15 of 48
2025-09-11 07:32:23 INFO     Building workflow 16 of 48
2025-09-11 07:32:25 INFO     Building workflow 17 of 48
2025-09-11 07:32:26 INFO     Building workflow 18 of 48
2025-09-11 07:32:28 INFO     Building workflow 19 of 48
2025-09-11 07:32:29 INFO     Building workflow 20 of 48
2025-09-11 07:32:32 INFO     Building workflow 21 of 48
2025-09-11 07:32:34 INFO     Building workflow 22 of 48
2025-09-11 07:32:37 INFO     Building workflow 23 of 48
2025-09-11 07:32:40 INFO     Building workflow 24 of 48
2025-09-11 07:32:41 INFO     Building workflow 25 of 48
2025-09-11 07:32:44 INFO     Building workflow 26 of 48
2025-09-11 07:32:47 INFO     Building workflow 27 of 48
2025-09-11 07:32:49 INFO     Building workflow 28 of 48
2025-09-11 07:32:51 INFO     Building workflow 29 of 48
2025-09-11 07:32:53 INFO     Building workflow 30 of 48
2025-09-11 07:32:56 INFO     Building workflow 31 of 48
2025-09-11 07:32:57 INFO     Building workflow 32 of 48
2025-09-11 07:33:00 INFO     Building workflow 33 of 48
2025-09-11 07:33:03 INFO     Building workflow 34 of 48
2025-09-11 07:33:05 INFO     Building workflow 35 of 48
2025-09-11 07:33:06 INFO     Building workflow 36 of 48
2025-09-11 07:33:08 INFO     Building workflow 37 of 48
2025-09-11 07:33:11 INFO     Building workflow 38 of 48
2025-09-11 07:33:14 INFO     Building workflow 39 of 48
2025-09-11 07:33:17 INFO     Building workflow 40 of 48
2025-09-11 07:33:18 INFO     Building workflow 41 of 48
2025-09-11 07:33:20 INFO     Building workflow 42 of 48
2025-09-11 07:33:22 INFO     Building workflow 43 of 48
2025-09-11 07:33:23 INFO     Building workflow 44 of 48
2025-09-11 07:33:26 INFO     Building workflow 45 of 48
2025-09-11 07:33:28 INFO     Building workflow 46 of 48
2025-09-11 07:33:31 INFO     Building workflow 47 of 48
/data/homezvol0/mattt2/y/envs/n-vdw-split/lib/python3.12/site-packages/dask_jobqueue/core.py:285: FutureWarning: env_extra has been renamed to job_script_prologue. You are still using it (even if only set to []; please also check config files). If you did not set job_script_prologue yet, env_extra will be respected for now, but it will be removed in a future release. If you already set job_script_prologue, env_extra is ignored and you can remove it.
  warnings.warn(warn, FutureWarning)
/data/homezvol0/mattt2/y/envs/n-vdw-split/lib/python3.12/site-packages/dask_jobqueue/slurm.py:55: FutureWarning: project has been renamed to account as this kwarg was used wit -A option. You are still using it (please also check config files). If you did not set account yet, project will be respected for now, but it will be removed in a future release. If you already set account, project is ignored and you can remove it.
  warnings.warn(warn, FutureWarning)
/data/homezvol0/mattt2/y/envs/n-vdw-split/lib/python3.12/site-packages/dask_jobqueue/core.py:285: FutureWarning: env_extra has been renamed to job_script_prologue. You are still using it (even if only set to []; please also check config files). If you did not set job_script_prologue yet, env_extra will be respected for now, but it will be removed in a future release. If you already set job_script_prologue, env_extra is ignored and you can remove it.
  warnings.warn(warn, FutureWarning)
/data/homezvol0/mattt2/y/envs/n-vdw-split/lib/python3.12/site-packages/dask_jobqueue/slurm.py:55: FutureWarning: project has been renamed to account as this kwarg was used wit -A option. You are still using it (please also check config files). If you did not set account yet, project will be respected for now, but it will be removed in a future release. If you already set account, project is ignored and you can remove it.
  warnings.warn(warn, FutureWarning)
2025-09-11 07:33:38 INFO     Launching batch c8db5e8d24f54af594fbcb3e1950e870 using the PreequilibratedSimulationLayer layer
2025-09-11 07:33:38 INFO     Building workflow 0 of 48
2025-09-11 07:33:40 INFO     Building workflow 1 of 48
2025-09-11 07:33:42 INFO     Building workflow 2 of 48
2025-09-11 07:33:45 INFO     Building workflow 3 of 48
2025-09-11 07:33:47 INFO     Building workflow 4 of 48
2025-09-11 07:33:50 INFO     Building workflow 5 of 48
2025-09-11 07:33:52 INFO     Building workflow 6 of 48
2025-09-11 07:33:54 INFO     Building workflow 7 of 48
2025-09-11 07:33:56 INFO     Building workflow 8 of 48
2025-09-11 07:33:58 INFO     Building workflow 9 of 48
2025-09-11 07:34:01 INFO     Building workflow 10 of 48
2025-09-11 07:34:03 INFO     Building workflow 11 of 48
2025-09-11 07:34:06 INFO     Building workflow 12 of 48
2025-09-11 07:34:09 INFO     Building workflow 13 of 48
2025-09-11 07:34:12 INFO     Building workflow 14 of 48
2025-09-11 07:34:14 INFO     Building workflow 15 of 48
2025-09-11 07:34:15 INFO     Building workflow 16 of 48
2025-09-11 07:34:18 INFO     Building workflow 17 of 48
2025-09-11 07:34:20 INFO     Building workflow 18 of 48
2025-09-11 07:34:21 INFO     Building workflow 19 of 48
2025-09-11 07:34:24 INFO     Building workflow 20 of 48
2025-09-11 07:34:27 INFO     Building workflow 21 of 48
2025-09-11 07:34:29 INFO     Building workflow 22 of 48
2025-09-11 07:34:31 INFO     Building workflow 23 of 48
2025-09-11 07:34:33 INFO     Building workflow 24 of 48
2025-09-11 07:34:36 INFO     Building workflow 25 of 48
2025-09-11 07:34:39 INFO     Building workflow 26 of 48
2025-09-11 07:34:40 INFO     Building workflow 27 of 48
2025-09-11 07:34:42 INFO     Building workflow 28 of 48
2025-09-11 07:34:45 INFO     Building workflow 29 of 48
2025-09-11 07:34:46 INFO     Building workflow 30 of 48
2025-09-11 07:34:49 INFO     Building workflow 31 of 48
2025-09-11 07:34:52 INFO     Building workflow 32 of 48
2025-09-11 07:34:55 INFO     Building workflow 33 of 48
2025-09-11 07:34:57 INFO     Building workflow 34 of 48
2025-09-11 07:34:59 INFO     Building workflow 35 of 48
2025-09-11 07:35:00 INFO     Building workflow 36 of 48
2025-09-11 07:35:02 INFO     Building workflow 37 of 48
2025-09-11 07:35:04 INFO     Building workflow 38 of 48
2025-09-11 07:35:07 INFO     Building workflow 39 of 48
2025-09-11 07:35:08 INFO     Building workflow 40 of 48
2025-09-11 07:35:11 INFO     Building workflow 41 of 48
2025-09-11 07:35:14 INFO     Building workflow 42 of 48
2025-09-11 07:35:17 INFO     Building workflow 43 of 48
2025-09-11 07:35:20 INFO     Building workflow 44 of 48
2025-09-11 07:35:21 INFO     Building workflow 45 of 48
2025-09-11 07:35:23 INFO     Building workflow 46 of 48
2025-09-11 07:35:26 INFO     Building workflow 47 of 48
2025-09-11 07:35:35 INFO     Launching batch 4eb21002310a4f2e9235f97846dfe922 using the PreequilibratedSimulationLayer layer
2025-09-11 07:35:35 INFO     Building workflow 0 of 24
2025-09-11 07:35:39 INFO     Building workflow 1 of 24
2025-09-11 07:35:41 INFO     Building workflow 2 of 24
2025-09-11 07:35:42 INFO     Building workflow 3 of 24
2025-09-11 07:35:45 INFO     Building workflow 4 of 24
2025-09-11 07:35:48 INFO     Building workflow 5 of 24
2025-09-11 07:35:50 INFO     Building workflow 6 of 24
2025-09-11 07:35:51 INFO     Building workflow 7 of 24
2025-09-11 07:35:53 INFO     Building workflow 8 of 24
2025-09-11 07:35:56 INFO     Building workflow 9 of 24
2025-09-11 07:35:59 INFO     Building workflow 10 of 24
2025-09-11 07:36:01 INFO     Building workflow 11 of 24
2025-09-11 07:36:03 INFO     Building workflow 12 of 24
2025-09-11 07:36:05 INFO     Building workflow 13 of 24
2025-09-11 07:36:07 INFO     Building workflow 14 of 24
2025-09-11 07:36:09 INFO     Building workflow 15 of 24
2025-09-11 07:36:12 INFO     Building workflow 16 of 24
2025-09-11 07:36:13 INFO     Building workflow 17 of 24
2025-09-11 07:36:16 INFO     Building workflow 18 of 24
2025-09-11 07:36:19 INFO     Building workflow 19 of 24
2025-09-11 07:36:22 INFO     Building workflow 20 of 24
2025-09-11 07:36:25 INFO     Building workflow 21 of 24
2025-09-11 07:36:27 INFO     Building workflow 22 of 24
2025-09-11 07:36:28 INFO     Building workflow 23 of 24
/data/homezvol0/mattt2/y/envs/n-vdw-split/lib/python3.12/site-packages/dask_jobqueue/core.py:285: FutureWarning: env_extra has been renamed to job_script_prologue. You are still using it (even if only set to []; please also check config files). If you did not set job_script_prologue yet, env_extra will be respected for now, but it will be removed in a future release. If you already set job_script_prologue, env_extra is ignored and you can remove it.
  warnings.warn(warn, FutureWarning)
/data/homezvol0/mattt2/y/envs/n-vdw-split/lib/python3.12/site-packages/dask_jobqueue/slurm.py:55: FutureWarning: project has been renamed to account as this kwarg was used wit -A option. You are still using it (please also check config files). If you did not set account yet, project will be respected for now, but it will be removed in a future release. If you already set account, project is ignored and you can remove it.
  warnings.warn(warn, FutureWarning)
/data/homezvol0/mattt2/y/envs/n-vdw-split/lib/python3.12/site-packages/dask_jobqueue/core.py:285: FutureWarning: env_extra has been renamed to job_script_prologue. You are still using it (even if only set to []; please also check config files). If you did not set job_script_prologue yet, env_extra will be respected for now, but it will be removed in a future release. If you already set job_script_prologue, env_extra is ignored and you can remove it.
  warnings.warn(warn, FutureWarning)
/data/homezvol0/mattt2/y/envs/n-vdw-split/lib/python3.12/site-packages/dask_jobqueue/slurm.py:55: FutureWarning: project has been renamed to account as this kwarg was used wit -A option. You are still using it (please also check config files). If you did not set account yet, project will be respected for now, but it will be removed in a future release. If you already set account, project is ignored and you can remove it.
  warnings.warn(warn, FutureWarning)
/data/homezvol0/mattt2/y/envs/n-vdw-split/lib/python3.12/site-packages/dask_jobqueue/core.py:285: FutureWarning: env_extra has been renamed to job_script_prologue. You are still using it (even if only set to []; please also check config files). If you did not set job_script_prologue yet, env_extra will be respected for now, but it will be removed in a future release. If you already set job_script_prologue, env_extra is ignored and you can remove it.
  warnings.warn(warn, FutureWarning)
/data/homezvol0/mattt2/y/envs/n-vdw-split/lib/python3.12/site-packages/dask_jobqueue/slurm.py:55: FutureWarning: project has been renamed to account as this kwarg was used wit -A option. You are still using it (please also check config files). If you did not set account yet, project will be respected for now, but it will be removed in a future release. If you already set account, project is ignored and you can remove it.
  warnings.warn(warn, FutureWarning)
/data/homezvol0/mattt2/y/envs/n-vdw-split/lib/python3.12/site-packages/dask_jobqueue/core.py:285: FutureWarning: env_extra has been renamed to job_script_prologue. You are still using it (even if only set to []; please also check config files). If you did not set job_script_prologue yet, env_extra will be respected for now, but it will be removed in a future release. If you already set job_script_prologue, env_extra is ignored and you can remove it.
  warnings.warn(warn, FutureWarning)
/data/homezvol0/mattt2/y/envs/n-vdw-split/lib/python3.12/site-packages/dask_jobqueue/slurm.py:55: FutureWarning: project has been renamed to account as this kwarg was used wit -A option. You are still using it (please also check config files). If you did not set account yet, project will be respected for now, but it will be removed in a future release. If you already set account, project is ignored and you can remove it.
  warnings.warn(warn, FutureWarning)
/data/homezvol0/mattt2/y/envs/n-vdw-split/lib/python3.12/site-packages/dask_jobqueue/core.py:285: FutureWarning: env_extra has been renamed to job_script_prologue. You are still using it (even if only set to []; please also check config files). If you did not set job_script_prologue yet, env_extra will be respected for now, but it will be removed in a future release. If you already set job_script_prologue, env_extra is ignored and you can remove it.
  warnings.warn(warn, FutureWarning)
/data/homezvol0/mattt2/y/envs/n-vdw-split/lib/python3.12/site-packages/dask_jobqueue/slurm.py:55: FutureWarning: project has been renamed to account as this kwarg was used wit -A option. You are still using it (please also check config files). If you did not set account yet, project will be respected for now, but it will be removed in a future release. If you already set account, project is ignored and you can remove it.
  warnings.warn(warn, FutureWarning)
/data/homezvol0/mattt2/y/envs/n-vdw-split/lib/python3.12/site-packages/dask_jobqueue/core.py:285: FutureWarning: env_extra has been renamed to job_script_prologue. You are still using it (even if only set to []; please also check config files). If you did not set job_script_prologue yet, env_extra will be respected for now, but it will be removed in a future release. If you already set job_script_prologue, env_extra is ignored and you can remove it.
  warnings.warn(warn, FutureWarning)
/data/homezvol0/mattt2/y/envs/n-vdw-split/lib/python3.12/site-packages/dask_jobqueue/slurm.py:55: FutureWarning: project has been renamed to account as this kwarg was used wit -A option. You are still using it (please also check config files). If you did not set account yet, project will be respected for now, but it will be removed in a future release. If you already set account, project is ignored and you can remove it.
  warnings.warn(warn, FutureWarning)
/data/homezvol0/mattt2/y/envs/n-vdw-split/lib/python3.12/site-packages/dask_jobqueue/core.py:285: FutureWarning: env_extra has been renamed to job_script_prologue. You are still using it (even if only set to []; please also check config files). If you did not set job_script_prologue yet, env_extra will be respected for now, but it will be removed in a future release. If you already set job_script_prologue, env_extra is ignored and you can remove it.
  warnings.warn(warn, FutureWarning)
/data/homezvol0/mattt2/y/envs/n-vdw-split/lib/python3.12/site-packages/dask_jobqueue/slurm.py:55: FutureWarning: project has been renamed to account as this kwarg was used wit -A option. You are still using it (please also check config files). If you did not set account yet, project will be respected for now, but it will be removed in a future release. If you already set account, project is ignored and you can remove it.
  warnings.warn(warn, FutureWarning)
/data/homezvol0/mattt2/y/envs/n-vdw-split/lib/python3.12/site-packages/dask_jobqueue/core.py:285: FutureWarning: env_extra has been renamed to job_script_prologue. You are still using it (even if only set to []; please also check config files). If you did not set job_script_prologue yet, env_extra will be respected for now, but it will be removed in a future release. If you already set job_script_prologue, env_extra is ignored and you can remove it.
  warnings.warn(warn, FutureWarning)
/data/homezvol0/mattt2/y/envs/n-vdw-split/lib/python3.12/site-packages/dask_jobqueue/slurm.py:55: FutureWarning: project has been renamed to account as this kwarg was used wit -A option. You are still using it (please also check config files). If you did not set account yet, project will be respected for now, but it will be removed in a future release. If you already set account, project is ignored and you can remove it.
  warnings.warn(warn, FutureWarning)
/data/homezvol0/mattt2/y/envs/n-vdw-split/lib/python3.12/site-packages/dask_jobqueue/core.py:285: FutureWarning: env_extra has been renamed to job_script_prologue. You are still using it (even if only set to []; please also check config files). If you did not set job_script_prologue yet, env_extra will be respected for now, but it will be removed in a future release. If you already set job_script_prologue, env_extra is ignored and you can remove it.
  warnings.warn(warn, FutureWarning)
/data/homezvol0/mattt2/y/envs/n-vdw-split/lib/python3.12/site-packages/dask_jobqueue/slurm.py:55: FutureWarning: project has been renamed to account as this kwarg was used wit -A option. You are still using it (please also check config files). If you did not set account yet, project will be respected for now, but it will be removed in a future release. If you already set account, project is ignored and you can remove it.
  warnings.warn(warn, FutureWarning)
/data/homezvol0/mattt2/y/envs/n-vdw-split/lib/python3.12/site-packages/dask_jobqueue/core.py:285: FutureWarning: env_extra has been renamed to job_script_prologue. You are still using it (even if only set to []; please also check config files). If you did not set job_script_prologue yet, env_extra will be respected for now, but it will be removed in a future release. If you already set job_script_prologue, env_extra is ignored and you can remove it.
  warnings.warn(warn, FutureWarning)
/data/homezvol0/mattt2/y/envs/n-vdw-split/lib/python3.12/site-packages/dask_jobqueue/slurm.py:55: FutureWarning: project has been renamed to account as this kwarg was used wit -A option. You are still using it (please also check config files). If you did not set account yet, project will be respected for now, but it will be removed in a future release. If you already set account, project is ignored and you can remove it.
  warnings.warn(warn, FutureWarning)
/data/homezvol0/mattt2/y/envs/n-vdw-split/lib/python3.12/site-packages/dask_jobqueue/core.py:285: FutureWarning: env_extra has been renamed to job_script_prologue. You are still using it (even if only set to []; please also check config files). If you did not set job_script_prologue yet, env_extra will be respected for now, but it will be removed in a future release. If you already set job_script_prologue, env_extra is ignored and you can remove it.
  warnings.warn(warn, FutureWarning)
/data/homezvol0/mattt2/y/envs/n-vdw-split/lib/python3.12/site-packages/dask_jobqueue/slurm.py:55: FutureWarning: project has been renamed to account as this kwarg was used wit -A option. You are still using it (please also check config files). If you did not set account yet, project will be respected for now, but it will be removed in a future release. If you already set account, project is ignored and you can remove it.
  warnings.warn(warn, FutureWarning)
/data/homezvol0/mattt2/y/envs/n-vdw-split/lib/python3.12/site-packages/dask_jobqueue/core.py:285: FutureWarning: env_extra has been renamed to job_script_prologue. You are still using it (even if only set to []; please also check config files). If you did not set job_script_prologue yet, env_extra will be respected for now, but it will be removed in a future release. If you already set job_script_prologue, env_extra is ignored and you can remove it.
  warnings.warn(warn, FutureWarning)
/data/homezvol0/mattt2/y/envs/n-vdw-split/lib/python3.12/site-packages/dask_jobqueue/slurm.py:55: FutureWarning: project has been renamed to account as this kwarg was used wit -A option. You are still using it (please also check config files). If you did not set account yet, project will be respected for now, but it will be removed in a future release. If you already set account, project is ignored and you can remove it.
  warnings.warn(warn, FutureWarning)
/data/homezvol0/mattt2/y/envs/n-vdw-split/lib/python3.12/site-packages/dask_jobqueue/core.py:285: FutureWarning: env_extra has been renamed to job_script_prologue. You are still using it (even if only set to []; please also check config files). If you did not set job_script_prologue yet, env_extra will be respected for now, but it will be removed in a future release. If you already set job_script_prologue, env_extra is ignored and you can remove it.
  warnings.warn(warn, FutureWarning)
/data/homezvol0/mattt2/y/envs/n-vdw-split/lib/python3.12/site-packages/dask_jobqueue/slurm.py:55: FutureWarning: project has been renamed to account as this kwarg was used wit -A option. You are still using it (please also check config files). If you did not set account yet, project will be respected for now, but it will be removed in a future release. If you already set account, project is ignored and you can remove it.
  warnings.warn(warn, FutureWarning)
/data/homezvol0/mattt2/y/envs/n-vdw-split/lib/python3.12/site-packages/dask_jobqueue/core.py:285: FutureWarning: env_extra has been renamed to job_script_prologue. You are still using it (even if only set to []; please also check config files). If you did not set job_script_prologue yet, env_extra will be respected for now, but it will be removed in a future release. If you already set job_script_prologue, env_extra is ignored and you can remove it.
  warnings.warn(warn, FutureWarning)
/data/homezvol0/mattt2/y/envs/n-vdw-split/lib/python3.12/site-packages/dask_jobqueue/slurm.py:55: FutureWarning: project has been renamed to account as this kwarg was used wit -A option. You are still using it (please also check config files). If you did not set account yet, project will be respected for now, but it will be removed in a future release. If you already set account, project is ignored and you can remove it.
  warnings.warn(warn, FutureWarning)
/data/homezvol0/mattt2/y/envs/n-vdw-split/lib/python3.12/site-packages/dask_jobqueue/core.py:285: FutureWarning: env_extra has been renamed to job_script_prologue. You are still using it (even if only set to []; please also check config files). If you did not set job_script_prologue yet, env_extra will be respected for now, but it will be removed in a future release. If you already set job_script_prologue, env_extra is ignored and you can remove it.
  warnings.warn(warn, FutureWarning)
/data/homezvol0/mattt2/y/envs/n-vdw-split/lib/python3.12/site-packages/dask_jobqueue/slurm.py:55: FutureWarning: project has been renamed to account as this kwarg was used wit -A option. You are still using it (please also check config files). If you did not set account yet, project will be respected for now, but it will be removed in a future release. If you already set account, project is ignored and you can remove it.
  warnings.warn(warn, FutureWarning)
/data/homezvol0/mattt2/y/envs/n-vdw-split/lib/python3.12/site-packages/dask_jobqueue/core.py:285: FutureWarning: env_extra has been renamed to job_script_prologue. You are still using it (even if only set to []; please also check config files). If you did not set job_script_prologue yet, env_extra will be respected for now, but it will be removed in a future release. If you already set job_script_prologue, env_extra is ignored and you can remove it.
  warnings.warn(warn, FutureWarning)
/data/homezvol0/mattt2/y/envs/n-vdw-split/lib/python3.12/site-packages/dask_jobqueue/slurm.py:55: FutureWarning: project has been renamed to account as this kwarg was used wit -A option. You are still using it (please also check config files). If you did not set account yet, project will be respected for now, but it will be removed in a future release. If you already set account, project is ignored and you can remove it.
  warnings.warn(warn, FutureWarning)
/data/homezvol0/mattt2/y/envs/n-vdw-split/lib/python3.12/site-packages/dask_jobqueue/core.py:285: FutureWarning: env_extra has been renamed to job_script_prologue. You are still using it (even if only set to []; please also check config files). If you did not set job_script_prologue yet, env_extra will be respected for now, but it will be removed in a future release. If you already set job_script_prologue, env_extra is ignored and you can remove it.
  warnings.warn(warn, FutureWarning)
/data/homezvol0/mattt2/y/envs/n-vdw-split/lib/python3.12/site-packages/dask_jobqueue/slurm.py:55: FutureWarning: project has been renamed to account as this kwarg was used wit -A option. You are still using it (please also check config files). If you did not set account yet, project will be respected for now, but it will be removed in a future release. If you already set account, project is ignored and you can remove it.
  warnings.warn(warn, FutureWarning)
2025-09-11 09:50:21 INFO     Finished server request 4eb21002310a4f2e9235f97846dfe922
/data/homezvol0/mattt2/y/envs/n-vdw-split/lib/python3.12/site-packages/dask_jobqueue/core.py:285: FutureWarning: env_extra has been renamed to job_script_prologue. You are still using it (even if only set to []; please also check config files). If you did not set job_script_prologue yet, env_extra will be respected for now, but it will be removed in a future release. If you already set job_script_prologue, env_extra is ignored and you can remove it.
  warnings.warn(warn, FutureWarning)
/data/homezvol0/mattt2/y/envs/n-vdw-split/lib/python3.12/site-packages/dask_jobqueue/slurm.py:55: FutureWarning: project has been renamed to account as this kwarg was used wit -A option. You are still using it (please also check config files). If you did not set account yet, project will be respected for now, but it will be removed in a future release. If you already set account, project is ignored and you can remove it.
  warnings.warn(warn, FutureWarning)
/data/homezvol0/mattt2/y/envs/n-vdw-split/lib/python3.12/site-packages/dask_jobqueue/core.py:285: FutureWarning: env_extra has been renamed to job_script_prologue. You are still using it (even if only set to []; please also check config files). If you did not set job_script_prologue yet, env_extra will be respected for now, but it will be removed in a future release. If you already set job_script_prologue, env_extra is ignored and you can remove it.
  warnings.warn(warn, FutureWarning)
/data/homezvol0/mattt2/y/envs/n-vdw-split/lib/python3.12/site-packages/dask_jobqueue/slurm.py:55: FutureWarning: project has been renamed to account as this kwarg was used wit -A option. You are still using it (please also check config files). If you did not set account yet, project will be respected for now, but it will be removed in a future release. If you already set account, project is ignored and you can remove it.
  warnings.warn(warn, FutureWarning)
2025-09-11 10:16:33 INFO     Finished server request c8db5e8d24f54af594fbcb3e1950e870
/data/homezvol0/mattt2/y/envs/n-vdw-split/lib/python3.12/site-packages/dask_jobqueue/core.py:285: FutureWarning: env_extra has been renamed to job_script_prologue. You are still using it (even if only set to []; please also check config files). If you did not set job_script_prologue yet, env_extra will be respected for now, but it will be removed in a future release. If you already set job_script_prologue, env_extra is ignored and you can remove it.
  warnings.warn(warn, FutureWarning)
/data/homezvol0/mattt2/y/envs/n-vdw-split/lib/python3.12/site-packages/dask_jobqueue/slurm.py:55: FutureWarning: project has been renamed to account as this kwarg was used wit -A option. You are still using it (please also check config files). If you did not set account yet, project will be respected for now, but it will be removed in a future release. If you already set account, project is ignored and you can remove it.
  warnings.warn(warn, FutureWarning)
/data/homezvol0/mattt2/y/envs/n-vdw-split/lib/python3.12/site-packages/dask_jobqueue/core.py:285: FutureWarning: env_extra has been renamed to job_script_prologue. You are still using it (even if only set to []; please also check config files). If you did not set job_script_prologue yet, env_extra will be respected for now, but it will be removed in a future release. If you already set job_script_prologue, env_extra is ignored and you can remove it.
  warnings.warn(warn, FutureWarning)
/data/homezvol0/mattt2/y/envs/n-vdw-split/lib/python3.12/site-packages/dask_jobqueue/slurm.py:55: FutureWarning: project has been renamed to account as this kwarg was used wit -A option. You are still using it (please also check config files). If you did not set account yet, project will be respected for now, but it will be removed in a future release. If you already set account, project is ignored and you can remove it.
  warnings.warn(warn, FutureWarning)
/data/homezvol0/mattt2/y/envs/n-vdw-split/lib/python3.12/site-packages/dask_jobqueue/core.py:285: FutureWarning: env_extra has been renamed to job_script_prologue. You are still using it (even if only set to []; please also check config files). If you did not set job_script_prologue yet, env_extra will be respected for now, but it will be removed in a future release. If you already set job_script_prologue, env_extra is ignored and you can remove it.
  warnings.warn(warn, FutureWarning)
/data/homezvol0/mattt2/y/envs/n-vdw-split/lib/python3.12/site-packages/dask_jobqueue/slurm.py:55: FutureWarning: project has been renamed to account as this kwarg was used wit -A option. You are still using it (please also check config files). If you did not set account yet, project will be respected for now, but it will be removed in a future release. If you already set account, project is ignored and you can remove it.
  warnings.warn(warn, FutureWarning)
2025-09-11 11:27:43 INFO     Finished server request 3e0f2bf29569488bb28162e130de6181
2025-09-11 11:32:32 INFO     Received estimation request from ('127.0.0.1', 45340)
2025-09-11 11:32:34 INFO     Submission 48cde6fd1a904ba5a4e2d28b46fe2991 received
2025-09-11 11:32:34 INFO     Launching batch 540dedfcdfed410aac91447e587e3a30 using the PreequilibratedSimulationLayer layer
2025-09-11 11:32:34 INFO     Building workflow 0 of 48
2025-09-11 11:32:37 INFO     Building workflow 1 of 48
2025-09-11 11:32:40 INFO     Building workflow 2 of 48
2025-09-11 11:32:42 INFO     Building workflow 3 of 48
2025-09-11 11:32:44 INFO     Building workflow 4 of 48
2025-09-11 11:32:47 INFO     Building workflow 5 of 48
2025-09-11 11:32:48 INFO     Building workflow 6 of 48
2025-09-11 11:32:51 INFO     Building workflow 7 of 48
2025-09-11 11:32:54 INFO     Building workflow 8 of 48
2025-09-11 11:32:56 INFO     Building workflow 9 of 48
2025-09-11 11:32:59 INFO     Building workflow 10 of 48
2025-09-11 11:33:00 INFO     Building workflow 11 of 48
2025-09-11 11:33:02 INFO     Building workflow 12 of 48
2025-09-11 11:33:05 INFO     Building workflow 13 of 48
2025-09-11 11:33:07 INFO     Building workflow 14 of 48
2025-09-11 11:33:09 INFO     Building workflow 15 of 48
2025-09-11 11:33:12 INFO     Building workflow 16 of 48
2025-09-11 11:33:13 INFO     Building workflow 17 of 48
2025-09-11 11:33:15 INFO     Building workflow 18 of 48
2025-09-11 11:33:17 INFO     Building workflow 19 of 48
2025-09-11 11:33:18 INFO     Building workflow 20 of 48
2025-09-11 11:33:21 INFO     Building workflow 21 of 48
2025-09-11 11:33:23 INFO     Building workflow 22 of 48
2025-09-11 11:33:26 INFO     Building workflow 23 of 48
2025-09-11 11:33:29 INFO     Building workflow 24 of 48
2025-09-11 11:33:30 INFO     Building workflow 25 of 48
2025-09-11 11:33:33 INFO     Building workflow 26 of 48
2025-09-11 11:33:36 INFO     Building workflow 27 of 48
2025-09-11 11:33:38 INFO     Building workflow 28 of 48
2025-09-11 11:33:41 INFO     Building workflow 29 of 48
2025-09-11 11:33:42 INFO     Building workflow 30 of 48
2025-09-11 11:33:45 INFO     Building workflow 31 of 48
2025-09-11 11:33:47 INFO     Building workflow 32 of 48
2025-09-11 11:33:50 INFO     Building workflow 33 of 48
2025-09-11 11:33:53 INFO     Building workflow 34 of 48
2025-09-11 11:33:54 INFO     Building workflow 35 of 48
2025-09-11 11:33:56 INFO     Building workflow 36 of 48
2025-09-11 11:33:57 INFO     Building workflow 37 of 48
2025-09-11 11:34:00 INFO     Building workflow 38 of 48
2025-09-11 11:34:03 INFO     Building workflow 39 of 48
2025-09-11 11:34:06 INFO     Building workflow 40 of 48
2025-09-11 11:34:08 INFO     Building workflow 41 of 48
2025-09-11 11:34:09 INFO     Building workflow 42 of 48
2025-09-11 11:34:11 INFO     Building workflow 43 of 48
2025-09-11 11:34:12 INFO     Building workflow 44 of 48
2025-09-11 11:34:15 INFO     Building workflow 45 of 48
2025-09-11 11:34:17 INFO     Building workflow 46 of 48
2025-09-11 11:34:20 INFO     Building workflow 47 of 48
/data/homezvol0/mattt2/y/envs/n-vdw-split/lib/python3.12/site-packages/dask_jobqueue/core.py:285: FutureWarning: env_extra has been renamed to job_script_prologue. You are still using it (even if only set to []; please also check config files). If you did not set job_script_prologue yet, env_extra will be respected for now, but it will be removed in a future release. If you already set job_script_prologue, env_extra is ignored and you can remove it.
  warnings.warn(warn, FutureWarning)
/data/homezvol0/mattt2/y/envs/n-vdw-split/lib/python3.12/site-packages/dask_jobqueue/slurm.py:55: FutureWarning: project has been renamed to account as this kwarg was used wit -A option. You are still using it (please also check config files). If you did not set account yet, project will be respected for now, but it will be removed in a future release. If you already set account, project is ignored and you can remove it.
  warnings.warn(warn, FutureWarning)
/data/homezvol0/mattt2/y/envs/n-vdw-split/lib/python3.12/site-packages/dask_jobqueue/core.py:285: FutureWarning: env_extra has been renamed to job_script_prologue. You are still using it (even if only set to []; please also check config files). If you did not set job_script_prologue yet, env_extra will be respected for now, but it will be removed in a future release. If you already set job_script_prologue, env_extra is ignored and you can remove it.
  warnings.warn(warn, FutureWarning)
/data/homezvol0/mattt2/y/envs/n-vdw-split/lib/python3.12/site-packages/dask_jobqueue/slurm.py:55: FutureWarning: project has been renamed to account as this kwarg was used wit -A option. You are still using it (please also check config files). If you did not set account yet, project will be respected for now, but it will be removed in a future release. If you already set account, project is ignored and you can remove it.
  warnings.warn(warn, FutureWarning)
2025-09-11 11:34:27 INFO     Launching batch cfae32cdd6ac40889051960cd5b2c390 using the PreequilibratedSimulationLayer layer
2025-09-11 11:34:27 INFO     Building workflow 0 of 48
2025-09-11 11:34:30 INFO     Building workflow 1 of 48
2025-09-11 11:34:31 INFO     Building workflow 2 of 48
2025-09-11 11:34:34 INFO     Building workflow 3 of 48
2025-09-11 11:34:36 INFO     Building workflow 4 of 48
2025-09-11 11:34:39 INFO     Building workflow 5 of 48
2025-09-11 11:34:42 INFO     Building workflow 6 of 48
2025-09-11 11:34:44 INFO     Building workflow 7 of 48
2025-09-11 11:34:45 INFO     Building workflow 8 of 48
2025-09-11 11:34:49 INFO     Building workflow 9 of 48
2025-09-11 11:34:51 INFO     Building workflow 10 of 48
2025-09-11 11:34:53 INFO     Building workflow 11 of 48
2025-09-11 11:34:56 INFO     Building workflow 12 of 48
2025-09-11 11:34:59 INFO     Building workflow 13 of 48
2025-09-11 11:35:02 INFO     Building workflow 14 of 48
2025-09-11 11:35:04 INFO     Building workflow 15 of 48
2025-09-11 11:35:05 INFO     Building workflow 16 of 48
2025-09-11 11:35:08 INFO     Building workflow 17 of 48
2025-09-11 11:35:10 INFO     Building workflow 18 of 48
2025-09-11 11:35:12 INFO     Building workflow 19 of 48
2025-09-11 11:35:15 INFO     Building workflow 20 of 48
2025-09-11 11:35:25 INFO     Building workflow 21 of 48
2025-09-11 11:35:27 INFO     Building workflow 22 of 48
2025-09-11 11:35:30 INFO     Building workflow 23 of 48
2025-09-11 11:35:32 INFO     Building workflow 24 of 48
2025-09-11 11:35:35 INFO     Building workflow 25 of 48
2025-09-11 11:35:38 INFO     Building workflow 26 of 48
2025-09-11 11:35:39 INFO     Building workflow 27 of 48
2025-09-11 11:35:41 INFO     Building workflow 28 of 48
2025-09-11 11:35:44 INFO     Building workflow 29 of 48
2025-09-11 11:35:45 INFO     Building workflow 30 of 48
2025-09-11 11:35:48 INFO     Building workflow 31 of 48
2025-09-11 11:35:51 INFO     Building workflow 32 of 48
2025-09-11 11:35:54 INFO     Building workflow 33 of 48
2025-09-11 11:35:56 INFO     Building workflow 34 of 48
2025-09-11 11:35:58 INFO     Building workflow 35 of 48
2025-09-11 11:35:59 INFO     Building workflow 36 of 48
2025-09-11 11:36:01 INFO     Building workflow 37 of 48
2025-09-11 11:36:03 INFO     Building workflow 38 of 48
2025-09-11 11:36:06 INFO     Building workflow 39 of 48
2025-09-11 11:36:07 INFO     Building workflow 40 of 48
2025-09-11 11:36:10 INFO     Building workflow 41 of 48
2025-09-11 11:36:13 INFO     Building workflow 42 of 48
2025-09-11 11:36:16 INFO     Building workflow 43 of 48
2025-09-11 11:36:19 INFO     Building workflow 44 of 48
2025-09-11 11:36:21 INFO     Building workflow 45 of 48
2025-09-11 11:36:22 INFO     Building workflow 46 of 48
2025-09-11 11:36:25 INFO     Building workflow 47 of 48
2025-09-11 11:36:34 INFO     Launching batch 5466bfa9af7941e0ab535e8f67b0054f using the PreequilibratedSimulationLayer layer
2025-09-11 11:36:34 INFO     Building workflow 0 of 24
2025-09-11 11:36:39 INFO     Building workflow 1 of 24
2025-09-11 11:36:40 INFO     Building workflow 2 of 24
2025-09-11 11:36:42 INFO     Building workflow 3 of 24
2025-09-11 11:36:45 INFO     Building workflow 4 of 24
2025-09-11 11:36:49 INFO     Building workflow 5 of 24
2025-09-11 11:36:50 INFO     Building workflow 6 of 24
2025-09-11 11:36:52 INFO     Building workflow 7 of 24
2025-09-11 11:36:54 INFO     Building workflow 8 of 24
2025-09-11 11:36:57 INFO     Building workflow 9 of 24
2025-09-11 11:37:00 INFO     Building workflow 10 of 24
2025-09-11 11:37:03 INFO     Building workflow 11 of 24
2025-09-11 11:37:05 INFO     Building workflow 12 of 24
2025-09-11 11:37:06 INFO     Building workflow 13 of 24
2025-09-11 11:37:09 INFO     Building workflow 14 of 24
2025-09-11 11:37:11 INFO     Building workflow 15 of 24
2025-09-11 11:37:14 INFO     Building workflow 16 of 24
2025-09-11 11:37:15 INFO     Building workflow 17 of 24
2025-09-11 11:37:18 INFO     Building workflow 18 of 24
2025-09-11 11:37:21 INFO     Building workflow 19 of 24
2025-09-11 11:37:24 INFO     Building workflow 20 of 24
2025-09-11 11:37:27 INFO     Building workflow 21 of 24
2025-09-11 11:37:29 INFO     Building workflow 22 of 24
2025-09-11 11:37:30 INFO     Building workflow 23 of 24
/data/homezvol0/mattt2/y/envs/n-vdw-split/lib/python3.12/site-packages/dask_jobqueue/core.py:285: FutureWarning: env_extra has been renamed to job_script_prologue. You are still using it (even if only set to []; please also check config files). If you did not set job_script_prologue yet, env_extra will be respected for now, but it will be removed in a future release. If you already set job_script_prologue, env_extra is ignored and you can remove it.
  warnings.warn(warn, FutureWarning)
/data/homezvol0/mattt2/y/envs/n-vdw-split/lib/python3.12/site-packages/dask_jobqueue/slurm.py:55: FutureWarning: project has been renamed to account as this kwarg was used wit -A option. You are still using it (please also check config files). If you did not set account yet, project will be respected for now, but it will be removed in a future release. If you already set account, project is ignored and you can remove it.
  warnings.warn(warn, FutureWarning)
/data/homezvol0/mattt2/y/envs/n-vdw-split/lib/python3.12/site-packages/dask_jobqueue/core.py:285: FutureWarning: env_extra has been renamed to job_script_prologue. You are still using it (even if only set to []; please also check config files). If you did not set job_script_prologue yet, env_extra will be respected for now, but it will be removed in a future release. If you already set job_script_prologue, env_extra is ignored and you can remove it.
  warnings.warn(warn, FutureWarning)
/data/homezvol0/mattt2/y/envs/n-vdw-split/lib/python3.12/site-packages/dask_jobqueue/slurm.py:55: FutureWarning: project has been renamed to account as this kwarg was used wit -A option. You are still using it (please also check config files). If you did not set account yet, project will be respected for now, but it will be removed in a future release. If you already set account, project is ignored and you can remove it.
  warnings.warn(warn, FutureWarning)
/data/homezvol0/mattt2/y/envs/n-vdw-split/lib/python3.12/site-packages/dask_jobqueue/core.py:285: FutureWarning: env_extra has been renamed to job_script_prologue. You are still using it (even if only set to []; please also check config files). If you did not set job_script_prologue yet, env_extra will be respected for now, but it will be removed in a future release. If you already set job_script_prologue, env_extra is ignored and you can remove it.
  warnings.warn(warn, FutureWarning)
/data/homezvol0/mattt2/y/envs/n-vdw-split/lib/python3.12/site-packages/dask_jobqueue/slurm.py:55: FutureWarning: project has been renamed to account as this kwarg was used wit -A option. You are still using it (please also check config files). If you did not set account yet, project will be respected for now, but it will be removed in a future release. If you already set account, project is ignored and you can remove it.
  warnings.warn(warn, FutureWarning)
/data/homezvol0/mattt2/y/envs/n-vdw-split/lib/python3.12/site-packages/dask_jobqueue/core.py:285: FutureWarning: env_extra has been renamed to job_script_prologue. You are still using it (even if only set to []; please also check config files). If you did not set job_script_prologue yet, env_extra will be respected for now, but it will be removed in a future release. If you already set job_script_prologue, env_extra is ignored and you can remove it.
  warnings.warn(warn, FutureWarning)
/data/homezvol0/mattt2/y/envs/n-vdw-split/lib/python3.12/site-packages/dask_jobqueue/slurm.py:55: FutureWarning: project has been renamed to account as this kwarg was used wit -A option. You are still using it (please also check config files). If you did not set account yet, project will be respected for now, but it will be removed in a future release. If you already set account, project is ignored and you can remove it.
  warnings.warn(warn, FutureWarning)
/data/homezvol0/mattt2/y/envs/n-vdw-split/lib/python3.12/site-packages/dask_jobqueue/core.py:285: FutureWarning: env_extra has been renamed to job_script_prologue. You are still using it (even if only set to []; please also check config files). If you did not set job_script_prologue yet, env_extra will be respected for now, but it will be removed in a future release. If you already set job_script_prologue, env_extra is ignored and you can remove it.
  warnings.warn(warn, FutureWarning)
/data/homezvol0/mattt2/y/envs/n-vdw-split/lib/python3.12/site-packages/dask_jobqueue/slurm.py:55: FutureWarning: project has been renamed to account as this kwarg was used wit -A option. You are still using it (please also check config files). If you did not set account yet, project will be respected for now, but it will be removed in a future release. If you already set account, project is ignored and you can remove it.
  warnings.warn(warn, FutureWarning)
/data/homezvol0/mattt2/y/envs/n-vdw-split/lib/python3.12/site-packages/dask_jobqueue/core.py:285: FutureWarning: env_extra has been renamed to job_script_prologue. You are still using it (even if only set to []; please also check config files). If you did not set job_script_prologue yet, env_extra will be respected for now, but it will be removed in a future release. If you already set job_script_prologue, env_extra is ignored and you can remove it.
  warnings.warn(warn, FutureWarning)
/data/homezvol0/mattt2/y/envs/n-vdw-split/lib/python3.12/site-packages/dask_jobqueue/slurm.py:55: FutureWarning: project has been renamed to account as this kwarg was used wit -A option. You are still using it (please also check config files). If you did not set account yet, project will be respected for now, but it will be removed in a future release. If you already set account, project is ignored and you can remove it.
  warnings.warn(warn, FutureWarning)
/data/homezvol0/mattt2/y/envs/n-vdw-split/lib/python3.12/site-packages/dask_jobqueue/core.py:285: FutureWarning: env_extra has been renamed to job_script_prologue. You are still using it (even if only set to []; please also check config files). If you did not set job_script_prologue yet, env_extra will be respected for now, but it will be removed in a future release. If you already set job_script_prologue, env_extra is ignored and you can remove it.
  warnings.warn(warn, FutureWarning)
/data/homezvol0/mattt2/y/envs/n-vdw-split/lib/python3.12/site-packages/dask_jobqueue/slurm.py:55: FutureWarning: project has been renamed to account as this kwarg was used wit -A option. You are still using it (please also check config files). If you did not set account yet, project will be respected for now, but it will be removed in a future release. If you already set account, project is ignored and you can remove it.
  warnings.warn(warn, FutureWarning)
/data/homezvol0/mattt2/y/envs/n-vdw-split/lib/python3.12/site-packages/dask_jobqueue/core.py:285: FutureWarning: env_extra has been renamed to job_script_prologue. You are still using it (even if only set to []; please also check config files). If you did not set job_script_prologue yet, env_extra will be respected for now, but it will be removed in a future release. If you already set job_script_prologue, env_extra is ignored and you can remove it.
  warnings.warn(warn, FutureWarning)
/data/homezvol0/mattt2/y/envs/n-vdw-split/lib/python3.12/site-packages/dask_jobqueue/slurm.py:55: FutureWarning: project has been renamed to account as this kwarg was used wit -A option. You are still using it (please also check config files). If you did not set account yet, project will be respected for now, but it will be removed in a future release. If you already set account, project is ignored and you can remove it.
  warnings.warn(warn, FutureWarning)
/data/homezvol0/mattt2/y/envs/n-vdw-split/lib/python3.12/site-packages/dask_jobqueue/core.py:285: FutureWarning: env_extra has been renamed to job_script_prologue. You are still using it (even if only set to []; please also check config files). If you did not set job_script_prologue yet, env_extra will be respected for now, but it will be removed in a future release. If you already set job_script_prologue, env_extra is ignored and you can remove it.
  warnings.warn(warn, FutureWarning)
/data/homezvol0/mattt2/y/envs/n-vdw-split/lib/python3.12/site-packages/dask_jobqueue/slurm.py:55: FutureWarning: project has been renamed to account as this kwarg was used wit -A option. You are still using it (please also check config files). If you did not set account yet, project will be respected for now, but it will be removed in a future release. If you already set account, project is ignored and you can remove it.
  warnings.warn(warn, FutureWarning)
/data/homezvol0/mattt2/y/envs/n-vdw-split/lib/python3.12/site-packages/dask_jobqueue/core.py:285: FutureWarning: env_extra has been renamed to job_script_prologue. You are still using it (even if only set to []; please also check config files). If you did not set job_script_prologue yet, env_extra will be respected for now, but it will be removed in a future release. If you already set job_script_prologue, env_extra is ignored and you can remove it.
  warnings.warn(warn, FutureWarning)
/data/homezvol0/mattt2/y/envs/n-vdw-split/lib/python3.12/site-packages/dask_jobqueue/slurm.py:55: FutureWarning: project has been renamed to account as this kwarg was used wit -A option. You are still using it (please also check config files). If you did not set account yet, project will be respected for now, but it will be removed in a future release. If you already set account, project is ignored and you can remove it.
  warnings.warn(warn, FutureWarning)
/data/homezvol0/mattt2/y/envs/n-vdw-split/lib/python3.12/site-packages/dask_jobqueue/core.py:285: FutureWarning: env_extra has been renamed to job_script_prologue. You are still using it (even if only set to []; please also check config files). If you did not set job_script_prologue yet, env_extra will be respected for now, but it will be removed in a future release. If you already set job_script_prologue, env_extra is ignored and you can remove it.
  warnings.warn(warn, FutureWarning)
/data/homezvol0/mattt2/y/envs/n-vdw-split/lib/python3.12/site-packages/dask_jobqueue/slurm.py:55: FutureWarning: project has been renamed to account as this kwarg was used wit -A option. You are still using it (please also check config files). If you did not set account yet, project will be respected for now, but it will be removed in a future release. If you already set account, project is ignored and you can remove it.
  warnings.warn(warn, FutureWarning)
/data/homezvol0/mattt2/y/envs/n-vdw-split/lib/python3.12/site-packages/dask_jobqueue/core.py:285: FutureWarning: env_extra has been renamed to job_script_prologue. You are still using it (even if only set to []; please also check config files). If you did not set job_script_prologue yet, env_extra will be respected for now, but it will be removed in a future release. If you already set job_script_prologue, env_extra is ignored and you can remove it.
  warnings.warn(warn, FutureWarning)
/data/homezvol0/mattt2/y/envs/n-vdw-split/lib/python3.12/site-packages/dask_jobqueue/slurm.py:55: FutureWarning: project has been renamed to account as this kwarg was used wit -A option. You are still using it (please also check config files). If you did not set account yet, project will be respected for now, but it will be removed in a future release. If you already set account, project is ignored and you can remove it.
  warnings.warn(warn, FutureWarning)
/data/homezvol0/mattt2/y/envs/n-vdw-split/lib/python3.12/site-packages/dask_jobqueue/core.py:285: FutureWarning: env_extra has been renamed to job_script_prologue. You are still using it (even if only set to []; please also check config files). If you did not set job_script_prologue yet, env_extra will be respected for now, but it will be removed in a future release. If you already set job_script_prologue, env_extra is ignored and you can remove it.
  warnings.warn(warn, FutureWarning)
/data/homezvol0/mattt2/y/envs/n-vdw-split/lib/python3.12/site-packages/dask_jobqueue/slurm.py:55: FutureWarning: project has been renamed to account as this kwarg was used wit -A option. You are still using it (please also check config files). If you did not set account yet, project will be respected for now, but it will be removed in a future release. If you already set account, project is ignored and you can remove it.
  warnings.warn(warn, FutureWarning)
2025-09-11 13:40:04 INFO     Finished server request 5466bfa9af7941e0ab535e8f67b0054f
/data/homezvol0/mattt2/y/envs/n-vdw-split/lib/python3.12/site-packages/dask_jobqueue/core.py:285: FutureWarning: env_extra has been renamed to job_script_prologue. You are still using it (even if only set to []; please also check config files). If you did not set job_script_prologue yet, env_extra will be respected for now, but it will be removed in a future release. If you already set job_script_prologue, env_extra is ignored and you can remove it.
  warnings.warn(warn, FutureWarning)
/data/homezvol0/mattt2/y/envs/n-vdw-split/lib/python3.12/site-packages/dask_jobqueue/slurm.py:55: FutureWarning: project has been renamed to account as this kwarg was used wit -A option. You are still using it (please also check config files). If you did not set account yet, project will be respected for now, but it will be removed in a future release. If you already set account, project is ignored and you can remove it.
  warnings.warn(warn, FutureWarning)
/data/homezvol0/mattt2/y/envs/n-vdw-split/lib/python3.12/site-packages/dask_jobqueue/core.py:285: FutureWarning: env_extra has been renamed to job_script_prologue. You are still using it (even if only set to []; please also check config files). If you did not set job_script_prologue yet, env_extra will be respected for now, but it will be removed in a future release. If you already set job_script_prologue, env_extra is ignored and you can remove it.
  warnings.warn(warn, FutureWarning)
/data/homezvol0/mattt2/y/envs/n-vdw-split/lib/python3.12/site-packages/dask_jobqueue/slurm.py:55: FutureWarning: project has been renamed to account as this kwarg was used wit -A option. You are still using it (please also check config files). If you did not set account yet, project will be respected for now, but it will be removed in a future release. If you already set account, project is ignored and you can remove it.
  warnings.warn(warn, FutureWarning)
/data/homezvol0/mattt2/y/envs/n-vdw-split/lib/python3.12/site-packages/dask_jobqueue/core.py:285: FutureWarning: env_extra has been renamed to job_script_prologue. You are still using it (even if only set to []; please also check config files). If you did not set job_script_prologue yet, env_extra will be respected for now, but it will be removed in a future release. If you already set job_script_prologue, env_extra is ignored and you can remove it.
  warnings.warn(warn, FutureWarning)
/data/homezvol0/mattt2/y/envs/n-vdw-split/lib/python3.12/site-packages/dask_jobqueue/slurm.py:55: FutureWarning: project has been renamed to account as this kwarg was used wit -A option. You are still using it (please also check config files). If you did not set account yet, project will be respected for now, but it will be removed in a future release. If you already set account, project is ignored and you can remove it.
  warnings.warn(warn, FutureWarning)
/data/homezvol0/mattt2/y/envs/n-vdw-split/lib/python3.12/site-packages/dask_jobqueue/core.py:285: FutureWarning: env_extra has been renamed to job_script_prologue. You are still using it (even if only set to []; please also check config files). If you did not set job_script_prologue yet, env_extra will be respected for now, but it will be removed in a future release. If you already set job_script_prologue, env_extra is ignored and you can remove it.
  warnings.warn(warn, FutureWarning)
/data/homezvol0/mattt2/y/envs/n-vdw-split/lib/python3.12/site-packages/dask_jobqueue/slurm.py:55: FutureWarning: project has been renamed to account as this kwarg was used wit -A option. You are still using it (please also check config files). If you did not set account yet, project will be respected for now, but it will be removed in a future release. If you already set account, project is ignored and you can remove it.
  warnings.warn(warn, FutureWarning)
/data/homezvol0/mattt2/y/envs/n-vdw-split/lib/python3.12/site-packages/dask_jobqueue/core.py:285: FutureWarning: env_extra has been renamed to job_script_prologue. You are still using it (even if only set to []; please also check config files). If you did not set job_script_prologue yet, env_extra will be respected for now, but it will be removed in a future release. If you already set job_script_prologue, env_extra is ignored and you can remove it.
  warnings.warn(warn, FutureWarning)
/data/homezvol0/mattt2/y/envs/n-vdw-split/lib/python3.12/site-packages/dask_jobqueue/slurm.py:55: FutureWarning: project has been renamed to account as this kwarg was used wit -A option. You are still using it (please also check config files). If you did not set account yet, project will be respected for now, but it will be removed in a future release. If you already set account, project is ignored and you can remove it.
  warnings.warn(warn, FutureWarning)
/data/homezvol0/mattt2/y/envs/n-vdw-split/lib/python3.12/site-packages/dask_jobqueue/core.py:285: FutureWarning: env_extra has been renamed to job_script_prologue. You are still using it (even if only set to []; please also check config files). If you did not set job_script_prologue yet, env_extra will be respected for now, but it will be removed in a future release. If you already set job_script_prologue, env_extra is ignored and you can remove it.
  warnings.warn(warn, FutureWarning)
/data/homezvol0/mattt2/y/envs/n-vdw-split/lib/python3.12/site-packages/dask_jobqueue/slurm.py:55: FutureWarning: project has been renamed to account as this kwarg was used wit -A option. You are still using it (please also check config files). If you did not set account yet, project will be respected for now, but it will be removed in a future release. If you already set account, project is ignored and you can remove it.
  warnings.warn(warn, FutureWarning)
2025-09-11 14:35:14 INFO     Finished server request cfae32cdd6ac40889051960cd5b2c390
/data/homezvol0/mattt2/y/envs/n-vdw-split/lib/python3.12/site-packages/dask_jobqueue/core.py:285: FutureWarning: env_extra has been renamed to job_script_prologue. You are still using it (even if only set to []; please also check config files). If you did not set job_script_prologue yet, env_extra will be respected for now, but it will be removed in a future release. If you already set job_script_prologue, env_extra is ignored and you can remove it.
  warnings.warn(warn, FutureWarning)
/data/homezvol0/mattt2/y/envs/n-vdw-split/lib/python3.12/site-packages/dask_jobqueue/slurm.py:55: FutureWarning: project has been renamed to account as this kwarg was used wit -A option. You are still using it (please also check config files). If you did not set account yet, project will be respected for now, but it will be removed in a future release. If you already set account, project is ignored and you can remove it.
  warnings.warn(warn, FutureWarning)
2025-09-11 15:01:19 INFO     Finished server request 540dedfcdfed410aac91447e587e3a30
2025-09-11 15:03:14 INFO     Received estimation request from ('127.0.0.1', 53250)
2025-09-11 15:03:16 INFO     Submission b48317ea1bd9459a9a3573bb80aa4434 received
2025-09-11 15:03:16 INFO     Launching batch e8699ac7ab234b0b88de5b312bf68029 using the PreequilibratedSimulationLayer layer
2025-09-11 15:03:16 INFO     Building workflow 0 of 48
2025-09-11 15:03:19 INFO     Building workflow 1 of 48
2025-09-11 15:03:22 INFO     Building workflow 2 of 48
2025-09-11 15:03:24 INFO     Building workflow 3 of 48
2025-09-11 15:03:26 INFO     Building workflow 4 of 48
2025-09-11 15:03:29 INFO     Building workflow 5 of 48
2025-09-11 15:03:30 INFO     Building workflow 6 of 48
2025-09-11 15:03:33 INFO     Building workflow 7 of 48
2025-09-11 15:03:36 INFO     Building workflow 8 of 48
2025-09-11 15:03:38 INFO     Building workflow 9 of 48
2025-09-11 15:03:41 INFO     Building workflow 10 of 48
2025-09-11 15:03:42 INFO     Building workflow 11 of 48
2025-09-11 15:03:44 INFO     Building workflow 12 of 48
2025-09-11 15:03:47 INFO     Building workflow 13 of 48
2025-09-11 15:03:50 INFO     Building workflow 14 of 48
2025-09-11 15:03:52 INFO     Building workflow 15 of 48
2025-09-11 15:03:54 INFO     Building workflow 16 of 48
2025-09-11 15:03:56 INFO     Building workflow 17 of 48
2025-09-11 15:03:58 INFO     Building workflow 18 of 48
2025-09-11 15:03:59 INFO     Building workflow 19 of 48
2025-09-11 15:04:01 INFO     Building workflow 20 of 48
2025-09-11 15:04:04 INFO     Building workflow 21 of 48
2025-09-11 15:04:06 INFO     Building workflow 22 of 48
2025-09-11 15:04:09 INFO     Building workflow 23 of 48
2025-09-11 15:04:11 INFO     Building workflow 24 of 48
2025-09-11 15:04:13 INFO     Building workflow 25 of 48
2025-09-11 15:04:16 INFO     Building workflow 26 of 48
2025-09-11 15:04:19 INFO     Building workflow 27 of 48
2025-09-11 15:04:20 INFO     Building workflow 28 of 48
2025-09-11 15:04:23 INFO     Building workflow 29 of 48
2025-09-11 15:04:25 INFO     Building workflow 30 of 48
2025-09-11 15:04:28 INFO     Building workflow 31 of 48
2025-09-11 15:04:29 INFO     Building workflow 32 of 48
2025-09-11 15:04:32 INFO     Building workflow 33 of 48
2025-09-11 15:04:35 INFO     Building workflow 34 of 48
2025-09-11 15:04:37 INFO     Building workflow 35 of 48
2025-09-11 15:04:38 INFO     Building workflow 36 of 48
2025-09-11 15:04:40 INFO     Building workflow 37 of 48
2025-09-11 15:04:43 INFO     Building workflow 38 of 48
2025-09-11 15:04:46 INFO     Building workflow 39 of 48
2025-09-11 15:04:48 INFO     Building workflow 40 of 48
2025-09-11 15:04:50 INFO     Building workflow 41 of 48
2025-09-11 15:04:52 INFO     Building workflow 42 of 48
2025-09-11 15:04:53 INFO     Building workflow 43 of 48
2025-09-11 15:04:55 INFO     Building workflow 44 of 48
2025-09-11 15:04:58 INFO     Building workflow 45 of 48
2025-09-11 15:04:59 INFO     Building workflow 46 of 48
2025-09-11 15:05:02 INFO     Building workflow 47 of 48
/data/homezvol0/mattt2/y/envs/n-vdw-split/lib/python3.12/site-packages/dask_jobqueue/core.py:285: FutureWarning: env_extra has been renamed to job_script_prologue. You are still using it (even if only set to []; please also check config files). If you did not set job_script_prologue yet, env_extra will be respected for now, but it will be removed in a future release. If you already set job_script_prologue, env_extra is ignored and you can remove it.
  warnings.warn(warn, FutureWarning)
/data/homezvol0/mattt2/y/envs/n-vdw-split/lib/python3.12/site-packages/dask_jobqueue/slurm.py:55: FutureWarning: project has been renamed to account as this kwarg was used wit -A option. You are still using it (please also check config files). If you did not set account yet, project will be respected for now, but it will be removed in a future release. If you already set account, project is ignored and you can remove it.
  warnings.warn(warn, FutureWarning)
/data/homezvol0/mattt2/y/envs/n-vdw-split/lib/python3.12/site-packages/dask_jobqueue/core.py:285: FutureWarning: env_extra has been renamed to job_script_prologue. You are still using it (even if only set to []; please also check config files). If you did not set job_script_prologue yet, env_extra will be respected for now, but it will be removed in a future release. If you already set job_script_prologue, env_extra is ignored and you can remove it.
  warnings.warn(warn, FutureWarning)
/data/homezvol0/mattt2/y/envs/n-vdw-split/lib/python3.12/site-packages/dask_jobqueue/slurm.py:55: FutureWarning: project has been renamed to account as this kwarg was used wit -A option. You are still using it (please also check config files). If you did not set account yet, project will be respected for now, but it will be removed in a future release. If you already set account, project is ignored and you can remove it.
  warnings.warn(warn, FutureWarning)
2025-09-11 15:05:10 INFO     Launching batch 9b37ff2075274c7582db72bd629c7ada using the PreequilibratedSimulationLayer layer
2025-09-11 15:05:10 INFO     Building workflow 0 of 48
/data/homezvol0/mattt2/y/envs/n-vdw-split/lib/python3.12/site-packages/dask_jobqueue/core.py:285: FutureWarning: env_extra has been renamed to job_script_prologue. You are still using it (even if only set to []; please also check config files). If you did not set job_script_prologue yet, env_extra will be respected for now, but it will be removed in a future release. If you already set job_script_prologue, env_extra is ignored and you can remove it.
  warnings.warn(warn, FutureWarning)
/data/homezvol0/mattt2/y/envs/n-vdw-split/lib/python3.12/site-packages/dask_jobqueue/slurm.py:55: FutureWarning: project has been renamed to account as this kwarg was used wit -A option. You are still using it (please also check config files). If you did not set account yet, project will be respected for now, but it will be removed in a future release. If you already set account, project is ignored and you can remove it.
  warnings.warn(warn, FutureWarning)
2025-09-11 15:05:12 INFO     Building workflow 1 of 48
2025-09-11 15:05:14 INFO     Building workflow 2 of 48
2025-09-11 15:05:17 INFO     Building workflow 3 of 48
2025-09-11 15:05:18 INFO     Building workflow 4 of 48
2025-09-11 15:05:21 INFO     Building workflow 5 of 48
2025-09-11 15:05:24 INFO     Building workflow 6 of 48
2025-09-11 15:05:26 INFO     Building workflow 7 of 48
2025-09-11 15:05:28 INFO     Building workflow 8 of 48
2025-09-11 15:05:31 INFO     Building workflow 9 of 48
2025-09-11 15:05:34 INFO     Building workflow 10 of 48
2025-09-11 15:05:35 INFO     Building workflow 11 of 48
2025-09-11 15:05:38 INFO     Building workflow 12 of 48
2025-09-11 15:05:41 INFO     Building workflow 13 of 48
2025-09-11 15:05:44 INFO     Building workflow 14 of 48
2025-09-11 15:05:45 INFO     Building workflow 15 of 48
2025-09-11 15:05:47 INFO     Building workflow 16 of 48
2025-09-11 15:05:50 INFO     Building workflow 17 of 48
2025-09-11 15:05:52 INFO     Building workflow 18 of 48
2025-09-11 15:05:53 INFO     Building workflow 19 of 48
2025-09-11 15:05:56 INFO     Building workflow 20 of 48
2025-09-11 15:05:59 INFO     Building workflow 21 of 48
2025-09-11 15:06:00 INFO     Building workflow 22 of 48
2025-09-11 15:06:03 INFO     Building workflow 23 of 48
2025-09-11 15:06:05 INFO     Building workflow 24 of 48
2025-09-11 15:06:08 INFO     Building workflow 25 of 48
2025-09-11 15:06:11 INFO     Building workflow 26 of 48
2025-09-11 15:06:13 INFO     Building workflow 27 of 48
2025-09-11 15:06:14 INFO     Building workflow 28 of 48
2025-09-11 15:06:17 INFO     Building workflow 29 of 48
2025-09-11 15:06:18 INFO     Building workflow 30 of 48
2025-09-11 15:06:21 INFO     Building workflow 31 of 48
2025-09-11 15:06:24 INFO     Building workflow 32 of 48
2025-09-11 15:06:27 INFO     Building workflow 33 of 48
2025-09-11 15:06:29 INFO     Building workflow 34 of 48
2025-09-11 15:06:30 INFO     Building workflow 35 of 48
2025-09-11 15:06:32 INFO     Building workflow 36 of 48
2025-09-11 15:06:34 INFO     Building workflow 37 of 48
2025-09-11 15:06:35 INFO     Building workflow 38 of 48
2025-09-11 15:06:38 INFO     Building workflow 39 of 48
2025-09-11 15:06:40 INFO     Building workflow 40 of 48
2025-09-11 15:06:43 INFO     Building workflow 41 of 48
2025-09-11 15:06:46 INFO     Building workflow 42 of 48
2025-09-11 15:06:49 INFO     Building workflow 43 of 48
2025-09-11 15:06:52 INFO     Building workflow 44 of 48
2025-09-11 15:06:53 INFO     Building workflow 45 of 48
2025-09-11 15:06:55 INFO     Building workflow 46 of 48
2025-09-11 15:06:58 INFO     Building workflow 47 of 48
2025-09-11 15:07:07 INFO     Launching batch 2580b7042b5e41ed8636429d007ccfed using the PreequilibratedSimulationLayer layer
2025-09-11 15:07:07 INFO     Building workflow 0 of 24
2025-09-11 15:07:10 INFO     Building workflow 1 of 24
2025-09-11 15:07:12 INFO     Building workflow 2 of 24
2025-09-11 15:07:14 INFO     Building workflow 3 of 24
2025-09-11 15:07:18 INFO     Building workflow 4 of 24
2025-09-11 15:07:21 INFO     Building workflow 5 of 24
2025-09-11 15:07:23 INFO     Building workflow 6 of 24
2025-09-11 15:07:24 INFO     Building workflow 7 of 24
2025-09-11 15:07:26 INFO     Building workflow 8 of 24
2025-09-11 15:07:29 INFO     Building workflow 9 of 24
2025-09-11 15:07:32 INFO     Building workflow 10 of 24
2025-09-11 15:07:35 INFO     Building workflow 11 of 24
2025-09-11 15:07:36 INFO     Building workflow 12 of 24
2025-09-11 15:07:38 INFO     Building workflow 13 of 24
2025-09-11 15:07:41 INFO     Building workflow 14 of 24
2025-09-11 15:07:42 INFO     Building workflow 15 of 24
2025-09-11 15:07:45 INFO     Building workflow 16 of 24
2025-09-11 15:07:47 INFO     Building workflow 17 of 24
2025-09-11 15:07:50 INFO     Building workflow 18 of 24
2025-09-11 15:07:53 INFO     Building workflow 19 of 24
2025-09-11 15:07:55 INFO     Building workflow 20 of 24
2025-09-11 15:07:58 INFO     Building workflow 21 of 24
2025-09-11 15:08:00 INFO     Building workflow 22 of 24
2025-09-11 15:08:01 INFO     Building workflow 23 of 24
/data/homezvol0/mattt2/y/envs/n-vdw-split/lib/python3.12/site-packages/dask_jobqueue/core.py:285: FutureWarning: env_extra has been renamed to job_script_prologue. You are still using it (even if only set to []; please also check config files). If you did not set job_script_prologue yet, env_extra will be respected for now, but it will be removed in a future release. If you already set job_script_prologue, env_extra is ignored and you can remove it.
  warnings.warn(warn, FutureWarning)
/data/homezvol0/mattt2/y/envs/n-vdw-split/lib/python3.12/site-packages/dask_jobqueue/slurm.py:55: FutureWarning: project has been renamed to account as this kwarg was used wit -A option. You are still using it (please also check config files). If you did not set account yet, project will be respected for now, but it will be removed in a future release. If you already set account, project is ignored and you can remove it.
  warnings.warn(warn, FutureWarning)
/data/homezvol0/mattt2/y/envs/n-vdw-split/lib/python3.12/site-packages/dask_jobqueue/core.py:285: FutureWarning: env_extra has been renamed to job_script_prologue. You are still using it (even if only set to []; please also check config files). If you did not set job_script_prologue yet, env_extra will be respected for now, but it will be removed in a future release. If you already set job_script_prologue, env_extra is ignored and you can remove it.
  warnings.warn(warn, FutureWarning)
/data/homezvol0/mattt2/y/envs/n-vdw-split/lib/python3.12/site-packages/dask_jobqueue/slurm.py:55: FutureWarning: project has been renamed to account as this kwarg was used wit -A option. You are still using it (please also check config files). If you did not set account yet, project will be respected for now, but it will be removed in a future release. If you already set account, project is ignored and you can remove it.
  warnings.warn(warn, FutureWarning)
/data/homezvol0/mattt2/y/envs/n-vdw-split/lib/python3.12/site-packages/dask_jobqueue/core.py:285: FutureWarning: env_extra has been renamed to job_script_prologue. You are still using it (even if only set to []; please also check config files). If you did not set job_script_prologue yet, env_extra will be respected for now, but it will be removed in a future release. If you already set job_script_prologue, env_extra is ignored and you can remove it.
  warnings.warn(warn, FutureWarning)
/data/homezvol0/mattt2/y/envs/n-vdw-split/lib/python3.12/site-packages/dask_jobqueue/slurm.py:55: FutureWarning: project has been renamed to account as this kwarg was used wit -A option. You are still using it (please also check config files). If you did not set account yet, project will be respected for now, but it will be removed in a future release. If you already set account, project is ignored and you can remove it.
  warnings.warn(warn, FutureWarning)
/data/homezvol0/mattt2/y/envs/n-vdw-split/lib/python3.12/site-packages/dask_jobqueue/core.py:285: FutureWarning: env_extra has been renamed to job_script_prologue. You are still using it (even if only set to []; please also check config files). If you did not set job_script_prologue yet, env_extra will be respected for now, but it will be removed in a future release. If you already set job_script_prologue, env_extra is ignored and you can remove it.
  warnings.warn(warn, FutureWarning)
/data/homezvol0/mattt2/y/envs/n-vdw-split/lib/python3.12/site-packages/dask_jobqueue/slurm.py:55: FutureWarning: project has been renamed to account as this kwarg was used wit -A option. You are still using it (please also check config files). If you did not set account yet, project will be respected for now, but it will be removed in a future release. If you already set account, project is ignored and you can remove it.
  warnings.warn(warn, FutureWarning)
/data/homezvol0/mattt2/y/envs/n-vdw-split/lib/python3.12/site-packages/dask_jobqueue/core.py:285: FutureWarning: env_extra has been renamed to job_script_prologue. You are still using it (even if only set to []; please also check config files). If you did not set job_script_prologue yet, env_extra will be respected for now, but it will be removed in a future release. If you already set job_script_prologue, env_extra is ignored and you can remove it.
  warnings.warn(warn, FutureWarning)
/data/homezvol0/mattt2/y/envs/n-vdw-split/lib/python3.12/site-packages/dask_jobqueue/slurm.py:55: FutureWarning: project has been renamed to account as this kwarg was used wit -A option. You are still using it (please also check config files). If you did not set account yet, project will be respected for now, but it will be removed in a future release. If you already set account, project is ignored and you can remove it.
  warnings.warn(warn, FutureWarning)
/data/homezvol0/mattt2/y/envs/n-vdw-split/lib/python3.12/site-packages/dask_jobqueue/core.py:285: FutureWarning: env_extra has been renamed to job_script_prologue. You are still using it (even if only set to []; please also check config files). If you did not set job_script_prologue yet, env_extra will be respected for now, but it will be removed in a future release. If you already set job_script_prologue, env_extra is ignored and you can remove it.
  warnings.warn(warn, FutureWarning)
/data/homezvol0/mattt2/y/envs/n-vdw-split/lib/python3.12/site-packages/dask_jobqueue/slurm.py:55: FutureWarning: project has been renamed to account as this kwarg was used wit -A option. You are still using it (please also check config files). If you did not set account yet, project will be respected for now, but it will be removed in a future release. If you already set account, project is ignored and you can remove it.
  warnings.warn(warn, FutureWarning)
/data/homezvol0/mattt2/y/envs/n-vdw-split/lib/python3.12/site-packages/dask_jobqueue/core.py:285: FutureWarning: env_extra has been renamed to job_script_prologue. You are still using it (even if only set to []; please also check config files). If you did not set job_script_prologue yet, env_extra will be respected for now, but it will be removed in a future release. If you already set job_script_prologue, env_extra is ignored and you can remove it.
  warnings.warn(warn, FutureWarning)
/data/homezvol0/mattt2/y/envs/n-vdw-split/lib/python3.12/site-packages/dask_jobqueue/slurm.py:55: FutureWarning: project has been renamed to account as this kwarg was used wit -A option. You are still using it (please also check config files). If you did not set account yet, project will be respected for now, but it will be removed in a future release. If you already set account, project is ignored and you can remove it.
  warnings.warn(warn, FutureWarning)
/data/homezvol0/mattt2/y/envs/n-vdw-split/lib/python3.12/site-packages/dask_jobqueue/core.py:285: FutureWarning: env_extra has been renamed to job_script_prologue. You are still using it (even if only set to []; please also check config files). If you did not set job_script_prologue yet, env_extra will be respected for now, but it will be removed in a future release. If you already set job_script_prologue, env_extra is ignored and you can remove it.
  warnings.warn(warn, FutureWarning)
/data/homezvol0/mattt2/y/envs/n-vdw-split/lib/python3.12/site-packages/dask_jobqueue/slurm.py:55: FutureWarning: project has been renamed to account as this kwarg was used wit -A option. You are still using it (please also check config files). If you did not set account yet, project will be respected for now, but it will be removed in a future release. If you already set account, project is ignored and you can remove it.
  warnings.warn(warn, FutureWarning)
/data/homezvol0/mattt2/y/envs/n-vdw-split/lib/python3.12/site-packages/dask_jobqueue/core.py:285: FutureWarning: env_extra has been renamed to job_script_prologue. You are still using it (even if only set to []; please also check config files). If you did not set job_script_prologue yet, env_extra will be respected for now, but it will be removed in a future release. If you already set job_script_prologue, env_extra is ignored and you can remove it.
  warnings.warn(warn, FutureWarning)
/data/homezvol0/mattt2/y/envs/n-vdw-split/lib/python3.12/site-packages/dask_jobqueue/slurm.py:55: FutureWarning: project has been renamed to account as this kwarg was used wit -A option. You are still using it (please also check config files). If you did not set account yet, project will be respected for now, but it will be removed in a future release. If you already set account, project is ignored and you can remove it.
  warnings.warn(warn, FutureWarning)
/data/homezvol0/mattt2/y/envs/n-vdw-split/lib/python3.12/site-packages/dask_jobqueue/core.py:285: FutureWarning: env_extra has been renamed to job_script_prologue. You are still using it (even if only set to []; please also check config files). If you did not set job_script_prologue yet, env_extra will be respected for now, but it will be removed in a future release. If you already set job_script_prologue, env_extra is ignored and you can remove it.
  warnings.warn(warn, FutureWarning)
/data/homezvol0/mattt2/y/envs/n-vdw-split/lib/python3.12/site-packages/dask_jobqueue/slurm.py:55: FutureWarning: project has been renamed to account as this kwarg was used wit -A option. You are still using it (please also check config files). If you did not set account yet, project will be respected for now, but it will be removed in a future release. If you already set account, project is ignored and you can remove it.
  warnings.warn(warn, FutureWarning)
/data/homezvol0/mattt2/y/envs/n-vdw-split/lib/python3.12/site-packages/dask_jobqueue/core.py:285: FutureWarning: env_extra has been renamed to job_script_prologue. You are still using it (even if only set to []; please also check config files). If you did not set job_script_prologue yet, env_extra will be respected for now, but it will be removed in a future release. If you already set job_script_prologue, env_extra is ignored and you can remove it.
  warnings.warn(warn, FutureWarning)
/data/homezvol0/mattt2/y/envs/n-vdw-split/lib/python3.12/site-packages/dask_jobqueue/slurm.py:55: FutureWarning: project has been renamed to account as this kwarg was used wit -A option. You are still using it (please also check config files). If you did not set account yet, project will be respected for now, but it will be removed in a future release. If you already set account, project is ignored and you can remove it.
  warnings.warn(warn, FutureWarning)
/data/homezvol0/mattt2/y/envs/n-vdw-split/lib/python3.12/site-packages/dask_jobqueue/core.py:285: FutureWarning: env_extra has been renamed to job_script_prologue. You are still using it (even if only set to []; please also check config files). If you did not set job_script_prologue yet, env_extra will be respected for now, but it will be removed in a future release. If you already set job_script_prologue, env_extra is ignored and you can remove it.
  warnings.warn(warn, FutureWarning)
/data/homezvol0/mattt2/y/envs/n-vdw-split/lib/python3.12/site-packages/dask_jobqueue/slurm.py:55: FutureWarning: project has been renamed to account as this kwarg was used wit -A option. You are still using it (please also check config files). If you did not set account yet, project will be respected for now, but it will be removed in a future release. If you already set account, project is ignored and you can remove it.
  warnings.warn(warn, FutureWarning)
/data/homezvol0/mattt2/y/envs/n-vdw-split/lib/python3.12/site-packages/dask_jobqueue/core.py:285: FutureWarning: env_extra has been renamed to job_script_prologue. You are still using it (even if only set to []; please also check config files). If you did not set job_script_prologue yet, env_extra will be respected for now, but it will be removed in a future release. If you already set job_script_prologue, env_extra is ignored and you can remove it.
  warnings.warn(warn, FutureWarning)
/data/homezvol0/mattt2/y/envs/n-vdw-split/lib/python3.12/site-packages/dask_jobqueue/slurm.py:55: FutureWarning: project has been renamed to account as this kwarg was used wit -A option. You are still using it (please also check config files). If you did not set account yet, project will be respected for now, but it will be removed in a future release. If you already set account, project is ignored and you can remove it.
  warnings.warn(warn, FutureWarning)
/data/homezvol0/mattt2/y/envs/n-vdw-split/lib/python3.12/site-packages/dask_jobqueue/core.py:285: FutureWarning: env_extra has been renamed to job_script_prologue. You are still using it (even if only set to []; please also check config files). If you did not set job_script_prologue yet, env_extra will be respected for now, but it will be removed in a future release. If you already set job_script_prologue, env_extra is ignored and you can remove it.
  warnings.warn(warn, FutureWarning)
/data/homezvol0/mattt2/y/envs/n-vdw-split/lib/python3.12/site-packages/dask_jobqueue/slurm.py:55: FutureWarning: project has been renamed to account as this kwarg was used wit -A option. You are still using it (please also check config files). If you did not set account yet, project will be respected for now, but it will be removed in a future release. If you already set account, project is ignored and you can remove it.
  warnings.warn(warn, FutureWarning)
/data/homezvol0/mattt2/y/envs/n-vdw-split/lib/python3.12/site-packages/dask_jobqueue/core.py:285: FutureWarning: env_extra has been renamed to job_script_prologue. You are still using it (even if only set to []; please also check config files). If you did not set job_script_prologue yet, env_extra will be respected for now, but it will be removed in a future release. If you already set job_script_prologue, env_extra is ignored and you can remove it.
  warnings.warn(warn, FutureWarning)
/data/homezvol0/mattt2/y/envs/n-vdw-split/lib/python3.12/site-packages/dask_jobqueue/slurm.py:55: FutureWarning: project has been renamed to account as this kwarg was used wit -A option. You are still using it (please also check config files). If you did not set account yet, project will be respected for now, but it will be removed in a future release. If you already set account, project is ignored and you can remove it.
  warnings.warn(warn, FutureWarning)
2025-09-11 17:06:12 INFO     Finished server request 2580b7042b5e41ed8636429d007ccfed
/data/homezvol0/mattt2/y/envs/n-vdw-split/lib/python3.12/site-packages/dask_jobqueue/core.py:285: FutureWarning: env_extra has been renamed to job_script_prologue. You are still using it (even if only set to []; please also check config files). If you did not set job_script_prologue yet, env_extra will be respected for now, but it will be removed in a future release. If you already set job_script_prologue, env_extra is ignored and you can remove it.
  warnings.warn(warn, FutureWarning)
/data/homezvol0/mattt2/y/envs/n-vdw-split/lib/python3.12/site-packages/dask_jobqueue/slurm.py:55: FutureWarning: project has been renamed to account as this kwarg was used wit -A option. You are still using it (please also check config files). If you did not set account yet, project will be respected for now, but it will be removed in a future release. If you already set account, project is ignored and you can remove it.
  warnings.warn(warn, FutureWarning)
/data/homezvol0/mattt2/y/envs/n-vdw-split/lib/python3.12/site-packages/dask_jobqueue/core.py:285: FutureWarning: env_extra has been renamed to job_script_prologue. You are still using it (even if only set to []; please also check config files). If you did not set job_script_prologue yet, env_extra will be respected for now, but it will be removed in a future release. If you already set job_script_prologue, env_extra is ignored and you can remove it.
  warnings.warn(warn, FutureWarning)
/data/homezvol0/mattt2/y/envs/n-vdw-split/lib/python3.12/site-packages/dask_jobqueue/slurm.py:55: FutureWarning: project has been renamed to account as this kwarg was used wit -A option. You are still using it (please also check config files). If you did not set account yet, project will be respected for now, but it will be removed in a future release. If you already set account, project is ignored and you can remove it.
  warnings.warn(warn, FutureWarning)
/data/homezvol0/mattt2/y/envs/n-vdw-split/lib/python3.12/site-packages/dask_jobqueue/core.py:285: FutureWarning: env_extra has been renamed to job_script_prologue. You are still using it (even if only set to []; please also check config files). If you did not set job_script_prologue yet, env_extra will be respected for now, but it will be removed in a future release. If you already set job_script_prologue, env_extra is ignored and you can remove it.
  warnings.warn(warn, FutureWarning)
/data/homezvol0/mattt2/y/envs/n-vdw-split/lib/python3.12/site-packages/dask_jobqueue/slurm.py:55: FutureWarning: project has been renamed to account as this kwarg was used wit -A option. You are still using it (please also check config files). If you did not set account yet, project will be respected for now, but it will be removed in a future release. If you already set account, project is ignored and you can remove it.
  warnings.warn(warn, FutureWarning)
2025-09-11 18:47:19 INFO     Finished server request e8699ac7ab234b0b88de5b312bf68029
/data/homezvol0/mattt2/y/envs/n-vdw-split/lib/python3.12/site-packages/dask_jobqueue/core.py:285: FutureWarning: env_extra has been renamed to job_script_prologue. You are still using it (even if only set to []; please also check config files). If you did not set job_script_prologue yet, env_extra will be respected for now, but it will be removed in a future release. If you already set job_script_prologue, env_extra is ignored and you can remove it.
  warnings.warn(warn, FutureWarning)
/data/homezvol0/mattt2/y/envs/n-vdw-split/lib/python3.12/site-packages/dask_jobqueue/slurm.py:55: FutureWarning: project has been renamed to account as this kwarg was used wit -A option. You are still using it (please also check config files). If you did not set account yet, project will be respected for now, but it will be removed in a future release. If you already set account, project is ignored and you can remove it.
  warnings.warn(warn, FutureWarning)
2025-09-11 19:13:47 INFO     Finished server request 9b37ff2075274c7582db72bd629c7ada
2025-09-11 19:14:03 INFO     Received estimation request from ('127.0.0.1', 45848)
2025-09-11 19:14:05 INFO     Submission e12a0866c5a64fda8b851cf650a667ec received
2025-09-11 19:14:05 INFO     Launching batch 40bd6725fc7947a483890803e290b07b using the PreequilibratedSimulationLayer layer
2025-09-11 19:14:05 INFO     Building workflow 0 of 48
2025-09-11 19:14:08 INFO     Building workflow 1 of 48
2025-09-11 19:14:11 INFO     Building workflow 2 of 48
2025-09-11 19:14:12 INFO     Building workflow 3 of 48
2025-09-11 19:14:14 INFO     Building workflow 4 of 48
2025-09-11 19:14:17 INFO     Building workflow 5 of 48
2025-09-11 19:14:18 INFO     Building workflow 6 of 48
2025-09-11 19:14:21 INFO     Building workflow 7 of 48
2025-09-11 19:14:24 INFO     Building workflow 8 of 48
2025-09-11 19:14:26 INFO     Building workflow 9 of 48
2025-09-11 19:14:29 INFO     Building workflow 10 of 48
2025-09-11 19:14:30 INFO     Building workflow 11 of 48
2025-09-11 19:14:32 INFO     Building workflow 12 of 48
2025-09-11 19:14:35 INFO     Building workflow 13 of 48
2025-09-11 19:14:38 INFO     Building workflow 14 of 48
2025-09-11 19:14:40 INFO     Building workflow 15 of 48
2025-09-11 19:14:43 INFO     Building workflow 16 of 48
2025-09-11 19:14:44 INFO     Building workflow 17 of 48
2025-09-11 19:14:46 INFO     Building workflow 18 of 48
2025-09-11 19:14:48 INFO     Building workflow 19 of 48
2025-09-11 19:14:50 INFO     Building workflow 20 of 48
2025-09-11 19:14:52 INFO     Building workflow 21 of 48
2025-09-11 19:14:54 INFO     Building workflow 22 of 48
2025-09-11 19:14:57 INFO     Building workflow 23 of 48
2025-09-11 19:15:00 INFO     Building workflow 24 of 48
2025-09-11 19:15:01 INFO     Building workflow 25 of 48
2025-09-11 19:15:04 INFO     Building workflow 26 of 48
2025-09-11 19:15:07 INFO     Building workflow 27 of 48
2025-09-11 19:15:09 INFO     Building workflow 28 of 48
2025-09-11 19:15:12 INFO     Building workflow 29 of 48
2025-09-11 19:15:13 INFO     Building workflow 30 of 48
2025-09-11 19:15:16 INFO     Building workflow 31 of 48
2025-09-11 19:15:18 INFO     Building workflow 32 of 48
2025-09-11 19:15:21 INFO     Building workflow 33 of 48
2025-09-11 19:15:24 INFO     Building workflow 34 of 48
2025-09-11 19:15:26 INFO     Building workflow 35 of 48
2025-09-11 19:15:27 INFO     Building workflow 36 of 48
2025-09-11 19:15:29 INFO     Building workflow 37 of 48
2025-09-11 19:15:32 INFO     Building workflow 38 of 48
2025-09-11 19:15:35 INFO     Building workflow 39 of 48
2025-09-11 19:15:38 INFO     Building workflow 40 of 48
2025-09-11 19:15:39 INFO     Building workflow 41 of 48
2025-09-11 19:15:41 INFO     Building workflow 42 of 48
2025-09-11 19:15:43 INFO     Building workflow 43 of 48
2025-09-11 19:15:44 INFO     Building workflow 44 of 48
2025-09-11 19:15:47 INFO     Building workflow 45 of 48
2025-09-11 19:15:49 INFO     Building workflow 46 of 48
2025-09-11 19:15:52 INFO     Building workflow 47 of 48
/data/homezvol0/mattt2/y/envs/n-vdw-split/lib/python3.12/site-packages/dask_jobqueue/core.py:285: FutureWarning: env_extra has been renamed to job_script_prologue. You are still using it (even if only set to []; please also check config files). If you did not set job_script_prologue yet, env_extra will be respected for now, but it will be removed in a future release. If you already set job_script_prologue, env_extra is ignored and you can remove it.
  warnings.warn(warn, FutureWarning)
/data/homezvol0/mattt2/y/envs/n-vdw-split/lib/python3.12/site-packages/dask_jobqueue/slurm.py:55: FutureWarning: project has been renamed to account as this kwarg was used wit -A option. You are still using it (please also check config files). If you did not set account yet, project will be respected for now, but it will be removed in a future release. If you already set account, project is ignored and you can remove it.
  warnings.warn(warn, FutureWarning)
/data/homezvol0/mattt2/y/envs/n-vdw-split/lib/python3.12/site-packages/dask_jobqueue/core.py:285: FutureWarning: env_extra has been renamed to job_script_prologue. You are still using it (even if only set to []; please also check config files). If you did not set job_script_prologue yet, env_extra will be respected for now, but it will be removed in a future release. If you already set job_script_prologue, env_extra is ignored and you can remove it.
  warnings.warn(warn, FutureWarning)
/data/homezvol0/mattt2/y/envs/n-vdw-split/lib/python3.12/site-packages/dask_jobqueue/slurm.py:55: FutureWarning: project has been renamed to account as this kwarg was used wit -A option. You are still using it (please also check config files). If you did not set account yet, project will be respected for now, but it will be removed in a future release. If you already set account, project is ignored and you can remove it.
  warnings.warn(warn, FutureWarning)
2025-09-11 19:15:59 INFO     Launching batch 63c7263257854e1a95eed5130f206f45 using the PreequilibratedSimulationLayer layer
2025-09-11 19:16:00 INFO     Building workflow 0 of 48
2025-09-11 19:16:02 INFO     Building workflow 1 of 48
2025-09-11 19:16:04 INFO     Building workflow 2 of 48
2025-09-11 19:16:06 INFO     Building workflow 3 of 48
2025-09-11 19:16:08 INFO     Building workflow 4 of 48
2025-09-11 19:16:11 INFO     Building workflow 5 of 48
2025-09-11 19:16:14 INFO     Building workflow 6 of 48
2025-09-11 19:16:16 INFO     Building workflow 7 of 48
2025-09-11 19:16:18 INFO     Building workflow 8 of 48
2025-09-11 19:16:21 INFO     Building workflow 9 of 48
2025-09-11 19:16:24 INFO     Building workflow 10 of 48
2025-09-11 19:16:25 INFO     Building workflow 11 of 48
2025-09-11 19:16:28 INFO     Building workflow 12 of 48
2025-09-11 19:16:31 INFO     Building workflow 13 of 48
2025-09-11 19:16:34 INFO     Building workflow 14 of 48
2025-09-11 19:16:36 INFO     Building workflow 15 of 48
2025-09-11 19:16:38 INFO     Building workflow 16 of 48
2025-09-11 19:16:40 INFO     Building workflow 17 of 48
2025-09-11 19:16:42 INFO     Building workflow 18 of 48
2025-09-11 19:16:44 INFO     Building workflow 19 of 48
2025-09-11 19:16:46 INFO     Building workflow 20 of 48
2025-09-11 19:16:49 INFO     Building workflow 21 of 48
2025-09-11 19:16:51 INFO     Building workflow 22 of 48
2025-09-11 19:16:54 INFO     Building workflow 23 of 48
2025-09-11 19:16:55 INFO     Building workflow 24 of 48
2025-09-11 19:16:58 INFO     Building workflow 25 of 48
2025-09-11 19:17:01 INFO     Building workflow 26 of 48
2025-09-11 19:17:03 INFO     Building workflow 27 of 48
2025-09-11 19:17:05 INFO     Building workflow 28 of 48
2025-09-11 19:17:08 INFO     Building workflow 29 of 48
2025-09-11 19:17:10 INFO     Building workflow 30 of 48
2025-09-11 19:17:12 INFO     Building workflow 31 of 48
2025-09-11 19:17:15 INFO     Building workflow 32 of 48
2025-09-11 19:17:18 INFO     Building workflow 33 of 48
2025-09-11 19:17:20 INFO     Building workflow 34 of 48
2025-09-11 19:17:22 INFO     Building workflow 35 of 48
2025-09-11 19:17:23 INFO     Building workflow 36 of 48
2025-09-11 19:17:25 INFO     Building workflow 37 of 48
2025-09-11 19:17:26 INFO     Building workflow 38 of 48
2025-09-11 19:17:29 INFO     Building workflow 39 of 48
2025-09-11 19:17:31 INFO     Building workflow 40 of 48
2025-09-11 19:17:34 INFO     Building workflow 41 of 48
2025-09-11 19:17:37 INFO     Building workflow 42 of 48
2025-09-11 19:17:40 INFO     Building workflow 43 of 48
2025-09-11 19:17:43 INFO     Building workflow 44 of 48
2025-09-11 19:17:44 INFO     Building workflow 45 of 48
2025-09-11 19:17:46 INFO     Building workflow 46 of 48
2025-09-11 19:17:49 INFO     Building workflow 47 of 48
2025-09-11 19:17:58 INFO     Launching batch f7add643308d4860885af1d7486daec6 using the PreequilibratedSimulationLayer layer
2025-09-11 19:17:58 INFO     Building workflow 0 of 24
2025-09-11 19:18:02 INFO     Building workflow 1 of 24
2025-09-11 19:18:04 INFO     Building workflow 2 of 24
2025-09-11 19:18:05 INFO     Building workflow 3 of 24
2025-09-11 19:18:08 INFO     Building workflow 4 of 24
2025-09-11 19:18:11 INFO     Building workflow 5 of 24
2025-09-11 19:18:13 INFO     Building workflow 6 of 24
2025-09-11 19:18:14 INFO     Building workflow 7 of 24
2025-09-11 19:18:16 INFO     Building workflow 8 of 24
2025-09-11 19:18:19 INFO     Building workflow 9 of 24
2025-09-11 19:18:22 INFO     Building workflow 10 of 24
2025-09-11 19:18:25 INFO     Building workflow 11 of 24
2025-09-11 19:18:26 INFO     Building workflow 12 of 24
2025-09-11 19:18:28 INFO     Building workflow 13 of 24
2025-09-11 19:18:31 INFO     Building workflow 14 of 24
2025-09-11 19:18:33 INFO     Building workflow 15 of 24
2025-09-11 19:18:35 INFO     Building workflow 16 of 24
2025-09-11 19:18:37 INFO     Building workflow 17 of 24
2025-09-11 19:18:40 INFO     Building workflow 18 of 24
2025-09-11 19:18:43 INFO     Building workflow 19 of 24
2025-09-11 19:18:46 INFO     Building workflow 20 of 24
2025-09-11 19:18:49 INFO     Building workflow 21 of 24
2025-09-11 19:18:51 INFO     Building workflow 22 of 24
2025-09-11 19:18:52 INFO     Building workflow 23 of 24
/data/homezvol0/mattt2/y/envs/n-vdw-split/lib/python3.12/site-packages/dask_jobqueue/core.py:285: FutureWarning: env_extra has been renamed to job_script_prologue. You are still using it (even if only set to []; please also check config files). If you did not set job_script_prologue yet, env_extra will be respected for now, but it will be removed in a future release. If you already set job_script_prologue, env_extra is ignored and you can remove it.
  warnings.warn(warn, FutureWarning)
/data/homezvol0/mattt2/y/envs/n-vdw-split/lib/python3.12/site-packages/dask_jobqueue/slurm.py:55: FutureWarning: project has been renamed to account as this kwarg was used wit -A option. You are still using it (please also check config files). If you did not set account yet, project will be respected for now, but it will be removed in a future release. If you already set account, project is ignored and you can remove it.
  warnings.warn(warn, FutureWarning)
/data/homezvol0/mattt2/y/envs/n-vdw-split/lib/python3.12/site-packages/dask_jobqueue/core.py:285: FutureWarning: env_extra has been renamed to job_script_prologue. You are still using it (even if only set to []; please also check config files). If you did not set job_script_prologue yet, env_extra will be respected for now, but it will be removed in a future release. If you already set job_script_prologue, env_extra is ignored and you can remove it.
  warnings.warn(warn, FutureWarning)
/data/homezvol0/mattt2/y/envs/n-vdw-split/lib/python3.12/site-packages/dask_jobqueue/slurm.py:55: FutureWarning: project has been renamed to account as this kwarg was used wit -A option. You are still using it (please also check config files). If you did not set account yet, project will be respected for now, but it will be removed in a future release. If you already set account, project is ignored and you can remove it.
  warnings.warn(warn, FutureWarning)
/data/homezvol0/mattt2/y/envs/n-vdw-split/lib/python3.12/site-packages/dask_jobqueue/core.py:285: FutureWarning: env_extra has been renamed to job_script_prologue. You are still using it (even if only set to []; please also check config files). If you did not set job_script_prologue yet, env_extra will be respected for now, but it will be removed in a future release. If you already set job_script_prologue, env_extra is ignored and you can remove it.
  warnings.warn(warn, FutureWarning)
/data/homezvol0/mattt2/y/envs/n-vdw-split/lib/python3.12/site-packages/dask_jobqueue/slurm.py:55: FutureWarning: project has been renamed to account as this kwarg was used wit -A option. You are still using it (please also check config files). If you did not set account yet, project will be respected for now, but it will be removed in a future release. If you already set account, project is ignored and you can remove it.
  warnings.warn(warn, FutureWarning)
/data/homezvol0/mattt2/y/envs/n-vdw-split/lib/python3.12/site-packages/dask_jobqueue/core.py:285: FutureWarning: env_extra has been renamed to job_script_prologue. You are still using it (even if only set to []; please also check config files). If you did not set job_script_prologue yet, env_extra will be respected for now, but it will be removed in a future release. If you already set job_script_prologue, env_extra is ignored and you can remove it.
  warnings.warn(warn, FutureWarning)
/data/homezvol0/mattt2/y/envs/n-vdw-split/lib/python3.12/site-packages/dask_jobqueue/slurm.py:55: FutureWarning: project has been renamed to account as this kwarg was used wit -A option. You are still using it (please also check config files). If you did not set account yet, project will be respected for now, but it will be removed in a future release. If you already set account, project is ignored and you can remove it.
  warnings.warn(warn, FutureWarning)
/data/homezvol0/mattt2/y/envs/n-vdw-split/lib/python3.12/site-packages/dask_jobqueue/core.py:285: FutureWarning: env_extra has been renamed to job_script_prologue. You are still using it (even if only set to []; please also check config files). If you did not set job_script_prologue yet, env_extra will be respected for now, but it will be removed in a future release. If you already set job_script_prologue, env_extra is ignored and you can remove it.
  warnings.warn(warn, FutureWarning)
/data/homezvol0/mattt2/y/envs/n-vdw-split/lib/python3.12/site-packages/dask_jobqueue/slurm.py:55: FutureWarning: project has been renamed to account as this kwarg was used wit -A option. You are still using it (please also check config files). If you did not set account yet, project will be respected for now, but it will be removed in a future release. If you already set account, project is ignored and you can remove it.
  warnings.warn(warn, FutureWarning)
/data/homezvol0/mattt2/y/envs/n-vdw-split/lib/python3.12/site-packages/dask_jobqueue/core.py:285: FutureWarning: env_extra has been renamed to job_script_prologue. You are still using it (even if only set to []; please also check config files). If you did not set job_script_prologue yet, env_extra will be respected for now, but it will be removed in a future release. If you already set job_script_prologue, env_extra is ignored and you can remove it.
  warnings.warn(warn, FutureWarning)
/data/homezvol0/mattt2/y/envs/n-vdw-split/lib/python3.12/site-packages/dask_jobqueue/slurm.py:55: FutureWarning: project has been renamed to account as this kwarg was used wit -A option. You are still using it (please also check config files). If you did not set account yet, project will be respected for now, but it will be removed in a future release. If you already set account, project is ignored and you can remove it.
  warnings.warn(warn, FutureWarning)
/data/homezvol0/mattt2/y/envs/n-vdw-split/lib/python3.12/site-packages/dask_jobqueue/core.py:285: FutureWarning: env_extra has been renamed to job_script_prologue. You are still using it (even if only set to []; please also check config files). If you did not set job_script_prologue yet, env_extra will be respected for now, but it will be removed in a future release. If you already set job_script_prologue, env_extra is ignored and you can remove it.
  warnings.warn(warn, FutureWarning)
/data/homezvol0/mattt2/y/envs/n-vdw-split/lib/python3.12/site-packages/dask_jobqueue/slurm.py:55: FutureWarning: project has been renamed to account as this kwarg was used wit -A option. You are still using it (please also check config files). If you did not set account yet, project will be respected for now, but it will be removed in a future release. If you already set account, project is ignored and you can remove it.
  warnings.warn(warn, FutureWarning)
/data/homezvol0/mattt2/y/envs/n-vdw-split/lib/python3.12/site-packages/dask_jobqueue/core.py:285: FutureWarning: env_extra has been renamed to job_script_prologue. You are still using it (even if only set to []; please also check config files). If you did not set job_script_prologue yet, env_extra will be respected for now, but it will be removed in a future release. If you already set job_script_prologue, env_extra is ignored and you can remove it.
  warnings.warn(warn, FutureWarning)
/data/homezvol0/mattt2/y/envs/n-vdw-split/lib/python3.12/site-packages/dask_jobqueue/slurm.py:55: FutureWarning: project has been renamed to account as this kwarg was used wit -A option. You are still using it (please also check config files). If you did not set account yet, project will be respected for now, but it will be removed in a future release. If you already set account, project is ignored and you can remove it.
  warnings.warn(warn, FutureWarning)
/data/homezvol0/mattt2/y/envs/n-vdw-split/lib/python3.12/site-packages/dask_jobqueue/core.py:285: FutureWarning: env_extra has been renamed to job_script_prologue. You are still using it (even if only set to []; please also check config files). If you did not set job_script_prologue yet, env_extra will be respected for now, but it will be removed in a future release. If you already set job_script_prologue, env_extra is ignored and you can remove it.
  warnings.warn(warn, FutureWarning)
/data/homezvol0/mattt2/y/envs/n-vdw-split/lib/python3.12/site-packages/dask_jobqueue/slurm.py:55: FutureWarning: project has been renamed to account as this kwarg was used wit -A option. You are still using it (please also check config files). If you did not set account yet, project will be respected for now, but it will be removed in a future release. If you already set account, project is ignored and you can remove it.
  warnings.warn(warn, FutureWarning)
/data/homezvol0/mattt2/y/envs/n-vdw-split/lib/python3.12/site-packages/dask_jobqueue/core.py:285: FutureWarning: env_extra has been renamed to job_script_prologue. You are still using it (even if only set to []; please also check config files). If you did not set job_script_prologue yet, env_extra will be respected for now, but it will be removed in a future release. If you already set job_script_prologue, env_extra is ignored and you can remove it.
  warnings.warn(warn, FutureWarning)
/data/homezvol0/mattt2/y/envs/n-vdw-split/lib/python3.12/site-packages/dask_jobqueue/slurm.py:55: FutureWarning: project has been renamed to account as this kwarg was used wit -A option. You are still using it (please also check config files). If you did not set account yet, project will be respected for now, but it will be removed in a future release. If you already set account, project is ignored and you can remove it.
  warnings.warn(warn, FutureWarning)
/data/homezvol0/mattt2/y/envs/n-vdw-split/lib/python3.12/site-packages/dask_jobqueue/core.py:285: FutureWarning: env_extra has been renamed to job_script_prologue. You are still using it (even if only set to []; please also check config files). If you did not set job_script_prologue yet, env_extra will be respected for now, but it will be removed in a future release. If you already set job_script_prologue, env_extra is ignored and you can remove it.
  warnings.warn(warn, FutureWarning)
/data/homezvol0/mattt2/y/envs/n-vdw-split/lib/python3.12/site-packages/dask_jobqueue/slurm.py:55: FutureWarning: project has been renamed to account as this kwarg was used wit -A option. You are still using it (please also check config files). If you did not set account yet, project will be respected for now, but it will be removed in a future release. If you already set account, project is ignored and you can remove it.
  warnings.warn(warn, FutureWarning)
/data/homezvol0/mattt2/y/envs/n-vdw-split/lib/python3.12/site-packages/dask_jobqueue/core.py:285: FutureWarning: env_extra has been renamed to job_script_prologue. You are still using it (even if only set to []; please also check config files). If you did not set job_script_prologue yet, env_extra will be respected for now, but it will be removed in a future release. If you already set job_script_prologue, env_extra is ignored and you can remove it.
  warnings.warn(warn, FutureWarning)
/data/homezvol0/mattt2/y/envs/n-vdw-split/lib/python3.12/site-packages/dask_jobqueue/slurm.py:55: FutureWarning: project has been renamed to account as this kwarg was used wit -A option. You are still using it (please also check config files). If you did not set account yet, project will be respected for now, but it will be removed in a future release. If you already set account, project is ignored and you can remove it.
  warnings.warn(warn, FutureWarning)
/data/homezvol0/mattt2/y/envs/n-vdw-split/lib/python3.12/site-packages/dask_jobqueue/core.py:285: FutureWarning: env_extra has been renamed to job_script_prologue. You are still using it (even if only set to []; please also check config files). If you did not set job_script_prologue yet, env_extra will be respected for now, but it will be removed in a future release. If you already set job_script_prologue, env_extra is ignored and you can remove it.
  warnings.warn(warn, FutureWarning)
/data/homezvol0/mattt2/y/envs/n-vdw-split/lib/python3.12/site-packages/dask_jobqueue/slurm.py:55: FutureWarning: project has been renamed to account as this kwarg was used wit -A option. You are still using it (please also check config files). If you did not set account yet, project will be respected for now, but it will be removed in a future release. If you already set account, project is ignored and you can remove it.
  warnings.warn(warn, FutureWarning)
/data/homezvol0/mattt2/y/envs/n-vdw-split/lib/python3.12/site-packages/dask_jobqueue/core.py:285: FutureWarning: env_extra has been renamed to job_script_prologue. You are still using it (even if only set to []; please also check config files). If you did not set job_script_prologue yet, env_extra will be respected for now, but it will be removed in a future release. If you already set job_script_prologue, env_extra is ignored and you can remove it.
  warnings.warn(warn, FutureWarning)
/data/homezvol0/mattt2/y/envs/n-vdw-split/lib/python3.12/site-packages/dask_jobqueue/slurm.py:55: FutureWarning: project has been renamed to account as this kwarg was used wit -A option. You are still using it (please also check config files). If you did not set account yet, project will be respected for now, but it will be removed in a future release. If you already set account, project is ignored and you can remove it.
  warnings.warn(warn, FutureWarning)
/data/homezvol0/mattt2/y/envs/n-vdw-split/lib/python3.12/site-packages/dask_jobqueue/core.py:285: FutureWarning: env_extra has been renamed to job_script_prologue. You are still using it (even if only set to []; please also check config files). If you did not set job_script_prologue yet, env_extra will be respected for now, but it will be removed in a future release. If you already set job_script_prologue, env_extra is ignored and you can remove it.
  warnings.warn(warn, FutureWarning)
/data/homezvol0/mattt2/y/envs/n-vdw-split/lib/python3.12/site-packages/dask_jobqueue/slurm.py:55: FutureWarning: project has been renamed to account as this kwarg was used wit -A option. You are still using it (please also check config files). If you did not set account yet, project will be respected for now, but it will be removed in a future release. If you already set account, project is ignored and you can remove it.
  warnings.warn(warn, FutureWarning)
/data/homezvol0/mattt2/y/envs/n-vdw-split/lib/python3.12/site-packages/dask_jobqueue/core.py:285: FutureWarning: env_extra has been renamed to job_script_prologue. You are still using it (even if only set to []; please also check config files). If you did not set job_script_prologue yet, env_extra will be respected for now, but it will be removed in a future release. If you already set job_script_prologue, env_extra is ignored and you can remove it.
  warnings.warn(warn, FutureWarning)
/data/homezvol0/mattt2/y/envs/n-vdw-split/lib/python3.12/site-packages/dask_jobqueue/slurm.py:55: FutureWarning: project has been renamed to account as this kwarg was used wit -A option. You are still using it (please also check config files). If you did not set account yet, project will be respected for now, but it will be removed in a future release. If you already set account, project is ignored and you can remove it.
  warnings.warn(warn, FutureWarning)
/data/homezvol0/mattt2/y/envs/n-vdw-split/lib/python3.12/site-packages/dask_jobqueue/core.py:285: FutureWarning: env_extra has been renamed to job_script_prologue. You are still using it (even if only set to []; please also check config files). If you did not set job_script_prologue yet, env_extra will be respected for now, but it will be removed in a future release. If you already set job_script_prologue, env_extra is ignored and you can remove it.
  warnings.warn(warn, FutureWarning)
/data/homezvol0/mattt2/y/envs/n-vdw-split/lib/python3.12/site-packages/dask_jobqueue/slurm.py:55: FutureWarning: project has been renamed to account as this kwarg was used wit -A option. You are still using it (please also check config files). If you did not set account yet, project will be respected for now, but it will be removed in a future release. If you already set account, project is ignored and you can remove it.
  warnings.warn(warn, FutureWarning)
/data/homezvol0/mattt2/y/envs/n-vdw-split/lib/python3.12/site-packages/dask_jobqueue/core.py:285: FutureWarning: env_extra has been renamed to job_script_prologue. You are still using it (even if only set to []; please also check config files). If you did not set job_script_prologue yet, env_extra will be respected for now, but it will be removed in a future release. If you already set job_script_prologue, env_extra is ignored and you can remove it.
  warnings.warn(warn, FutureWarning)
/data/homezvol0/mattt2/y/envs/n-vdw-split/lib/python3.12/site-packages/dask_jobqueue/slurm.py:55: FutureWarning: project has been renamed to account as this kwarg was used wit -A option. You are still using it (please also check config files). If you did not set account yet, project will be respected for now, but it will be removed in a future release. If you already set account, project is ignored and you can remove it.
  warnings.warn(warn, FutureWarning)
2025-09-11 21:30:01 INFO     Finished server request f7add643308d4860885af1d7486daec6
/data/homezvol0/mattt2/y/envs/n-vdw-split/lib/python3.12/site-packages/dask_jobqueue/core.py:285: FutureWarning: env_extra has been renamed to job_script_prologue. You are still using it (even if only set to []; please also check config files). If you did not set job_script_prologue yet, env_extra will be respected for now, but it will be removed in a future release. If you already set job_script_prologue, env_extra is ignored and you can remove it.
  warnings.warn(warn, FutureWarning)
/data/homezvol0/mattt2/y/envs/n-vdw-split/lib/python3.12/site-packages/dask_jobqueue/slurm.py:55: FutureWarning: project has been renamed to account as this kwarg was used wit -A option. You are still using it (please also check config files). If you did not set account yet, project will be respected for now, but it will be removed in a future release. If you already set account, project is ignored and you can remove it.
  warnings.warn(warn, FutureWarning)
2025-09-11 21:48:34 INFO     Finished server request 40bd6725fc7947a483890803e290b07b
/data/homezvol0/mattt2/y/envs/n-vdw-split/lib/python3.12/site-packages/dask_jobqueue/core.py:285: FutureWarning: env_extra has been renamed to job_script_prologue. You are still using it (even if only set to []; please also check config files). If you did not set job_script_prologue yet, env_extra will be respected for now, but it will be removed in a future release. If you already set job_script_prologue, env_extra is ignored and you can remove it.
  warnings.warn(warn, FutureWarning)
/data/homezvol0/mattt2/y/envs/n-vdw-split/lib/python3.12/site-packages/dask_jobqueue/slurm.py:55: FutureWarning: project has been renamed to account as this kwarg was used wit -A option. You are still using it (please also check config files). If you did not set account yet, project will be respected for now, but it will be removed in a future release. If you already set account, project is ignored and you can remove it.
  warnings.warn(warn, FutureWarning)
2025-09-12 00:20:22 INFO     Finished server request 63c7263257854e1a95eed5130f206f45
2025-09-12 00:25:05 INFO     Received estimation request from ('127.0.0.1', 36116)
2025-09-12 00:25:06 INFO     Submission b678e9edb1194039a1f4b9a0a38d7719 received
2025-09-12 00:25:06 INFO     Launching batch 7cfcfb7433a1495d8615ff2828a05dda using the PreequilibratedSimulationLayer layer
2025-09-12 00:25:07 INFO     Building workflow 0 of 48
2025-09-12 00:25:10 INFO     Building workflow 1 of 48
2025-09-12 00:25:13 INFO     Building workflow 2 of 48
2025-09-12 00:25:14 INFO     Building workflow 3 of 48
2025-09-12 00:25:16 INFO     Building workflow 4 of 48
2025-09-12 00:25:18 INFO     Building workflow 5 of 48
2025-09-12 00:25:20 INFO     Building workflow 6 of 48
2025-09-12 00:25:23 INFO     Building workflow 7 of 48
2025-09-12 00:25:26 INFO     Building workflow 8 of 48
2025-09-12 00:25:27 INFO     Building workflow 9 of 48
2025-09-12 00:25:30 INFO     Building workflow 10 of 48
2025-09-12 00:25:31 INFO     Building workflow 11 of 48
2025-09-12 00:25:33 INFO     Building workflow 12 of 48
2025-09-12 00:25:36 INFO     Building workflow 13 of 48
2025-09-12 00:25:39 INFO     Building workflow 14 of 48
2025-09-12 00:25:40 INFO     Building workflow 15 of 48
2025-09-12 00:25:43 INFO     Building workflow 16 of 48
2025-09-12 00:25:45 INFO     Building workflow 17 of 48
2025-09-12 00:25:46 INFO     Building workflow 18 of 48
2025-09-12 00:25:48 INFO     Building workflow 19 of 48
2025-09-12 00:25:49 INFO     Building workflow 20 of 48
2025-09-12 00:25:52 INFO     Building workflow 21 of 48
2025-09-12 00:25:54 INFO     Building workflow 22 of 48
2025-09-12 00:25:56 INFO     Building workflow 23 of 48
2025-09-12 00:25:59 INFO     Building workflow 24 of 48
2025-09-12 00:26:01 INFO     Building workflow 25 of 48
2025-09-12 00:26:04 INFO     Building workflow 26 of 48
2025-09-12 00:26:07 INFO     Building workflow 27 of 48
2025-09-12 00:26:08 INFO     Building workflow 28 of 48
2025-09-12 00:26:11 INFO     Building workflow 29 of 48
2025-09-12 00:26:13 INFO     Building workflow 30 of 48
2025-09-12 00:26:15 INFO     Building workflow 31 of 48
2025-09-12 00:26:17 INFO     Building workflow 32 of 48
2025-09-12 00:26:20 INFO     Building workflow 33 of 48
2025-09-12 00:26:22 INFO     Building workflow 34 of 48
2025-09-12 00:26:24 INFO     Building workflow 35 of 48
2025-09-12 00:26:26 INFO     Building workflow 36 of 48
2025-09-12 00:26:28 INFO     Building workflow 37 of 48
2025-09-12 00:26:30 INFO     Building workflow 38 of 48
2025-09-12 00:26:33 INFO     Building workflow 39 of 48
2025-09-12 00:26:36 INFO     Building workflow 40 of 48
2025-09-12 00:26:37 INFO     Building workflow 41 of 48
2025-09-12 00:26:39 INFO     Building workflow 42 of 48
2025-09-12 00:26:41 INFO     Building workflow 43 of 48
2025-09-12 00:26:42 INFO     Building workflow 44 of 48
2025-09-12 00:26:45 INFO     Building workflow 45 of 48
2025-09-12 00:26:46 INFO     Building workflow 46 of 48
2025-09-12 00:26:49 INFO     Building workflow 47 of 48
/data/homezvol0/mattt2/y/envs/n-vdw-split/lib/python3.12/site-packages/dask_jobqueue/core.py:285: FutureWarning: env_extra has been renamed to job_script_prologue. You are still using it (even if only set to []; please also check config files). If you did not set job_script_prologue yet, env_extra will be respected for now, but it will be removed in a future release. If you already set job_script_prologue, env_extra is ignored and you can remove it.
  warnings.warn(warn, FutureWarning)
/data/homezvol0/mattt2/y/envs/n-vdw-split/lib/python3.12/site-packages/dask_jobqueue/slurm.py:55: FutureWarning: project has been renamed to account as this kwarg was used wit -A option. You are still using it (please also check config files). If you did not set account yet, project will be respected for now, but it will be removed in a future release. If you already set account, project is ignored and you can remove it.
  warnings.warn(warn, FutureWarning)
2025-09-12 00:26:57 INFO     Launching batch ec52a40a1da34f2ab6a80e73131d40a6 using the PreequilibratedSimulationLayer layer
2025-09-12 00:26:57 INFO     Building workflow 0 of 48
2025-09-12 00:26:59 INFO     Building workflow 1 of 48
2025-09-12 00:27:01 INFO     Building workflow 2 of 48
2025-09-12 00:27:03 INFO     Building workflow 3 of 48
2025-09-12 00:27:05 INFO     Building workflow 4 of 48
2025-09-12 00:27:08 INFO     Building workflow 5 of 48
2025-09-12 00:27:10 INFO     Building workflow 6 of 48
2025-09-12 00:27:12 INFO     Building workflow 7 of 48
2025-09-12 00:27:14 INFO     Building workflow 8 of 48
2025-09-12 00:27:16 INFO     Building workflow 9 of 48
2025-09-12 00:27:19 INFO     Building workflow 10 of 48
2025-09-12 00:27:21 INFO     Building workflow 11 of 48
2025-09-12 00:27:24 INFO     Building workflow 12 of 48
2025-09-12 00:27:26 INFO     Building workflow 13 of 48
2025-09-12 00:27:29 INFO     Building workflow 14 of 48
2025-09-12 00:27:31 INFO     Building workflow 15 of 48
2025-09-12 00:27:32 INFO     Building workflow 16 of 48
2025-09-12 00:27:35 INFO     Building workflow 17 of 48
2025-09-12 00:27:37 INFO     Building workflow 18 of 48
2025-09-12 00:27:38 INFO     Building workflow 19 of 48
2025-09-12 00:27:41 INFO     Building workflow 20 of 48
2025-09-12 00:27:44 INFO     Building workflow 21 of 48
2025-09-12 00:27:46 INFO     Building workflow 22 of 48
2025-09-12 00:27:49 INFO     Building workflow 23 of 48
2025-09-12 00:27:50 INFO     Building workflow 24 of 48
2025-09-12 00:27:53 INFO     Building workflow 25 of 48
2025-09-12 00:27:56 INFO     Building workflow 26 of 48
2025-09-12 00:27:57 INFO     Building workflow 27 of 48
2025-09-12 00:27:59 INFO     Building workflow 28 of 48
2025-09-12 00:28:02 INFO     Building workflow 29 of 48
2025-09-12 00:28:03 INFO     Building workflow 30 of 48
2025-09-12 00:28:06 INFO     Building workflow 31 of 48
2025-09-12 00:28:09 INFO     Building workflow 32 of 48
2025-09-12 00:28:11 INFO     Building workflow 33 of 48
2025-09-12 00:28:13 INFO     Building workflow 34 of 48
2025-09-12 00:28:15 INFO     Building workflow 35 of 48
2025-09-12 00:28:16 INFO     Building workflow 36 of 48
2025-09-12 00:28:18 INFO     Building workflow 37 of 48
2025-09-12 00:28:19 INFO     Building workflow 38 of 48
2025-09-12 00:28:22 INFO     Building workflow 39 of 48
2025-09-12 00:28:23 INFO     Building workflow 40 of 48
2025-09-12 00:28:26 INFO     Building workflow 41 of 48
2025-09-12 00:28:29 INFO     Building workflow 42 of 48
2025-09-12 00:28:32 INFO     Building workflow 43 of 48
2025-09-12 00:28:35 INFO     Building workflow 44 of 48
2025-09-12 00:28:36 INFO     Building workflow 45 of 48
2025-09-12 00:28:38 INFO     Building workflow 46 of 48
2025-09-12 00:28:41 INFO     Building workflow 47 of 48
2025-09-12 00:28:50 INFO     Launching batch 225321e9945b4a869c54dff4c348679f using the PreequilibratedSimulationLayer layer
2025-09-12 00:28:50 INFO     Building workflow 0 of 24
2025-09-12 00:28:54 INFO     Building workflow 1 of 24
2025-09-12 00:28:55 INFO     Building workflow 2 of 24
2025-09-12 00:28:57 INFO     Building workflow 3 of 24
2025-09-12 00:29:00 INFO     Building workflow 4 of 24
2025-09-12 00:29:03 INFO     Building workflow 5 of 24
2025-09-12 00:29:04 INFO     Building workflow 6 of 24
2025-09-12 00:29:06 INFO     Building workflow 7 of 24
2025-09-12 00:29:07 INFO     Building workflow 8 of 24
2025-09-12 00:29:10 INFO     Building workflow 9 of 24
2025-09-12 00:29:13 INFO     Building workflow 10 of 24
2025-09-12 00:29:16 INFO     Building workflow 11 of 24
2025-09-12 00:29:18 INFO     Building workflow 12 of 24
2025-09-12 00:29:19 INFO     Building workflow 13 of 24
2025-09-12 00:29:22 INFO     Building workflow 14 of 24
2025-09-12 00:29:23 INFO     Building workflow 15 of 24
2025-09-12 00:29:26 INFO     Building workflow 16 of 24
2025-09-12 00:29:28 INFO     Building workflow 17 of 24
2025-09-12 00:29:31 INFO     Building workflow 18 of 24
2025-09-12 00:29:34 INFO     Building workflow 19 of 24
2025-09-12 00:29:37 INFO     Building workflow 20 of 24
2025-09-12 00:29:40 INFO     Building workflow 21 of 24
2025-09-12 00:29:41 INFO     Building workflow 22 of 24
2025-09-12 00:29:43 INFO     Building workflow 23 of 24
/data/homezvol0/mattt2/y/envs/n-vdw-split/lib/python3.12/site-packages/dask_jobqueue/core.py:285: FutureWarning: env_extra has been renamed to job_script_prologue. You are still using it (even if only set to []; please also check config files). If you did not set job_script_prologue yet, env_extra will be respected for now, but it will be removed in a future release. If you already set job_script_prologue, env_extra is ignored and you can remove it.
  warnings.warn(warn, FutureWarning)
/data/homezvol0/mattt2/y/envs/n-vdw-split/lib/python3.12/site-packages/dask_jobqueue/slurm.py:55: FutureWarning: project has been renamed to account as this kwarg was used wit -A option. You are still using it (please also check config files). If you did not set account yet, project will be respected for now, but it will be removed in a future release. If you already set account, project is ignored and you can remove it.
  warnings.warn(warn, FutureWarning)
/data/homezvol0/mattt2/y/envs/n-vdw-split/lib/python3.12/site-packages/dask_jobqueue/core.py:285: FutureWarning: env_extra has been renamed to job_script_prologue. You are still using it (even if only set to []; please also check config files). If you did not set job_script_prologue yet, env_extra will be respected for now, but it will be removed in a future release. If you already set job_script_prologue, env_extra is ignored and you can remove it.
  warnings.warn(warn, FutureWarning)
/data/homezvol0/mattt2/y/envs/n-vdw-split/lib/python3.12/site-packages/dask_jobqueue/slurm.py:55: FutureWarning: project has been renamed to account as this kwarg was used wit -A option. You are still using it (please also check config files). If you did not set account yet, project will be respected for now, but it will be removed in a future release. If you already set account, project is ignored and you can remove it.
  warnings.warn(warn, FutureWarning)
/data/homezvol0/mattt2/y/envs/n-vdw-split/lib/python3.12/site-packages/dask_jobqueue/core.py:285: FutureWarning: env_extra has been renamed to job_script_prologue. You are still using it (even if only set to []; please also check config files). If you did not set job_script_prologue yet, env_extra will be respected for now, but it will be removed in a future release. If you already set job_script_prologue, env_extra is ignored and you can remove it.
  warnings.warn(warn, FutureWarning)
/data/homezvol0/mattt2/y/envs/n-vdw-split/lib/python3.12/site-packages/dask_jobqueue/slurm.py:55: FutureWarning: project has been renamed to account as this kwarg was used wit -A option. You are still using it (please also check config files). If you did not set account yet, project will be respected for now, but it will be removed in a future release. If you already set account, project is ignored and you can remove it.
  warnings.warn(warn, FutureWarning)
/data/homezvol0/mattt2/y/envs/n-vdw-split/lib/python3.12/site-packages/dask_jobqueue/core.py:285: FutureWarning: env_extra has been renamed to job_script_prologue. You are still using it (even if only set to []; please also check config files). If you did not set job_script_prologue yet, env_extra will be respected for now, but it will be removed in a future release. If you already set job_script_prologue, env_extra is ignored and you can remove it.
  warnings.warn(warn, FutureWarning)
/data/homezvol0/mattt2/y/envs/n-vdw-split/lib/python3.12/site-packages/dask_jobqueue/slurm.py:55: FutureWarning: project has been renamed to account as this kwarg was used wit -A option. You are still using it (please also check config files). If you did not set account yet, project will be respected for now, but it will be removed in a future release. If you already set account, project is ignored and you can remove it.
  warnings.warn(warn, FutureWarning)
/data/homezvol0/mattt2/y/envs/n-vdw-split/lib/python3.12/site-packages/dask_jobqueue/core.py:285: FutureWarning: env_extra has been renamed to job_script_prologue. You are still using it (even if only set to []; please also check config files). If you did not set job_script_prologue yet, env_extra will be respected for now, but it will be removed in a future release. If you already set job_script_prologue, env_extra is ignored and you can remove it.
  warnings.warn(warn, FutureWarning)
/data/homezvol0/mattt2/y/envs/n-vdw-split/lib/python3.12/site-packages/dask_jobqueue/slurm.py:55: FutureWarning: project has been renamed to account as this kwarg was used wit -A option. You are still using it (please also check config files). If you did not set account yet, project will be respected for now, but it will be removed in a future release. If you already set account, project is ignored and you can remove it.
  warnings.warn(warn, FutureWarning)
/data/homezvol0/mattt2/y/envs/n-vdw-split/lib/python3.12/site-packages/dask_jobqueue/core.py:285: FutureWarning: env_extra has been renamed to job_script_prologue. You are still using it (even if only set to []; please also check config files). If you did not set job_script_prologue yet, env_extra will be respected for now, but it will be removed in a future release. If you already set job_script_prologue, env_extra is ignored and you can remove it.
  warnings.warn(warn, FutureWarning)
/data/homezvol0/mattt2/y/envs/n-vdw-split/lib/python3.12/site-packages/dask_jobqueue/slurm.py:55: FutureWarning: project has been renamed to account as this kwarg was used wit -A option. You are still using it (please also check config files). If you did not set account yet, project will be respected for now, but it will be removed in a future release. If you already set account, project is ignored and you can remove it.
  warnings.warn(warn, FutureWarning)
/data/homezvol0/mattt2/y/envs/n-vdw-split/lib/python3.12/site-packages/dask_jobqueue/core.py:285: FutureWarning: env_extra has been renamed to job_script_prologue. You are still using it (even if only set to []; please also check config files). If you did not set job_script_prologue yet, env_extra will be respected for now, but it will be removed in a future release. If you already set job_script_prologue, env_extra is ignored and you can remove it.
  warnings.warn(warn, FutureWarning)
/data/homezvol0/mattt2/y/envs/n-vdw-split/lib/python3.12/site-packages/dask_jobqueue/slurm.py:55: FutureWarning: project has been renamed to account as this kwarg was used wit -A option. You are still using it (please also check config files). If you did not set account yet, project will be respected for now, but it will be removed in a future release. If you already set account, project is ignored and you can remove it.
  warnings.warn(warn, FutureWarning)
/data/homezvol0/mattt2/y/envs/n-vdw-split/lib/python3.12/site-packages/dask_jobqueue/core.py:285: FutureWarning: env_extra has been renamed to job_script_prologue. You are still using it (even if only set to []; please also check config files). If you did not set job_script_prologue yet, env_extra will be respected for now, but it will be removed in a future release. If you already set job_script_prologue, env_extra is ignored and you can remove it.
  warnings.warn(warn, FutureWarning)
/data/homezvol0/mattt2/y/envs/n-vdw-split/lib/python3.12/site-packages/dask_jobqueue/slurm.py:55: FutureWarning: project has been renamed to account as this kwarg was used wit -A option. You are still using it (please also check config files). If you did not set account yet, project will be respected for now, but it will be removed in a future release. If you already set account, project is ignored and you can remove it.
  warnings.warn(warn, FutureWarning)
/data/homezvol0/mattt2/y/envs/n-vdw-split/lib/python3.12/site-packages/dask_jobqueue/core.py:285: FutureWarning: env_extra has been renamed to job_script_prologue. You are still using it (even if only set to []; please also check config files). If you did not set job_script_prologue yet, env_extra will be respected for now, but it will be removed in a future release. If you already set job_script_prologue, env_extra is ignored and you can remove it.
  warnings.warn(warn, FutureWarning)
/data/homezvol0/mattt2/y/envs/n-vdw-split/lib/python3.12/site-packages/dask_jobqueue/slurm.py:55: FutureWarning: project has been renamed to account as this kwarg was used wit -A option. You are still using it (please also check config files). If you did not set account yet, project will be respected for now, but it will be removed in a future release. If you already set account, project is ignored and you can remove it.
  warnings.warn(warn, FutureWarning)
/data/homezvol0/mattt2/y/envs/n-vdw-split/lib/python3.12/site-packages/dask_jobqueue/core.py:285: FutureWarning: env_extra has been renamed to job_script_prologue. You are still using it (even if only set to []; please also check config files). If you did not set job_script_prologue yet, env_extra will be respected for now, but it will be removed in a future release. If you already set job_script_prologue, env_extra is ignored and you can remove it.
  warnings.warn(warn, FutureWarning)
/data/homezvol0/mattt2/y/envs/n-vdw-split/lib/python3.12/site-packages/dask_jobqueue/slurm.py:55: FutureWarning: project has been renamed to account as this kwarg was used wit -A option. You are still using it (please also check config files). If you did not set account yet, project will be respected for now, but it will be removed in a future release. If you already set account, project is ignored and you can remove it.
  warnings.warn(warn, FutureWarning)
/data/homezvol0/mattt2/y/envs/n-vdw-split/lib/python3.12/site-packages/dask_jobqueue/core.py:285: FutureWarning: env_extra has been renamed to job_script_prologue. You are still using it (even if only set to []; please also check config files). If you did not set job_script_prologue yet, env_extra will be respected for now, but it will be removed in a future release. If you already set job_script_prologue, env_extra is ignored and you can remove it.
  warnings.warn(warn, FutureWarning)
/data/homezvol0/mattt2/y/envs/n-vdw-split/lib/python3.12/site-packages/dask_jobqueue/slurm.py:55: FutureWarning: project has been renamed to account as this kwarg was used wit -A option. You are still using it (please also check config files). If you did not set account yet, project will be respected for now, but it will be removed in a future release. If you already set account, project is ignored and you can remove it.
  warnings.warn(warn, FutureWarning)
/data/homezvol0/mattt2/y/envs/n-vdw-split/lib/python3.12/site-packages/dask_jobqueue/core.py:285: FutureWarning: env_extra has been renamed to job_script_prologue. You are still using it (even if only set to []; please also check config files). If you did not set job_script_prologue yet, env_extra will be respected for now, but it will be removed in a future release. If you already set job_script_prologue, env_extra is ignored and you can remove it.
  warnings.warn(warn, FutureWarning)
/data/homezvol0/mattt2/y/envs/n-vdw-split/lib/python3.12/site-packages/dask_jobqueue/slurm.py:55: FutureWarning: project has been renamed to account as this kwarg was used wit -A option. You are still using it (please also check config files). If you did not set account yet, project will be respected for now, but it will be removed in a future release. If you already set account, project is ignored and you can remove it.
  warnings.warn(warn, FutureWarning)
/data/homezvol0/mattt2/y/envs/n-vdw-split/lib/python3.12/site-packages/dask_jobqueue/core.py:285: FutureWarning: env_extra has been renamed to job_script_prologue. You are still using it (even if only set to []; please also check config files). If you did not set job_script_prologue yet, env_extra will be respected for now, but it will be removed in a future release. If you already set job_script_prologue, env_extra is ignored and you can remove it.
  warnings.warn(warn, FutureWarning)
/data/homezvol0/mattt2/y/envs/n-vdw-split/lib/python3.12/site-packages/dask_jobqueue/slurm.py:55: FutureWarning: project has been renamed to account as this kwarg was used wit -A option. You are still using it (please also check config files). If you did not set account yet, project will be respected for now, but it will be removed in a future release. If you already set account, project is ignored and you can remove it.
  warnings.warn(warn, FutureWarning)
2025-09-12 02:36:42 INFO     Finished server request 225321e9945b4a869c54dff4c348679f
/data/homezvol0/mattt2/y/envs/n-vdw-split/lib/python3.12/site-packages/dask_jobqueue/core.py:285: FutureWarning: env_extra has been renamed to job_script_prologue. You are still using it (even if only set to []; please also check config files). If you did not set job_script_prologue yet, env_extra will be respected for now, but it will be removed in a future release. If you already set job_script_prologue, env_extra is ignored and you can remove it.
  warnings.warn(warn, FutureWarning)
/data/homezvol0/mattt2/y/envs/n-vdw-split/lib/python3.12/site-packages/dask_jobqueue/slurm.py:55: FutureWarning: project has been renamed to account as this kwarg was used wit -A option. You are still using it (please also check config files). If you did not set account yet, project will be respected for now, but it will be removed in a future release. If you already set account, project is ignored and you can remove it.
  warnings.warn(warn, FutureWarning)
/data/homezvol0/mattt2/y/envs/n-vdw-split/lib/python3.12/site-packages/dask_jobqueue/core.py:285: FutureWarning: env_extra has been renamed to job_script_prologue. You are still using it (even if only set to []; please also check config files). If you did not set job_script_prologue yet, env_extra will be respected for now, but it will be removed in a future release. If you already set job_script_prologue, env_extra is ignored and you can remove it.
  warnings.warn(warn, FutureWarning)
/data/homezvol0/mattt2/y/envs/n-vdw-split/lib/python3.12/site-packages/dask_jobqueue/slurm.py:55: FutureWarning: project has been renamed to account as this kwarg was used wit -A option. You are still using it (please also check config files). If you did not set account yet, project will be respected for now, but it will be removed in a future release. If you already set account, project is ignored and you can remove it.
  warnings.warn(warn, FutureWarning)
2025-09-12 02:55:32 INFO     Finished server request ec52a40a1da34f2ab6a80e73131d40a6
/data/homezvol0/mattt2/y/envs/n-vdw-split/lib/python3.12/site-packages/dask_jobqueue/core.py:285: FutureWarning: env_extra has been renamed to job_script_prologue. You are still using it (even if only set to []; please also check config files). If you did not set job_script_prologue yet, env_extra will be respected for now, but it will be removed in a future release. If you already set job_script_prologue, env_extra is ignored and you can remove it.
  warnings.warn(warn, FutureWarning)
/data/homezvol0/mattt2/y/envs/n-vdw-split/lib/python3.12/site-packages/dask_jobqueue/slurm.py:55: FutureWarning: project has been renamed to account as this kwarg was used wit -A option. You are still using it (please also check config files). If you did not set account yet, project will be respected for now, but it will be removed in a future release. If you already set account, project is ignored and you can remove it.
  warnings.warn(warn, FutureWarning)
/data/homezvol0/mattt2/y/envs/n-vdw-split/lib/python3.12/site-packages/dask_jobqueue/core.py:285: FutureWarning: env_extra has been renamed to job_script_prologue. You are still using it (even if only set to []; please also check config files). If you did not set job_script_prologue yet, env_extra will be respected for now, but it will be removed in a future release. If you already set job_script_prologue, env_extra is ignored and you can remove it.
  warnings.warn(warn, FutureWarning)
/data/homezvol0/mattt2/y/envs/n-vdw-split/lib/python3.12/site-packages/dask_jobqueue/slurm.py:55: FutureWarning: project has been renamed to account as this kwarg was used wit -A option. You are still using it (please also check config files). If you did not set account yet, project will be respected for now, but it will be removed in a future release. If you already set account, project is ignored and you can remove it.
  warnings.warn(warn, FutureWarning)
/data/homezvol0/mattt2/y/envs/n-vdw-split/lib/python3.12/site-packages/dask_jobqueue/core.py:285: FutureWarning: env_extra has been renamed to job_script_prologue. You are still using it (even if only set to []; please also check config files). If you did not set job_script_prologue yet, env_extra will be respected for now, but it will be removed in a future release. If you already set job_script_prologue, env_extra is ignored and you can remove it.
  warnings.warn(warn, FutureWarning)
/data/homezvol0/mattt2/y/envs/n-vdw-split/lib/python3.12/site-packages/dask_jobqueue/slurm.py:55: FutureWarning: project has been renamed to account as this kwarg was used wit -A option. You are still using it (please also check config files). If you did not set account yet, project will be respected for now, but it will be removed in a future release. If you already set account, project is ignored and you can remove it.
  warnings.warn(warn, FutureWarning)
2025-09-12 05:16:44 INFO     Finished server request 7cfcfb7433a1495d8615ff2828a05dda
2025-09-12 05:26:05 INFO     Received estimation request from ('127.0.0.1', 41326)
2025-09-12 05:26:06 INFO     Submission 5a3a739168334afebe805d33b0b49d4e received
2025-09-12 05:26:06 INFO     Launching batch 6da208e6176045ed90a0ae9ff51c81c2 using the PreequilibratedSimulationLayer layer
2025-09-12 05:26:06 INFO     Building workflow 0 of 48
2025-09-12 05:26:10 INFO     Building workflow 1 of 48
2025-09-12 05:26:12 INFO     Building workflow 2 of 48
2025-09-12 05:26:14 INFO     Building workflow 3 of 48
2025-09-12 05:26:16 INFO     Building workflow 4 of 48
2025-09-12 05:26:18 INFO     Building workflow 5 of 48
2025-09-12 05:26:20 INFO     Building workflow 6 of 48
2025-09-12 05:26:23 INFO     Building workflow 7 of 48
2025-09-12 05:26:26 INFO     Building workflow 8 of 48
2025-09-12 05:26:28 INFO     Building workflow 9 of 48
2025-09-12 05:26:30 INFO     Building workflow 10 of 48
2025-09-12 05:26:32 INFO     Building workflow 11 of 48
2025-09-12 05:26:34 INFO     Building workflow 12 of 48
2025-09-12 05:26:36 INFO     Building workflow 13 of 48
2025-09-12 05:26:39 INFO     Building workflow 14 of 48
2025-09-12 05:26:41 INFO     Building workflow 15 of 48
2025-09-12 05:26:44 INFO     Building workflow 16 of 48
2025-09-12 05:26:45 INFO     Building workflow 17 of 48
2025-09-12 05:26:47 INFO     Building workflow 18 of 48
2025-09-12 05:26:49 INFO     Building workflow 19 of 48
2025-09-12 05:26:51 INFO     Building workflow 20 of 48
2025-09-12 05:26:54 INFO     Building workflow 21 of 48
2025-09-12 05:26:55 INFO     Building workflow 22 of 48
2025-09-12 05:26:58 INFO     Building workflow 23 of 48
2025-09-12 05:27:01 INFO     Building workflow 24 of 48
2025-09-12 05:27:03 INFO     Building workflow 25 of 48
2025-09-12 05:27:05 INFO     Building workflow 26 of 48
2025-09-12 05:27:08 INFO     Building workflow 27 of 48
2025-09-12 05:27:10 INFO     Building workflow 28 of 48
2025-09-12 05:27:13 INFO     Building workflow 29 of 48
2025-09-12 05:27:14 INFO     Building workflow 30 of 48
2025-09-12 05:27:17 INFO     Building workflow 31 of 48
2025-09-12 05:27:19 INFO     Building workflow 32 of 48
2025-09-12 05:27:21 INFO     Building workflow 33 of 48
2025-09-12 05:27:24 INFO     Building workflow 34 of 48
2025-09-12 05:27:26 INFO     Building workflow 35 of 48
2025-09-12 05:27:27 INFO     Building workflow 36 of 48
2025-09-12 05:27:29 INFO     Building workflow 37 of 48
2025-09-12 05:27:32 INFO     Building workflow 38 of 48
2025-09-12 05:27:34 INFO     Building workflow 39 of 48
2025-09-12 05:27:37 INFO     Building workflow 40 of 48
2025-09-12 05:27:39 INFO     Building workflow 41 of 48
2025-09-12 05:27:41 INFO     Building workflow 42 of 48
2025-09-12 05:27:42 INFO     Building workflow 43 of 48
2025-09-12 05:27:44 INFO     Building workflow 44 of 48
2025-09-12 05:27:47 INFO     Building workflow 45 of 48
2025-09-12 05:27:49 INFO     Building workflow 46 of 48
2025-09-12 05:27:51 INFO     Building workflow 47 of 48
/data/homezvol0/mattt2/y/envs/n-vdw-split/lib/python3.12/site-packages/dask_jobqueue/core.py:285: FutureWarning: env_extra has been renamed to job_script_prologue. You are still using it (even if only set to []; please also check config files). If you did not set job_script_prologue yet, env_extra will be respected for now, but it will be removed in a future release. If you already set job_script_prologue, env_extra is ignored and you can remove it.
  warnings.warn(warn, FutureWarning)
/data/homezvol0/mattt2/y/envs/n-vdw-split/lib/python3.12/site-packages/dask_jobqueue/slurm.py:55: FutureWarning: project has been renamed to account as this kwarg was used wit -A option. You are still using it (please also check config files). If you did not set account yet, project will be respected for now, but it will be removed in a future release. If you already set account, project is ignored and you can remove it.
  warnings.warn(warn, FutureWarning)
2025-09-12 05:27:59 INFO     Launching batch fdbf816d0a294a64a37fd6921e3fe48e using the PreequilibratedSimulationLayer layer
2025-09-12 05:27:59 INFO     Building workflow 0 of 48
2025-09-12 05:28:01 INFO     Building workflow 1 of 48
2025-09-12 05:28:03 INFO     Building workflow 2 of 48
2025-09-12 05:28:06 INFO     Building workflow 3 of 48
2025-09-12 05:28:07 INFO     Building workflow 4 of 48
2025-09-12 05:28:10 INFO     Building workflow 5 of 48
2025-09-12 05:28:13 INFO     Building workflow 6 of 48
2025-09-12 05:28:14 INFO     Building workflow 7 of 48
2025-09-12 05:28:16 INFO     Building workflow 8 of 48
2025-09-12 05:28:19 INFO     Building workflow 9 of 48
2025-09-12 05:28:22 INFO     Building workflow 10 of 48
2025-09-12 05:28:24 INFO     Building workflow 11 of 48
2025-09-12 05:28:27 INFO     Building workflow 12 of 48
2025-09-12 05:28:30 INFO     Building workflow 13 of 48
2025-09-12 05:28:33 INFO     Building workflow 14 of 48
2025-09-12 05:28:34 INFO     Building workflow 15 of 48
2025-09-12 05:28:36 INFO     Building workflow 16 of 48
2025-09-12 05:28:39 INFO     Building workflow 17 of 48
2025-09-12 05:28:40 INFO     Building workflow 18 of 48
2025-09-12 05:28:42 INFO     Building workflow 19 of 48
2025-09-12 05:28:45 INFO     Building workflow 20 of 48
2025-09-12 05:28:47 INFO     Building workflow 21 of 48
2025-09-12 05:28:49 INFO     Building workflow 22 of 48
2025-09-12 05:28:52 INFO     Building workflow 23 of 48
2025-09-12 05:28:53 INFO     Building workflow 24 of 48
2025-09-12 05:28:56 INFO     Building workflow 25 of 48
2025-09-12 05:28:59 INFO     Building workflow 26 of 48
2025-09-12 05:29:01 INFO     Building workflow 27 of 48
2025-09-12 05:29:02 INFO     Building workflow 28 of 48
2025-09-12 05:29:05 INFO     Building workflow 29 of 48
2025-09-12 05:29:07 INFO     Building workflow 30 of 48
2025-09-12 05:29:10 INFO     Building workflow 31 of 48
2025-09-12 05:29:13 INFO     Building workflow 32 of 48
2025-09-12 05:29:15 INFO     Building workflow 33 of 48
2025-09-12 05:29:17 INFO     Building workflow 34 of 48
2025-09-12 05:29:19 INFO     Building workflow 35 of 48
2025-09-12 05:29:21 INFO     Building workflow 36 of 48
2025-09-12 05:29:22 INFO     Building workflow 37 of 48
2025-09-12 05:29:24 INFO     Building workflow 38 of 48
2025-09-12 05:29:27 INFO     Building workflow 39 of 48
2025-09-12 05:29:28 INFO     Building workflow 40 of 48
2025-09-12 05:29:31 INFO     Building workflow 41 of 48
2025-09-12 05:29:34 INFO     Building workflow 42 of 48
2025-09-12 05:29:37 INFO     Building workflow 43 of 48
2025-09-12 05:29:39 INFO     Building workflow 44 of 48
2025-09-12 05:29:41 INFO     Building workflow 45 of 48
2025-09-12 05:29:42 INFO     Building workflow 46 of 48
2025-09-12 05:29:45 INFO     Building workflow 47 of 48
2025-09-12 05:29:55 INFO     Launching batch d8b5d8e01f0d4c2d8774ff74a36e5f6e using the PreequilibratedSimulationLayer layer
2025-09-12 05:29:55 INFO     Building workflow 0 of 24
2025-09-12 05:29:58 INFO     Building workflow 1 of 24
2025-09-12 05:30:00 INFO     Building workflow 2 of 24
2025-09-12 05:30:01 INFO     Building workflow 3 of 24
2025-09-12 05:30:05 INFO     Building workflow 4 of 24
2025-09-12 05:30:08 INFO     Building workflow 5 of 24
2025-09-12 05:30:09 INFO     Building workflow 6 of 24
2025-09-12 05:30:11 INFO     Building workflow 7 of 24
2025-09-12 05:30:12 INFO     Building workflow 8 of 24
2025-09-12 05:30:15 INFO     Building workflow 9 of 24
2025-09-12 05:30:18 INFO     Building workflow 10 of 24
2025-09-12 05:30:21 INFO     Building workflow 11 of 24
2025-09-12 05:30:23 INFO     Building workflow 12 of 24
2025-09-12 05:30:25 INFO     Building workflow 13 of 24
2025-09-12 05:30:28 INFO     Building workflow 14 of 24
2025-09-12 05:30:29 INFO     Building workflow 15 of 24
2025-09-12 05:30:32 INFO     Building workflow 16 of 24
2025-09-12 05:30:33 INFO     Building workflow 17 of 24
2025-09-12 05:30:36 INFO     Building workflow 18 of 24
2025-09-12 05:30:39 INFO     Building workflow 19 of 24
2025-09-12 05:30:42 INFO     Building workflow 20 of 24
2025-09-12 05:30:45 INFO     Building workflow 21 of 24
2025-09-12 05:30:46 INFO     Building workflow 22 of 24
2025-09-12 05:30:48 INFO     Building workflow 23 of 24
/data/homezvol0/mattt2/y/envs/n-vdw-split/lib/python3.12/site-packages/dask_jobqueue/core.py:285: FutureWarning: env_extra has been renamed to job_script_prologue. You are still using it (even if only set to []; please also check config files). If you did not set job_script_prologue yet, env_extra will be respected for now, but it will be removed in a future release. If you already set job_script_prologue, env_extra is ignored and you can remove it.
  warnings.warn(warn, FutureWarning)
/data/homezvol0/mattt2/y/envs/n-vdw-split/lib/python3.12/site-packages/dask_jobqueue/slurm.py:55: FutureWarning: project has been renamed to account as this kwarg was used wit -A option. You are still using it (please also check config files). If you did not set account yet, project will be respected for now, but it will be removed in a future release. If you already set account, project is ignored and you can remove it.
  warnings.warn(warn, FutureWarning)
/data/homezvol0/mattt2/y/envs/n-vdw-split/lib/python3.12/site-packages/dask_jobqueue/core.py:285: FutureWarning: env_extra has been renamed to job_script_prologue. You are still using it (even if only set to []; please also check config files). If you did not set job_script_prologue yet, env_extra will be respected for now, but it will be removed in a future release. If you already set job_script_prologue, env_extra is ignored and you can remove it.
  warnings.warn(warn, FutureWarning)
/data/homezvol0/mattt2/y/envs/n-vdw-split/lib/python3.12/site-packages/dask_jobqueue/slurm.py:55: FutureWarning: project has been renamed to account as this kwarg was used wit -A option. You are still using it (please also check config files). If you did not set account yet, project will be respected for now, but it will be removed in a future release. If you already set account, project is ignored and you can remove it.
  warnings.warn(warn, FutureWarning)
/data/homezvol0/mattt2/y/envs/n-vdw-split/lib/python3.12/site-packages/dask_jobqueue/core.py:285: FutureWarning: env_extra has been renamed to job_script_prologue. You are still using it (even if only set to []; please also check config files). If you did not set job_script_prologue yet, env_extra will be respected for now, but it will be removed in a future release. If you already set job_script_prologue, env_extra is ignored and you can remove it.
  warnings.warn(warn, FutureWarning)
/data/homezvol0/mattt2/y/envs/n-vdw-split/lib/python3.12/site-packages/dask_jobqueue/slurm.py:55: FutureWarning: project has been renamed to account as this kwarg was used wit -A option. You are still using it (please also check config files). If you did not set account yet, project will be respected for now, but it will be removed in a future release. If you already set account, project is ignored and you can remove it.
  warnings.warn(warn, FutureWarning)
/data/homezvol0/mattt2/y/envs/n-vdw-split/lib/python3.12/site-packages/dask_jobqueue/core.py:285: FutureWarning: env_extra has been renamed to job_script_prologue. You are still using it (even if only set to []; please also check config files). If you did not set job_script_prologue yet, env_extra will be respected for now, but it will be removed in a future release. If you already set job_script_prologue, env_extra is ignored and you can remove it.
  warnings.warn(warn, FutureWarning)
/data/homezvol0/mattt2/y/envs/n-vdw-split/lib/python3.12/site-packages/dask_jobqueue/slurm.py:55: FutureWarning: project has been renamed to account as this kwarg was used wit -A option. You are still using it (please also check config files). If you did not set account yet, project will be respected for now, but it will be removed in a future release. If you already set account, project is ignored and you can remove it.
  warnings.warn(warn, FutureWarning)
/data/homezvol0/mattt2/y/envs/n-vdw-split/lib/python3.12/site-packages/dask_jobqueue/core.py:285: FutureWarning: env_extra has been renamed to job_script_prologue. You are still using it (even if only set to []; please also check config files). If you did not set job_script_prologue yet, env_extra will be respected for now, but it will be removed in a future release. If you already set job_script_prologue, env_extra is ignored and you can remove it.
  warnings.warn(warn, FutureWarning)
/data/homezvol0/mattt2/y/envs/n-vdw-split/lib/python3.12/site-packages/dask_jobqueue/slurm.py:55: FutureWarning: project has been renamed to account as this kwarg was used wit -A option. You are still using it (please also check config files). If you did not set account yet, project will be respected for now, but it will be removed in a future release. If you already set account, project is ignored and you can remove it.
  warnings.warn(warn, FutureWarning)
/data/homezvol0/mattt2/y/envs/n-vdw-split/lib/python3.12/site-packages/dask_jobqueue/core.py:285: FutureWarning: env_extra has been renamed to job_script_prologue. You are still using it (even if only set to []; please also check config files). If you did not set job_script_prologue yet, env_extra will be respected for now, but it will be removed in a future release. If you already set job_script_prologue, env_extra is ignored and you can remove it.
  warnings.warn(warn, FutureWarning)
/data/homezvol0/mattt2/y/envs/n-vdw-split/lib/python3.12/site-packages/dask_jobqueue/slurm.py:55: FutureWarning: project has been renamed to account as this kwarg was used wit -A option. You are still using it (please also check config files). If you did not set account yet, project will be respected for now, but it will be removed in a future release. If you already set account, project is ignored and you can remove it.
  warnings.warn(warn, FutureWarning)
/data/homezvol0/mattt2/y/envs/n-vdw-split/lib/python3.12/site-packages/dask_jobqueue/core.py:285: FutureWarning: env_extra has been renamed to job_script_prologue. You are still using it (even if only set to []; please also check config files). If you did not set job_script_prologue yet, env_extra will be respected for now, but it will be removed in a future release. If you already set job_script_prologue, env_extra is ignored and you can remove it.
  warnings.warn(warn, FutureWarning)
/data/homezvol0/mattt2/y/envs/n-vdw-split/lib/python3.12/site-packages/dask_jobqueue/slurm.py:55: FutureWarning: project has been renamed to account as this kwarg was used wit -A option. You are still using it (please also check config files). If you did not set account yet, project will be respected for now, but it will be removed in a future release. If you already set account, project is ignored and you can remove it.
  warnings.warn(warn, FutureWarning)
/data/homezvol0/mattt2/y/envs/n-vdw-split/lib/python3.12/site-packages/dask_jobqueue/core.py:285: FutureWarning: env_extra has been renamed to job_script_prologue. You are still using it (even if only set to []; please also check config files). If you did not set job_script_prologue yet, env_extra will be respected for now, but it will be removed in a future release. If you already set job_script_prologue, env_extra is ignored and you can remove it.
  warnings.warn(warn, FutureWarning)
/data/homezvol0/mattt2/y/envs/n-vdw-split/lib/python3.12/site-packages/dask_jobqueue/slurm.py:55: FutureWarning: project has been renamed to account as this kwarg was used wit -A option. You are still using it (please also check config files). If you did not set account yet, project will be respected for now, but it will be removed in a future release. If you already set account, project is ignored and you can remove it.
  warnings.warn(warn, FutureWarning)
/data/homezvol0/mattt2/y/envs/n-vdw-split/lib/python3.12/site-packages/dask_jobqueue/core.py:285: FutureWarning: env_extra has been renamed to job_script_prologue. You are still using it (even if only set to []; please also check config files). If you did not set job_script_prologue yet, env_extra will be respected for now, but it will be removed in a future release. If you already set job_script_prologue, env_extra is ignored and you can remove it.
  warnings.warn(warn, FutureWarning)
/data/homezvol0/mattt2/y/envs/n-vdw-split/lib/python3.12/site-packages/dask_jobqueue/slurm.py:55: FutureWarning: project has been renamed to account as this kwarg was used wit -A option. You are still using it (please also check config files). If you did not set account yet, project will be respected for now, but it will be removed in a future release. If you already set account, project is ignored and you can remove it.
  warnings.warn(warn, FutureWarning)
/data/homezvol0/mattt2/y/envs/n-vdw-split/lib/python3.12/site-packages/dask_jobqueue/core.py:285: FutureWarning: env_extra has been renamed to job_script_prologue. You are still using it (even if only set to []; please also check config files). If you did not set job_script_prologue yet, env_extra will be respected for now, but it will be removed in a future release. If you already set job_script_prologue, env_extra is ignored and you can remove it.
  warnings.warn(warn, FutureWarning)
/data/homezvol0/mattt2/y/envs/n-vdw-split/lib/python3.12/site-packages/dask_jobqueue/slurm.py:55: FutureWarning: project has been renamed to account as this kwarg was used wit -A option. You are still using it (please also check config files). If you did not set account yet, project will be respected for now, but it will be removed in a future release. If you already set account, project is ignored and you can remove it.
  warnings.warn(warn, FutureWarning)
/data/homezvol0/mattt2/y/envs/n-vdw-split/lib/python3.12/site-packages/dask_jobqueue/core.py:285: FutureWarning: env_extra has been renamed to job_script_prologue. You are still using it (even if only set to []; please also check config files). If you did not set job_script_prologue yet, env_extra will be respected for now, but it will be removed in a future release. If you already set job_script_prologue, env_extra is ignored and you can remove it.
  warnings.warn(warn, FutureWarning)
/data/homezvol0/mattt2/y/envs/n-vdw-split/lib/python3.12/site-packages/dask_jobqueue/slurm.py:55: FutureWarning: project has been renamed to account as this kwarg was used wit -A option. You are still using it (please also check config files). If you did not set account yet, project will be respected for now, but it will be removed in a future release. If you already set account, project is ignored and you can remove it.
  warnings.warn(warn, FutureWarning)
/data/homezvol0/mattt2/y/envs/n-vdw-split/lib/python3.12/site-packages/dask_jobqueue/core.py:285: FutureWarning: env_extra has been renamed to job_script_prologue. You are still using it (even if only set to []; please also check config files). If you did not set job_script_prologue yet, env_extra will be respected for now, but it will be removed in a future release. If you already set job_script_prologue, env_extra is ignored and you can remove it.
  warnings.warn(warn, FutureWarning)
/data/homezvol0/mattt2/y/envs/n-vdw-split/lib/python3.12/site-packages/dask_jobqueue/slurm.py:55: FutureWarning: project has been renamed to account as this kwarg was used wit -A option. You are still using it (please also check config files). If you did not set account yet, project will be respected for now, but it will be removed in a future release. If you already set account, project is ignored and you can remove it.
  warnings.warn(warn, FutureWarning)
2025-09-12 07:42:20 INFO     Finished server request d8b5d8e01f0d4c2d8774ff74a36e5f6e
/data/homezvol0/mattt2/y/envs/n-vdw-split/lib/python3.12/site-packages/dask_jobqueue/core.py:285: FutureWarning: env_extra has been renamed to job_script_prologue. You are still using it (even if only set to []; please also check config files). If you did not set job_script_prologue yet, env_extra will be respected for now, but it will be removed in a future release. If you already set job_script_prologue, env_extra is ignored and you can remove it.
  warnings.warn(warn, FutureWarning)
/data/homezvol0/mattt2/y/envs/n-vdw-split/lib/python3.12/site-packages/dask_jobqueue/slurm.py:55: FutureWarning: project has been renamed to account as this kwarg was used wit -A option. You are still using it (please also check config files). If you did not set account yet, project will be respected for now, but it will be removed in a future release. If you already set account, project is ignored and you can remove it.
  warnings.warn(warn, FutureWarning)
/data/homezvol0/mattt2/y/envs/n-vdw-split/lib/python3.12/site-packages/dask_jobqueue/core.py:285: FutureWarning: env_extra has been renamed to job_script_prologue. You are still using it (even if only set to []; please also check config files). If you did not set job_script_prologue yet, env_extra will be respected for now, but it will be removed in a future release. If you already set job_script_prologue, env_extra is ignored and you can remove it.
  warnings.warn(warn, FutureWarning)
/data/homezvol0/mattt2/y/envs/n-vdw-split/lib/python3.12/site-packages/dask_jobqueue/slurm.py:55: FutureWarning: project has been renamed to account as this kwarg was used wit -A option. You are still using it (please also check config files). If you did not set account yet, project will be respected for now, but it will be removed in a future release. If you already set account, project is ignored and you can remove it.
  warnings.warn(warn, FutureWarning)
/data/homezvol0/mattt2/y/envs/n-vdw-split/lib/python3.12/site-packages/dask_jobqueue/core.py:285: FutureWarning: env_extra has been renamed to job_script_prologue. You are still using it (even if only set to []; please also check config files). If you did not set job_script_prologue yet, env_extra will be respected for now, but it will be removed in a future release. If you already set job_script_prologue, env_extra is ignored and you can remove it.
  warnings.warn(warn, FutureWarning)
/data/homezvol0/mattt2/y/envs/n-vdw-split/lib/python3.12/site-packages/dask_jobqueue/slurm.py:55: FutureWarning: project has been renamed to account as this kwarg was used wit -A option. You are still using it (please also check config files). If you did not set account yet, project will be respected for now, but it will be removed in a future release. If you already set account, project is ignored and you can remove it.
  warnings.warn(warn, FutureWarning)
/data/homezvol0/mattt2/y/envs/n-vdw-split/lib/python3.12/site-packages/dask_jobqueue/core.py:285: FutureWarning: env_extra has been renamed to job_script_prologue. You are still using it (even if only set to []; please also check config files). If you did not set job_script_prologue yet, env_extra will be respected for now, but it will be removed in a future release. If you already set job_script_prologue, env_extra is ignored and you can remove it.
  warnings.warn(warn, FutureWarning)
/data/homezvol0/mattt2/y/envs/n-vdw-split/lib/python3.12/site-packages/dask_jobqueue/slurm.py:55: FutureWarning: project has been renamed to account as this kwarg was used wit -A option. You are still using it (please also check config files). If you did not set account yet, project will be respected for now, but it will be removed in a future release. If you already set account, project is ignored and you can remove it.
  warnings.warn(warn, FutureWarning)
/data/homezvol0/mattt2/y/envs/n-vdw-split/lib/python3.12/site-packages/dask_jobqueue/core.py:285: FutureWarning: env_extra has been renamed to job_script_prologue. You are still using it (even if only set to []; please also check config files). If you did not set job_script_prologue yet, env_extra will be respected for now, but it will be removed in a future release. If you already set job_script_prologue, env_extra is ignored and you can remove it.
  warnings.warn(warn, FutureWarning)
/data/homezvol0/mattt2/y/envs/n-vdw-split/lib/python3.12/site-packages/dask_jobqueue/slurm.py:55: FutureWarning: project has been renamed to account as this kwarg was used wit -A option. You are still using it (please also check config files). If you did not set account yet, project will be respected for now, but it will be removed in a future release. If you already set account, project is ignored and you can remove it.
  warnings.warn(warn, FutureWarning)
2025-09-12 08:16:46 INFO     Finished server request fdbf816d0a294a64a37fd6921e3fe48e
/data/homezvol0/mattt2/y/envs/n-vdw-split/lib/python3.12/site-packages/dask_jobqueue/core.py:285: FutureWarning: env_extra has been renamed to job_script_prologue. You are still using it (even if only set to []; please also check config files). If you did not set job_script_prologue yet, env_extra will be respected for now, but it will be removed in a future release. If you already set job_script_prologue, env_extra is ignored and you can remove it.
  warnings.warn(warn, FutureWarning)
/data/homezvol0/mattt2/y/envs/n-vdw-split/lib/python3.12/site-packages/dask_jobqueue/slurm.py:55: FutureWarning: project has been renamed to account as this kwarg was used wit -A option. You are still using it (please also check config files). If you did not set account yet, project will be respected for now, but it will be removed in a future release. If you already set account, project is ignored and you can remove it.
  warnings.warn(warn, FutureWarning)
2025-09-12 09:08:47 INFO     Finished server request 6da208e6176045ed90a0ae9ff51c81c2
2025-09-12 09:16:50 INFO     Received estimation request from ('127.0.0.1', 39760)
2025-09-12 09:16:52 INFO     Submission e0732e92dff149be93528d651701fa49 received
2025-09-12 09:16:52 INFO     Launching batch d1077de30b9944d0afd17cd5531aab53 using the PreequilibratedSimulationLayer layer
2025-09-12 09:16:52 INFO     Building workflow 0 of 48
2025-09-12 09:16:55 INFO     Building workflow 1 of 48
2025-09-12 09:16:58 INFO     Building workflow 2 of 48
2025-09-12 09:17:00 INFO     Building workflow 3 of 48
2025-09-12 09:17:02 INFO     Building workflow 4 of 48
2025-09-12 09:17:04 INFO     Building workflow 5 of 48
2025-09-12 09:17:06 INFO     Building workflow 6 of 48
2025-09-12 09:17:09 INFO     Building workflow 7 of 48
2025-09-12 09:17:11 INFO     Building workflow 8 of 48
2025-09-12 09:17:13 INFO     Building workflow 9 of 48
2025-09-12 09:17:16 INFO     Building workflow 10 of 48
2025-09-12 09:17:17 INFO     Building workflow 11 of 48
2025-09-12 09:17:19 INFO     Building workflow 12 of 48
2025-09-12 09:17:22 INFO     Building workflow 13 of 48
2025-09-12 09:17:25 INFO     Building workflow 14 of 48
2025-09-12 09:17:27 INFO     Building workflow 15 of 48
2025-09-12 09:17:29 INFO     Building workflow 16 of 48
2025-09-12 09:17:31 INFO     Building workflow 17 of 48
2025-09-12 09:17:33 INFO     Building workflow 18 of 48
2025-09-12 09:17:34 INFO     Building workflow 19 of 48
2025-09-12 09:17:36 INFO     Building workflow 20 of 48
2025-09-12 09:17:39 INFO     Building workflow 21 of 48
2025-09-12 09:17:40 INFO     Building workflow 22 of 48
2025-09-12 09:17:43 INFO     Building workflow 23 of 48
2025-09-12 09:17:46 INFO     Building workflow 24 of 48
2025-09-12 09:17:48 INFO     Building workflow 25 of 48
2025-09-12 09:17:50 INFO     Building workflow 26 of 48
2025-09-12 09:17:53 INFO     Building workflow 27 of 48
2025-09-12 09:17:55 INFO     Building workflow 28 of 48
2025-09-12 09:17:58 INFO     Building workflow 29 of 48
2025-09-12 09:17:59 INFO     Building workflow 30 of 48
2025-09-12 09:18:02 INFO     Building workflow 31 of 48
2025-09-12 09:18:03 INFO     Building workflow 32 of 48
2025-09-12 09:18:06 INFO     Building workflow 33 of 48
2025-09-12 09:18:09 INFO     Building workflow 34 of 48
2025-09-12 09:18:11 INFO     Building workflow 35 of 48
2025-09-12 09:18:12 INFO     Building workflow 36 of 48
2025-09-12 09:18:14 INFO     Building workflow 37 of 48
2025-09-12 09:18:16 INFO     Building workflow 38 of 48
2025-09-12 09:18:19 INFO     Building workflow 39 of 48
2025-09-12 09:18:22 INFO     Building workflow 40 of 48
2025-09-12 09:18:24 INFO     Building workflow 41 of 48
2025-09-12 09:18:26 INFO     Building workflow 42 of 48
2025-09-12 09:18:27 INFO     Building workflow 43 of 48
2025-09-12 09:18:29 INFO     Building workflow 44 of 48
2025-09-12 09:18:32 INFO     Building workflow 45 of 48
2025-09-12 09:18:33 INFO     Building workflow 46 of 48
2025-09-12 09:18:36 INFO     Building workflow 47 of 48
/data/homezvol0/mattt2/y/envs/n-vdw-split/lib/python3.12/site-packages/dask_jobqueue/core.py:285: FutureWarning: env_extra has been renamed to job_script_prologue. You are still using it (even if only set to []; please also check config files). If you did not set job_script_prologue yet, env_extra will be respected for now, but it will be removed in a future release. If you already set job_script_prologue, env_extra is ignored and you can remove it.
  warnings.warn(warn, FutureWarning)
/data/homezvol0/mattt2/y/envs/n-vdw-split/lib/python3.12/site-packages/dask_jobqueue/slurm.py:55: FutureWarning: project has been renamed to account as this kwarg was used wit -A option. You are still using it (please also check config files). If you did not set account yet, project will be respected for now, but it will be removed in a future release. If you already set account, project is ignored and you can remove it.
  warnings.warn(warn, FutureWarning)
2025-09-12 09:18:44 INFO     Launching batch f1b85a2ad86849348cdd89a5a54e062e using the PreequilibratedSimulationLayer layer
2025-09-12 09:18:44 INFO     Building workflow 0 of 48
2025-09-12 09:18:46 INFO     Building workflow 1 of 48
2025-09-12 09:18:47 INFO     Building workflow 2 of 48
2025-09-12 09:18:50 INFO     Building workflow 3 of 48
2025-09-12 09:18:52 INFO     Building workflow 4 of 48
2025-09-12 09:18:55 INFO     Building workflow 5 of 48
2025-09-12 09:18:57 INFO     Building workflow 6 of 48
2025-09-12 09:18:59 INFO     Building workflow 7 of 48
2025-09-12 09:19:01 INFO     Building workflow 8 of 48
2025-09-12 09:19:04 INFO     Building workflow 9 of 48
2025-09-12 09:19:06 INFO     Building workflow 10 of 48
2025-09-12 09:19:08 INFO     Building workflow 11 of 48
2025-09-12 09:19:11 INFO     Building workflow 12 of 48
2025-09-12 09:19:14 INFO     Building workflow 13 of 48
2025-09-12 09:19:17 INFO     Building workflow 14 of 48
2025-09-12 09:19:18 INFO     Building workflow 15 of 48
2025-09-12 09:19:20 INFO     Building workflow 16 of 48
2025-09-12 09:19:22 INFO     Building workflow 17 of 48
2025-09-12 09:19:24 INFO     Building workflow 18 of 48
2025-09-12 09:19:26 INFO     Building workflow 19 of 48
2025-09-12 09:19:28 INFO     Building workflow 20 of 48
2025-09-12 09:19:31 INFO     Building workflow 21 of 48
2025-09-12 09:19:33 INFO     Building workflow 22 of 48
2025-09-12 09:19:36 INFO     Building workflow 23 of 48
2025-09-12 09:19:37 INFO     Building workflow 24 of 48
2025-09-12 09:19:40 INFO     Building workflow 25 of 48
2025-09-12 09:19:43 INFO     Building workflow 26 of 48
2025-09-12 09:19:44 INFO     Building workflow 27 of 48
2025-09-12 09:19:46 INFO     Building workflow 28 of 48
2025-09-12 09:19:49 INFO     Building workflow 29 of 48
2025-09-12 09:19:50 INFO     Building workflow 30 of 48
2025-09-12 09:19:53 INFO     Building workflow 31 of 48
2025-09-12 09:19:56 INFO     Building workflow 32 of 48
2025-09-12 09:19:59 INFO     Building workflow 33 of 48
2025-09-12 09:20:00 INFO     Building workflow 34 of 48
2025-09-12 09:20:02 INFO     Building workflow 35 of 48
2025-09-12 09:20:04 INFO     Building workflow 36 of 48
2025-09-12 09:20:06 INFO     Building workflow 37 of 48
2025-09-12 09:20:07 INFO     Building workflow 38 of 48
2025-09-12 09:20:10 INFO     Building workflow 39 of 48
2025-09-12 09:20:11 INFO     Building workflow 40 of 48
2025-09-12 09:20:14 INFO     Building workflow 41 of 48
2025-09-12 09:20:17 INFO     Building workflow 42 of 48
2025-09-12 09:20:20 INFO     Building workflow 43 of 48
2025-09-12 09:20:23 INFO     Building workflow 44 of 48
2025-09-12 09:20:24 INFO     Building workflow 45 of 48
2025-09-12 09:20:26 INFO     Building workflow 46 of 48
2025-09-12 09:20:29 INFO     Building workflow 47 of 48
2025-09-12 09:20:38 INFO     Launching batch 954627b1b03347f98eca7337b0e609a8 using the PreequilibratedSimulationLayer layer
2025-09-12 09:20:38 INFO     Building workflow 0 of 24
2025-09-12 09:20:41 INFO     Building workflow 1 of 24
2025-09-12 09:20:43 INFO     Building workflow 2 of 24
2025-09-12 09:20:44 INFO     Building workflow 3 of 24
2025-09-12 09:20:47 INFO     Building workflow 4 of 24
2025-09-12 09:20:50 INFO     Building workflow 5 of 24
2025-09-12 09:20:52 INFO     Building workflow 6 of 24
2025-09-12 09:20:53 INFO     Building workflow 7 of 24
2025-09-12 09:20:55 INFO     Building workflow 8 of 24
2025-09-12 09:20:58 INFO     Building workflow 9 of 24
2025-09-12 09:21:01 INFO     Building workflow 10 of 24
2025-09-12 09:21:04 INFO     Building workflow 11 of 24
2025-09-12 09:21:05 INFO     Building workflow 12 of 24
2025-09-12 09:21:07 INFO     Building workflow 13 of 24
2025-09-12 09:21:10 INFO     Building workflow 14 of 24
2025-09-12 09:21:11 INFO     Building workflow 15 of 24
2025-09-12 09:21:14 INFO     Building workflow 16 of 24
2025-09-12 09:21:16 INFO     Building workflow 17 of 24
2025-09-12 09:21:18 INFO     Building workflow 18 of 24
2025-09-12 09:21:21 INFO     Building workflow 19 of 24
2025-09-12 09:21:24 INFO     Building workflow 20 of 24
2025-09-12 09:21:27 INFO     Building workflow 21 of 24
2025-09-12 09:21:28 INFO     Building workflow 22 of 24
2025-09-12 09:21:30 INFO     Building workflow 23 of 24
/data/homezvol0/mattt2/y/envs/n-vdw-split/lib/python3.12/site-packages/dask_jobqueue/core.py:285: FutureWarning: env_extra has been renamed to job_script_prologue. You are still using it (even if only set to []; please also check config files). If you did not set job_script_prologue yet, env_extra will be respected for now, but it will be removed in a future release. If you already set job_script_prologue, env_extra is ignored and you can remove it.
  warnings.warn(warn, FutureWarning)
/data/homezvol0/mattt2/y/envs/n-vdw-split/lib/python3.12/site-packages/dask_jobqueue/slurm.py:55: FutureWarning: project has been renamed to account as this kwarg was used wit -A option. You are still using it (please also check config files). If you did not set account yet, project will be respected for now, but it will be removed in a future release. If you already set account, project is ignored and you can remove it.
  warnings.warn(warn, FutureWarning)
/data/homezvol0/mattt2/y/envs/n-vdw-split/lib/python3.12/site-packages/dask_jobqueue/core.py:285: FutureWarning: env_extra has been renamed to job_script_prologue. You are still using it (even if only set to []; please also check config files). If you did not set job_script_prologue yet, env_extra will be respected for now, but it will be removed in a future release. If you already set job_script_prologue, env_extra is ignored and you can remove it.
  warnings.warn(warn, FutureWarning)
/data/homezvol0/mattt2/y/envs/n-vdw-split/lib/python3.12/site-packages/dask_jobqueue/slurm.py:55: FutureWarning: project has been renamed to account as this kwarg was used wit -A option. You are still using it (please also check config files). If you did not set account yet, project will be respected for now, but it will be removed in a future release. If you already set account, project is ignored and you can remove it.
  warnings.warn(warn, FutureWarning)
/data/homezvol0/mattt2/y/envs/n-vdw-split/lib/python3.12/site-packages/dask_jobqueue/core.py:285: FutureWarning: env_extra has been renamed to job_script_prologue. You are still using it (even if only set to []; please also check config files). If you did not set job_script_prologue yet, env_extra will be respected for now, but it will be removed in a future release. If you already set job_script_prologue, env_extra is ignored and you can remove it.
  warnings.warn(warn, FutureWarning)
/data/homezvol0/mattt2/y/envs/n-vdw-split/lib/python3.12/site-packages/dask_jobqueue/slurm.py:55: FutureWarning: project has been renamed to account as this kwarg was used wit -A option. You are still using it (please also check config files). If you did not set account yet, project will be respected for now, but it will be removed in a future release. If you already set account, project is ignored and you can remove it.
  warnings.warn(warn, FutureWarning)
/data/homezvol0/mattt2/y/envs/n-vdw-split/lib/python3.12/site-packages/dask_jobqueue/core.py:285: FutureWarning: env_extra has been renamed to job_script_prologue. You are still using it (even if only set to []; please also check config files). If you did not set job_script_prologue yet, env_extra will be respected for now, but it will be removed in a future release. If you already set job_script_prologue, env_extra is ignored and you can remove it.
  warnings.warn(warn, FutureWarning)
/data/homezvol0/mattt2/y/envs/n-vdw-split/lib/python3.12/site-packages/dask_jobqueue/slurm.py:55: FutureWarning: project has been renamed to account as this kwarg was used wit -A option. You are still using it (please also check config files). If you did not set account yet, project will be respected for now, but it will be removed in a future release. If you already set account, project is ignored and you can remove it.
  warnings.warn(warn, FutureWarning)
/data/homezvol0/mattt2/y/envs/n-vdw-split/lib/python3.12/site-packages/dask_jobqueue/core.py:285: FutureWarning: env_extra has been renamed to job_script_prologue. You are still using it (even if only set to []; please also check config files). If you did not set job_script_prologue yet, env_extra will be respected for now, but it will be removed in a future release. If you already set job_script_prologue, env_extra is ignored and you can remove it.
  warnings.warn(warn, FutureWarning)
/data/homezvol0/mattt2/y/envs/n-vdw-split/lib/python3.12/site-packages/dask_jobqueue/slurm.py:55: FutureWarning: project has been renamed to account as this kwarg was used wit -A option. You are still using it (please also check config files). If you did not set account yet, project will be respected for now, but it will be removed in a future release. If you already set account, project is ignored and you can remove it.
  warnings.warn(warn, FutureWarning)
/data/homezvol0/mattt2/y/envs/n-vdw-split/lib/python3.12/site-packages/dask_jobqueue/core.py:285: FutureWarning: env_extra has been renamed to job_script_prologue. You are still using it (even if only set to []; please also check config files). If you did not set job_script_prologue yet, env_extra will be respected for now, but it will be removed in a future release. If you already set job_script_prologue, env_extra is ignored and you can remove it.
  warnings.warn(warn, FutureWarning)
/data/homezvol0/mattt2/y/envs/n-vdw-split/lib/python3.12/site-packages/dask_jobqueue/slurm.py:55: FutureWarning: project has been renamed to account as this kwarg was used wit -A option. You are still using it (please also check config files). If you did not set account yet, project will be respected for now, but it will be removed in a future release. If you already set account, project is ignored and you can remove it.
  warnings.warn(warn, FutureWarning)
/data/homezvol0/mattt2/y/envs/n-vdw-split/lib/python3.12/site-packages/dask_jobqueue/core.py:285: FutureWarning: env_extra has been renamed to job_script_prologue. You are still using it (even if only set to []; please also check config files). If you did not set job_script_prologue yet, env_extra will be respected for now, but it will be removed in a future release. If you already set job_script_prologue, env_extra is ignored and you can remove it.
  warnings.warn(warn, FutureWarning)
/data/homezvol0/mattt2/y/envs/n-vdw-split/lib/python3.12/site-packages/dask_jobqueue/slurm.py:55: FutureWarning: project has been renamed to account as this kwarg was used wit -A option. You are still using it (please also check config files). If you did not set account yet, project will be respected for now, but it will be removed in a future release. If you already set account, project is ignored and you can remove it.
  warnings.warn(warn, FutureWarning)
/data/homezvol0/mattt2/y/envs/n-vdw-split/lib/python3.12/site-packages/dask_jobqueue/core.py:285: FutureWarning: env_extra has been renamed to job_script_prologue. You are still using it (even if only set to []; please also check config files). If you did not set job_script_prologue yet, env_extra will be respected for now, but it will be removed in a future release. If you already set job_script_prologue, env_extra is ignored and you can remove it.
  warnings.warn(warn, FutureWarning)
/data/homezvol0/mattt2/y/envs/n-vdw-split/lib/python3.12/site-packages/dask_jobqueue/slurm.py:55: FutureWarning: project has been renamed to account as this kwarg was used wit -A option. You are still using it (please also check config files). If you did not set account yet, project will be respected for now, but it will be removed in a future release. If you already set account, project is ignored and you can remove it.
  warnings.warn(warn, FutureWarning)
/data/homezvol0/mattt2/y/envs/n-vdw-split/lib/python3.12/site-packages/dask_jobqueue/core.py:285: FutureWarning: env_extra has been renamed to job_script_prologue. You are still using it (even if only set to []; please also check config files). If you did not set job_script_prologue yet, env_extra will be respected for now, but it will be removed in a future release. If you already set job_script_prologue, env_extra is ignored and you can remove it.
  warnings.warn(warn, FutureWarning)
/data/homezvol0/mattt2/y/envs/n-vdw-split/lib/python3.12/site-packages/dask_jobqueue/slurm.py:55: FutureWarning: project has been renamed to account as this kwarg was used wit -A option. You are still using it (please also check config files). If you did not set account yet, project will be respected for now, but it will be removed in a future release. If you already set account, project is ignored and you can remove it.
  warnings.warn(warn, FutureWarning)
/data/homezvol0/mattt2/y/envs/n-vdw-split/lib/python3.12/site-packages/dask_jobqueue/core.py:285: FutureWarning: env_extra has been renamed to job_script_prologue. You are still using it (even if only set to []; please also check config files). If you did not set job_script_prologue yet, env_extra will be respected for now, but it will be removed in a future release. If you already set job_script_prologue, env_extra is ignored and you can remove it.
  warnings.warn(warn, FutureWarning)
/data/homezvol0/mattt2/y/envs/n-vdw-split/lib/python3.12/site-packages/dask_jobqueue/slurm.py:55: FutureWarning: project has been renamed to account as this kwarg was used wit -A option. You are still using it (please also check config files). If you did not set account yet, project will be respected for now, but it will be removed in a future release. If you already set account, project is ignored and you can remove it.
  warnings.warn(warn, FutureWarning)
/data/homezvol0/mattt2/y/envs/n-vdw-split/lib/python3.12/site-packages/dask_jobqueue/core.py:285: FutureWarning: env_extra has been renamed to job_script_prologue. You are still using it (even if only set to []; please also check config files). If you did not set job_script_prologue yet, env_extra will be respected for now, but it will be removed in a future release. If you already set job_script_prologue, env_extra is ignored and you can remove it.
  warnings.warn(warn, FutureWarning)
/data/homezvol0/mattt2/y/envs/n-vdw-split/lib/python3.12/site-packages/dask_jobqueue/slurm.py:55: FutureWarning: project has been renamed to account as this kwarg was used wit -A option. You are still using it (please also check config files). If you did not set account yet, project will be respected for now, but it will be removed in a future release. If you already set account, project is ignored and you can remove it.
  warnings.warn(warn, FutureWarning)
/data/homezvol0/mattt2/y/envs/n-vdw-split/lib/python3.12/site-packages/dask_jobqueue/core.py:285: FutureWarning: env_extra has been renamed to job_script_prologue. You are still using it (even if only set to []; please also check config files). If you did not set job_script_prologue yet, env_extra will be respected for now, but it will be removed in a future release. If you already set job_script_prologue, env_extra is ignored and you can remove it.
  warnings.warn(warn, FutureWarning)
/data/homezvol0/mattt2/y/envs/n-vdw-split/lib/python3.12/site-packages/dask_jobqueue/slurm.py:55: FutureWarning: project has been renamed to account as this kwarg was used wit -A option. You are still using it (please also check config files). If you did not set account yet, project will be respected for now, but it will be removed in a future release. If you already set account, project is ignored and you can remove it.
  warnings.warn(warn, FutureWarning)
/data/homezvol0/mattt2/y/envs/n-vdw-split/lib/python3.12/site-packages/dask_jobqueue/core.py:285: FutureWarning: env_extra has been renamed to job_script_prologue. You are still using it (even if only set to []; please also check config files). If you did not set job_script_prologue yet, env_extra will be respected for now, but it will be removed in a future release. If you already set job_script_prologue, env_extra is ignored and you can remove it.
  warnings.warn(warn, FutureWarning)
/data/homezvol0/mattt2/y/envs/n-vdw-split/lib/python3.12/site-packages/dask_jobqueue/slurm.py:55: FutureWarning: project has been renamed to account as this kwarg was used wit -A option. You are still using it (please also check config files). If you did not set account yet, project will be respected for now, but it will be removed in a future release. If you already set account, project is ignored and you can remove it.
  warnings.warn(warn, FutureWarning)
/data/homezvol0/mattt2/y/envs/n-vdw-split/lib/python3.12/site-packages/dask_jobqueue/core.py:285: FutureWarning: env_extra has been renamed to job_script_prologue. You are still using it (even if only set to []; please also check config files). If you did not set job_script_prologue yet, env_extra will be respected for now, but it will be removed in a future release. If you already set job_script_prologue, env_extra is ignored and you can remove it.
  warnings.warn(warn, FutureWarning)
/data/homezvol0/mattt2/y/envs/n-vdw-split/lib/python3.12/site-packages/dask_jobqueue/slurm.py:55: FutureWarning: project has been renamed to account as this kwarg was used wit -A option. You are still using it (please also check config files). If you did not set account yet, project will be respected for now, but it will be removed in a future release. If you already set account, project is ignored and you can remove it.
  warnings.warn(warn, FutureWarning)
2025-09-12 11:39:19 INFO     Finished server request 954627b1b03347f98eca7337b0e609a8
/data/homezvol0/mattt2/y/envs/n-vdw-split/lib/python3.12/site-packages/dask_jobqueue/core.py:285: FutureWarning: env_extra has been renamed to job_script_prologue. You are still using it (even if only set to []; please also check config files). If you did not set job_script_prologue yet, env_extra will be respected for now, but it will be removed in a future release. If you already set job_script_prologue, env_extra is ignored and you can remove it.
  warnings.warn(warn, FutureWarning)
/data/homezvol0/mattt2/y/envs/n-vdw-split/lib/python3.12/site-packages/dask_jobqueue/slurm.py:55: FutureWarning: project has been renamed to account as this kwarg was used wit -A option. You are still using it (please also check config files). If you did not set account yet, project will be respected for now, but it will be removed in a future release. If you already set account, project is ignored and you can remove it.
  warnings.warn(warn, FutureWarning)
/data/homezvol0/mattt2/y/envs/n-vdw-split/lib/python3.12/site-packages/dask_jobqueue/core.py:285: FutureWarning: env_extra has been renamed to job_script_prologue. You are still using it (even if only set to []; please also check config files). If you did not set job_script_prologue yet, env_extra will be respected for now, but it will be removed in a future release. If you already set job_script_prologue, env_extra is ignored and you can remove it.
  warnings.warn(warn, FutureWarning)
/data/homezvol0/mattt2/y/envs/n-vdw-split/lib/python3.12/site-packages/dask_jobqueue/slurm.py:55: FutureWarning: project has been renamed to account as this kwarg was used wit -A option. You are still using it (please also check config files). If you did not set account yet, project will be respected for now, but it will be removed in a future release. If you already set account, project is ignored and you can remove it.
  warnings.warn(warn, FutureWarning)
2025-09-12 11:45:42 INFO     Finished server request f1b85a2ad86849348cdd89a5a54e062e
/data/homezvol0/mattt2/y/envs/n-vdw-split/lib/python3.12/site-packages/dask_jobqueue/core.py:285: FutureWarning: env_extra has been renamed to job_script_prologue. You are still using it (even if only set to []; please also check config files). If you did not set job_script_prologue yet, env_extra will be respected for now, but it will be removed in a future release. If you already set job_script_prologue, env_extra is ignored and you can remove it.
  warnings.warn(warn, FutureWarning)
/data/homezvol0/mattt2/y/envs/n-vdw-split/lib/python3.12/site-packages/dask_jobqueue/slurm.py:55: FutureWarning: project has been renamed to account as this kwarg was used wit -A option. You are still using it (please also check config files). If you did not set account yet, project will be respected for now, but it will be removed in a future release. If you already set account, project is ignored and you can remove it.
  warnings.warn(warn, FutureWarning)
/data/homezvol0/mattt2/y/envs/n-vdw-split/lib/python3.12/site-packages/dask_jobqueue/core.py:285: FutureWarning: env_extra has been renamed to job_script_prologue. You are still using it (even if only set to []; please also check config files). If you did not set job_script_prologue yet, env_extra will be respected for now, but it will be removed in a future release. If you already set job_script_prologue, env_extra is ignored and you can remove it.
  warnings.warn(warn, FutureWarning)
/data/homezvol0/mattt2/y/envs/n-vdw-split/lib/python3.12/site-packages/dask_jobqueue/slurm.py:55: FutureWarning: project has been renamed to account as this kwarg was used wit -A option. You are still using it (please also check config files). If you did not set account yet, project will be respected for now, but it will be removed in a future release. If you already set account, project is ignored and you can remove it.
  warnings.warn(warn, FutureWarning)
2025-09-12 13:53:37 INFO     Finished server request d1077de30b9944d0afd17cd5531aab53
2025-09-12 13:57:47 INFO     Received estimation request from ('127.0.0.1', 41446)
2025-09-12 13:57:49 INFO     Submission 010d695dec714107b315eeb5220e92a1 received
2025-09-12 13:57:49 INFO     Launching batch eb79bb297fe64f91a1c0a35c3f472991 using the PreequilibratedSimulationLayer layer
2025-09-12 13:57:49 INFO     Building workflow 0 of 48
2025-09-12 13:57:52 INFO     Building workflow 1 of 48
2025-09-12 13:57:55 INFO     Building workflow 2 of 48
2025-09-12 13:57:56 INFO     Building workflow 3 of 48
2025-09-12 13:57:58 INFO     Building workflow 4 of 48
2025-09-12 13:58:00 INFO     Building workflow 5 of 48
2025-09-12 13:58:02 INFO     Building workflow 6 of 48
2025-09-12 13:58:05 INFO     Building workflow 7 of 48
2025-09-12 13:58:07 INFO     Building workflow 8 of 48
2025-09-12 13:58:09 INFO     Building workflow 9 of 48
2025-09-12 13:58:12 INFO     Building workflow 10 of 48
2025-09-12 13:58:13 INFO     Building workflow 11 of 48
2025-09-12 13:58:15 INFO     Building workflow 12 of 48
2025-09-12 13:58:17 INFO     Building workflow 13 of 48
2025-09-12 13:58:20 INFO     Building workflow 14 of 48
2025-09-12 13:58:22 INFO     Building workflow 15 of 48
2025-09-12 13:58:25 INFO     Building workflow 16 of 48
2025-09-12 13:58:26 INFO     Building workflow 17 of 48
2025-09-12 13:58:28 INFO     Building workflow 18 of 48
2025-09-12 13:58:29 INFO     Building workflow 19 of 48
2025-09-12 13:58:31 INFO     Building workflow 20 of 48
2025-09-12 13:58:34 INFO     Building workflow 21 of 48
2025-09-12 13:58:36 INFO     Building workflow 22 of 48
2025-09-12 13:58:39 INFO     Building workflow 23 of 48
2025-09-12 13:58:41 INFO     Building workflow 24 of 48
2025-09-12 13:58:43 INFO     Building workflow 25 of 48
2025-09-12 13:58:46 INFO     Building workflow 26 of 48
2025-09-12 13:58:49 INFO     Building workflow 27 of 48
2025-09-12 13:58:50 INFO     Building workflow 28 of 48
2025-09-12 13:58:53 INFO     Building workflow 29 of 48
2025-09-12 13:58:55 INFO     Building workflow 30 of 48
2025-09-12 13:58:57 INFO     Building workflow 31 of 48
2025-09-12 13:58:59 INFO     Building workflow 32 of 48
2025-09-12 13:59:02 INFO     Building workflow 33 of 48
2025-09-12 13:59:05 INFO     Building workflow 34 of 48
2025-09-12 13:59:06 INFO     Building workflow 35 of 48
2025-09-12 13:59:08 INFO     Building workflow 36 of 48
2025-09-12 13:59:09 INFO     Building workflow 37 of 48
2025-09-12 13:59:12 INFO     Building workflow 38 of 48
2025-09-12 13:59:15 INFO     Building workflow 39 of 48
2025-09-12 13:59:18 INFO     Building workflow 40 of 48
2025-09-12 13:59:19 INFO     Building workflow 41 of 48
2025-09-12 13:59:21 INFO     Building workflow 42 of 48
2025-09-12 13:59:22 INFO     Building workflow 43 of 48
2025-09-12 13:59:24 INFO     Building workflow 44 of 48
2025-09-12 13:59:27 INFO     Building workflow 45 of 48
2025-09-12 13:59:29 INFO     Building workflow 46 of 48
2025-09-12 13:59:32 INFO     Building workflow 47 of 48
/data/homezvol0/mattt2/y/envs/n-vdw-split/lib/python3.12/site-packages/dask_jobqueue/core.py:285: FutureWarning: env_extra has been renamed to job_script_prologue. You are still using it (even if only set to []; please also check config files). If you did not set job_script_prologue yet, env_extra will be respected for now, but it will be removed in a future release. If you already set job_script_prologue, env_extra is ignored and you can remove it.
  warnings.warn(warn, FutureWarning)
/data/homezvol0/mattt2/y/envs/n-vdw-split/lib/python3.12/site-packages/dask_jobqueue/slurm.py:55: FutureWarning: project has been renamed to account as this kwarg was used wit -A option. You are still using it (please also check config files). If you did not set account yet, project will be respected for now, but it will be removed in a future release. If you already set account, project is ignored and you can remove it.
  warnings.warn(warn, FutureWarning)
2025-09-12 13:59:39 INFO     Launching batch 9e2afa30f5994760a4f0e92ec2c9f9d8 using the PreequilibratedSimulationLayer layer
2025-09-12 13:59:39 INFO     Building workflow 0 of 48
2025-09-12 13:59:41 INFO     Building workflow 1 of 48
2025-09-12 13:59:43 INFO     Building workflow 2 of 48
2025-09-12 13:59:45 INFO     Building workflow 3 of 48
2025-09-12 13:59:47 INFO     Building workflow 4 of 48
2025-09-12 13:59:50 INFO     Building workflow 5 of 48
2025-09-12 13:59:53 INFO     Building workflow 6 of 48
2025-09-12 13:59:54 INFO     Building workflow 7 of 48
2025-09-12 13:59:56 INFO     Building workflow 8 of 48
2025-09-12 13:59:58 INFO     Building workflow 9 of 48
2025-09-12 14:00:01 INFO     Building workflow 10 of 48
2025-09-12 14:00:03 INFO     Building workflow 11 of 48
2025-09-12 14:00:06 INFO     Building workflow 12 of 48
2025-09-12 14:00:08 INFO     Building workflow 13 of 48
2025-09-12 14:00:11 INFO     Building workflow 14 of 48
2025-09-12 14:00:13 INFO     Building workflow 15 of 48
2025-09-12 14:00:14 INFO     Building workflow 16 of 48
2025-09-12 14:00:17 INFO     Building workflow 17 of 48
2025-09-12 14:00:19 INFO     Building workflow 18 of 48
2025-09-12 14:00:21 INFO     Building workflow 19 of 48
2025-09-12 14:00:23 INFO     Building workflow 20 of 48
2025-09-12 14:00:26 INFO     Building workflow 21 of 48
2025-09-12 14:00:28 INFO     Building workflow 22 of 48
2025-09-12 14:00:31 INFO     Building workflow 23 of 48
2025-09-12 14:00:32 INFO     Building workflow 24 of 48
2025-09-12 14:00:35 INFO     Building workflow 25 of 48
2025-09-12 14:00:38 INFO     Building workflow 26 of 48
2025-09-12 14:00:39 INFO     Building workflow 27 of 48
2025-09-12 14:00:41 INFO     Building workflow 28 of 48
2025-09-12 14:00:44 INFO     Building workflow 29 of 48
2025-09-12 14:00:45 INFO     Building workflow 30 of 48
2025-09-12 14:00:48 INFO     Building workflow 31 of 48
2025-09-12 14:00:51 INFO     Building workflow 32 of 48
2025-09-12 14:00:54 INFO     Building workflow 33 of 48
2025-09-12 14:00:55 INFO     Building workflow 34 of 48
2025-09-12 14:00:57 INFO     Building workflow 35 of 48
2025-09-12 14:00:58 INFO     Building workflow 36 of 48
2025-09-12 14:01:00 INFO     Building workflow 37 of 48
2025-09-12 14:01:01 INFO     Building workflow 38 of 48
2025-09-12 14:01:04 INFO     Building workflow 39 of 48
2025-09-12 14:01:06 INFO     Building workflow 40 of 48
2025-09-12 14:01:09 INFO     Building workflow 41 of 48
2025-09-12 14:01:12 INFO     Building workflow 42 of 48
2025-09-12 14:01:14 INFO     Building workflow 43 of 48
2025-09-12 14:01:17 INFO     Building workflow 44 of 48
2025-09-12 14:01:19 INFO     Building workflow 45 of 48
2025-09-12 14:01:20 INFO     Building workflow 46 of 48
2025-09-12 14:01:23 INFO     Building workflow 47 of 48
2025-09-12 14:01:32 INFO     Launching batch ad4aa6baef924921bf5678611869f2a9 using the PreequilibratedSimulationLayer layer
2025-09-12 14:01:32 INFO     Building workflow 0 of 24
2025-09-12 14:01:36 INFO     Building workflow 1 of 24
2025-09-12 14:01:37 INFO     Building workflow 2 of 24
2025-09-12 14:01:39 INFO     Building workflow 3 of 24
2025-09-12 14:01:42 INFO     Building workflow 4 of 24
2025-09-12 14:01:45 INFO     Building workflow 5 of 24
2025-09-12 14:01:46 INFO     Building workflow 6 of 24
2025-09-12 14:01:48 INFO     Building workflow 7 of 24
2025-09-12 14:01:49 INFO     Building workflow 8 of 24
2025-09-12 14:01:52 INFO     Building workflow 9 of 24
2025-09-12 14:01:55 INFO     Building workflow 10 of 24
2025-09-12 14:01:58 INFO     Building workflow 11 of 24
2025-09-12 14:01:59 INFO     Building workflow 12 of 24
2025-09-12 14:02:01 INFO     Building workflow 13 of 24
2025-09-12 14:02:04 INFO     Building workflow 14 of 24
2025-09-12 14:02:05 INFO     Building workflow 15 of 24
2025-09-12 14:02:08 INFO     Building workflow 16 of 24
2025-09-12 14:02:10 INFO     Building workflow 17 of 24
2025-09-12 14:02:13 INFO     Building workflow 18 of 24
2025-09-12 14:02:16 INFO     Building workflow 19 of 24
2025-09-12 14:02:18 INFO     Building workflow 20 of 24
2025-09-12 14:02:21 INFO     Building workflow 21 of 24
2025-09-12 14:02:23 INFO     Building workflow 22 of 24
2025-09-12 14:02:24 INFO     Building workflow 23 of 24
/data/homezvol0/mattt2/y/envs/n-vdw-split/lib/python3.12/site-packages/dask_jobqueue/core.py:285: FutureWarning: env_extra has been renamed to job_script_prologue. You are still using it (even if only set to []; please also check config files). If you did not set job_script_prologue yet, env_extra will be respected for now, but it will be removed in a future release. If you already set job_script_prologue, env_extra is ignored and you can remove it.
  warnings.warn(warn, FutureWarning)
/data/homezvol0/mattt2/y/envs/n-vdw-split/lib/python3.12/site-packages/dask_jobqueue/slurm.py:55: FutureWarning: project has been renamed to account as this kwarg was used wit -A option. You are still using it (please also check config files). If you did not set account yet, project will be respected for now, but it will be removed in a future release. If you already set account, project is ignored and you can remove it.
  warnings.warn(warn, FutureWarning)
/data/homezvol0/mattt2/y/envs/n-vdw-split/lib/python3.12/site-packages/dask_jobqueue/core.py:285: FutureWarning: env_extra has been renamed to job_script_prologue. You are still using it (even if only set to []; please also check config files). If you did not set job_script_prologue yet, env_extra will be respected for now, but it will be removed in a future release. If you already set job_script_prologue, env_extra is ignored and you can remove it.
  warnings.warn(warn, FutureWarning)
/data/homezvol0/mattt2/y/envs/n-vdw-split/lib/python3.12/site-packages/dask_jobqueue/slurm.py:55: FutureWarning: project has been renamed to account as this kwarg was used wit -A option. You are still using it (please also check config files). If you did not set account yet, project will be respected for now, but it will be removed in a future release. If you already set account, project is ignored and you can remove it.
  warnings.warn(warn, FutureWarning)
/data/homezvol0/mattt2/y/envs/n-vdw-split/lib/python3.12/site-packages/dask_jobqueue/core.py:285: FutureWarning: env_extra has been renamed to job_script_prologue. You are still using it (even if only set to []; please also check config files). If you did not set job_script_prologue yet, env_extra will be respected for now, but it will be removed in a future release. If you already set job_script_prologue, env_extra is ignored and you can remove it.
  warnings.warn(warn, FutureWarning)
/data/homezvol0/mattt2/y/envs/n-vdw-split/lib/python3.12/site-packages/dask_jobqueue/slurm.py:55: FutureWarning: project has been renamed to account as this kwarg was used wit -A option. You are still using it (please also check config files). If you did not set account yet, project will be respected for now, but it will be removed in a future release. If you already set account, project is ignored and you can remove it.
  warnings.warn(warn, FutureWarning)
/data/homezvol0/mattt2/y/envs/n-vdw-split/lib/python3.12/site-packages/dask_jobqueue/core.py:285: FutureWarning: env_extra has been renamed to job_script_prologue. You are still using it (even if only set to []; please also check config files). If you did not set job_script_prologue yet, env_extra will be respected for now, but it will be removed in a future release. If you already set job_script_prologue, env_extra is ignored and you can remove it.
  warnings.warn(warn, FutureWarning)
/data/homezvol0/mattt2/y/envs/n-vdw-split/lib/python3.12/site-packages/dask_jobqueue/slurm.py:55: FutureWarning: project has been renamed to account as this kwarg was used wit -A option. You are still using it (please also check config files). If you did not set account yet, project will be respected for now, but it will be removed in a future release. If you already set account, project is ignored and you can remove it.
  warnings.warn(warn, FutureWarning)
/data/homezvol0/mattt2/y/envs/n-vdw-split/lib/python3.12/site-packages/dask_jobqueue/core.py:285: FutureWarning: env_extra has been renamed to job_script_prologue. You are still using it (even if only set to []; please also check config files). If you did not set job_script_prologue yet, env_extra will be respected for now, but it will be removed in a future release. If you already set job_script_prologue, env_extra is ignored and you can remove it.
  warnings.warn(warn, FutureWarning)
/data/homezvol0/mattt2/y/envs/n-vdw-split/lib/python3.12/site-packages/dask_jobqueue/slurm.py:55: FutureWarning: project has been renamed to account as this kwarg was used wit -A option. You are still using it (please also check config files). If you did not set account yet, project will be respected for now, but it will be removed in a future release. If you already set account, project is ignored and you can remove it.
  warnings.warn(warn, FutureWarning)
/data/homezvol0/mattt2/y/envs/n-vdw-split/lib/python3.12/site-packages/dask_jobqueue/core.py:285: FutureWarning: env_extra has been renamed to job_script_prologue. You are still using it (even if only set to []; please also check config files). If you did not set job_script_prologue yet, env_extra will be respected for now, but it will be removed in a future release. If you already set job_script_prologue, env_extra is ignored and you can remove it.
  warnings.warn(warn, FutureWarning)
/data/homezvol0/mattt2/y/envs/n-vdw-split/lib/python3.12/site-packages/dask_jobqueue/slurm.py:55: FutureWarning: project has been renamed to account as this kwarg was used wit -A option. You are still using it (please also check config files). If you did not set account yet, project will be respected for now, but it will be removed in a future release. If you already set account, project is ignored and you can remove it.
  warnings.warn(warn, FutureWarning)
/data/homezvol0/mattt2/y/envs/n-vdw-split/lib/python3.12/site-packages/dask_jobqueue/core.py:285: FutureWarning: env_extra has been renamed to job_script_prologue. You are still using it (even if only set to []; please also check config files). If you did not set job_script_prologue yet, env_extra will be respected for now, but it will be removed in a future release. If you already set job_script_prologue, env_extra is ignored and you can remove it.
  warnings.warn(warn, FutureWarning)
/data/homezvol0/mattt2/y/envs/n-vdw-split/lib/python3.12/site-packages/dask_jobqueue/slurm.py:55: FutureWarning: project has been renamed to account as this kwarg was used wit -A option. You are still using it (please also check config files). If you did not set account yet, project will be respected for now, but it will be removed in a future release. If you already set account, project is ignored and you can remove it.
  warnings.warn(warn, FutureWarning)
/data/homezvol0/mattt2/y/envs/n-vdw-split/lib/python3.12/site-packages/dask_jobqueue/core.py:285: FutureWarning: env_extra has been renamed to job_script_prologue. You are still using it (even if only set to []; please also check config files). If you did not set job_script_prologue yet, env_extra will be respected for now, but it will be removed in a future release. If you already set job_script_prologue, env_extra is ignored and you can remove it.
  warnings.warn(warn, FutureWarning)
/data/homezvol0/mattt2/y/envs/n-vdw-split/lib/python3.12/site-packages/dask_jobqueue/slurm.py:55: FutureWarning: project has been renamed to account as this kwarg was used wit -A option. You are still using it (please also check config files). If you did not set account yet, project will be respected for now, but it will be removed in a future release. If you already set account, project is ignored and you can remove it.
  warnings.warn(warn, FutureWarning)
/data/homezvol0/mattt2/y/envs/n-vdw-split/lib/python3.12/site-packages/dask_jobqueue/core.py:285: FutureWarning: env_extra has been renamed to job_script_prologue. You are still using it (even if only set to []; please also check config files). If you did not set job_script_prologue yet, env_extra will be respected for now, but it will be removed in a future release. If you already set job_script_prologue, env_extra is ignored and you can remove it.
  warnings.warn(warn, FutureWarning)
/data/homezvol0/mattt2/y/envs/n-vdw-split/lib/python3.12/site-packages/dask_jobqueue/slurm.py:55: FutureWarning: project has been renamed to account as this kwarg was used wit -A option. You are still using it (please also check config files). If you did not set account yet, project will be respected for now, but it will be removed in a future release. If you already set account, project is ignored and you can remove it.
  warnings.warn(warn, FutureWarning)
/data/homezvol0/mattt2/y/envs/n-vdw-split/lib/python3.12/site-packages/dask_jobqueue/core.py:285: FutureWarning: env_extra has been renamed to job_script_prologue. You are still using it (even if only set to []; please also check config files). If you did not set job_script_prologue yet, env_extra will be respected for now, but it will be removed in a future release. If you already set job_script_prologue, env_extra is ignored and you can remove it.
  warnings.warn(warn, FutureWarning)
/data/homezvol0/mattt2/y/envs/n-vdw-split/lib/python3.12/site-packages/dask_jobqueue/slurm.py:55: FutureWarning: project has been renamed to account as this kwarg was used wit -A option. You are still using it (please also check config files). If you did not set account yet, project will be respected for now, but it will be removed in a future release. If you already set account, project is ignored and you can remove it.
  warnings.warn(warn, FutureWarning)
2025-09-12 16:12:19 INFO     Finished server request ad4aa6baef924921bf5678611869f2a9
/data/homezvol0/mattt2/y/envs/n-vdw-split/lib/python3.12/site-packages/dask_jobqueue/core.py:285: FutureWarning: env_extra has been renamed to job_script_prologue. You are still using it (even if only set to []; please also check config files). If you did not set job_script_prologue yet, env_extra will be respected for now, but it will be removed in a future release. If you already set job_script_prologue, env_extra is ignored and you can remove it.
  warnings.warn(warn, FutureWarning)
/data/homezvol0/mattt2/y/envs/n-vdw-split/lib/python3.12/site-packages/dask_jobqueue/slurm.py:55: FutureWarning: project has been renamed to account as this kwarg was used wit -A option. You are still using it (please also check config files). If you did not set account yet, project will be respected for now, but it will be removed in a future release. If you already set account, project is ignored and you can remove it.
  warnings.warn(warn, FutureWarning)
/data/homezvol0/mattt2/y/envs/n-vdw-split/lib/python3.12/site-packages/dask_jobqueue/core.py:285: FutureWarning: env_extra has been renamed to job_script_prologue. You are still using it (even if only set to []; please also check config files). If you did not set job_script_prologue yet, env_extra will be respected for now, but it will be removed in a future release. If you already set job_script_prologue, env_extra is ignored and you can remove it.
  warnings.warn(warn, FutureWarning)
/data/homezvol0/mattt2/y/envs/n-vdw-split/lib/python3.12/site-packages/dask_jobqueue/slurm.py:55: FutureWarning: project has been renamed to account as this kwarg was used wit -A option. You are still using it (please also check config files). If you did not set account yet, project will be respected for now, but it will be removed in a future release. If you already set account, project is ignored and you can remove it.
  warnings.warn(warn, FutureWarning)
/data/homezvol0/mattt2/y/envs/n-vdw-split/lib/python3.12/site-packages/dask_jobqueue/core.py:285: FutureWarning: env_extra has been renamed to job_script_prologue. You are still using it (even if only set to []; please also check config files). If you did not set job_script_prologue yet, env_extra will be respected for now, but it will be removed in a future release. If you already set job_script_prologue, env_extra is ignored and you can remove it.
  warnings.warn(warn, FutureWarning)
/data/homezvol0/mattt2/y/envs/n-vdw-split/lib/python3.12/site-packages/dask_jobqueue/slurm.py:55: FutureWarning: project has been renamed to account as this kwarg was used wit -A option. You are still using it (please also check config files). If you did not set account yet, project will be respected for now, but it will be removed in a future release. If you already set account, project is ignored and you can remove it.
  warnings.warn(warn, FutureWarning)
2025-09-12 16:31:08 INFO     Finished server request 9e2afa30f5994760a4f0e92ec2c9f9d8
/data/homezvol0/mattt2/y/envs/n-vdw-split/lib/python3.12/site-packages/dask_jobqueue/core.py:285: FutureWarning: env_extra has been renamed to job_script_prologue. You are still using it (even if only set to []; please also check config files). If you did not set job_script_prologue yet, env_extra will be respected for now, but it will be removed in a future release. If you already set job_script_prologue, env_extra is ignored and you can remove it.
  warnings.warn(warn, FutureWarning)
/data/homezvol0/mattt2/y/envs/n-vdw-split/lib/python3.12/site-packages/dask_jobqueue/slurm.py:55: FutureWarning: project has been renamed to account as this kwarg was used wit -A option. You are still using it (please also check config files). If you did not set account yet, project will be respected for now, but it will be removed in a future release. If you already set account, project is ignored and you can remove it.
  warnings.warn(warn, FutureWarning)
/data/homezvol0/mattt2/y/envs/n-vdw-split/lib/python3.12/site-packages/dask_jobqueue/core.py:285: FutureWarning: env_extra has been renamed to job_script_prologue. You are still using it (even if only set to []; please also check config files). If you did not set job_script_prologue yet, env_extra will be respected for now, but it will be removed in a future release. If you already set job_script_prologue, env_extra is ignored and you can remove it.
  warnings.warn(warn, FutureWarning)
/data/homezvol0/mattt2/y/envs/n-vdw-split/lib/python3.12/site-packages/dask_jobqueue/slurm.py:55: FutureWarning: project has been renamed to account as this kwarg was used wit -A option. You are still using it (please also check config files). If you did not set account yet, project will be respected for now, but it will be removed in a future release. If you already set account, project is ignored and you can remove it.
  warnings.warn(warn, FutureWarning)
2025-09-12 17:06:51 INFO     Finished server request eb79bb297fe64f91a1c0a35c3f472991
2025-09-12 17:08:25 INFO     Received estimation request from ('127.0.0.1', 59332)
2025-09-12 17:08:27 INFO     Submission 2afdf4d0cddd4e5ab79371264fb1a0ec received
2025-09-12 17:08:27 INFO     Launching batch b3f42789d78447fbab45d70c7656cefb using the PreequilibratedSimulationLayer layer
2025-09-12 17:08:27 INFO     Building workflow 0 of 48
2025-09-12 17:08:30 INFO     Building workflow 1 of 48
2025-09-12 17:08:33 INFO     Building workflow 2 of 48
2025-09-12 17:08:35 INFO     Building workflow 3 of 48
2025-09-12 17:08:37 INFO     Building workflow 4 of 48
2025-09-12 17:08:40 INFO     Building workflow 5 of 48
2025-09-12 17:08:41 INFO     Building workflow 6 of 48
2025-09-12 17:08:44 INFO     Building workflow 7 of 48
2025-09-12 17:08:47 INFO     Building workflow 8 of 48
2025-09-12 17:08:48 INFO     Building workflow 9 of 48
2025-09-12 17:08:51 INFO     Building workflow 10 of 48
2025-09-12 17:08:53 INFO     Building workflow 11 of 48
2025-09-12 17:08:54 INFO     Building workflow 12 of 48
2025-09-12 17:08:57 INFO     Building workflow 13 of 48
2025-09-12 17:09:00 INFO     Building workflow 14 of 48
2025-09-12 17:09:01 INFO     Building workflow 15 of 48
2025-09-12 17:09:04 INFO     Building workflow 16 of 48
2025-09-12 17:09:06 INFO     Building workflow 17 of 48
2025-09-12 17:09:07 INFO     Building workflow 18 of 48
2025-09-12 17:09:09 INFO     Building workflow 19 of 48
2025-09-12 17:09:11 INFO     Building workflow 20 of 48
2025-09-12 17:09:14 INFO     Building workflow 21 of 48
2025-09-12 17:09:15 INFO     Building workflow 22 of 48
2025-09-12 17:09:18 INFO     Building workflow 23 of 48
2025-09-12 17:09:21 INFO     Building workflow 24 of 48
2025-09-12 17:09:22 INFO     Building workflow 25 of 48
2025-09-12 17:09:25 INFO     Building workflow 26 of 48
2025-09-12 17:09:28 INFO     Building workflow 27 of 48
2025-09-12 17:09:30 INFO     Building workflow 28 of 48
2025-09-12 17:09:33 INFO     Building workflow 29 of 48
2025-09-12 17:09:34 INFO     Building workflow 30 of 48
2025-09-12 17:09:37 INFO     Building workflow 31 of 48
2025-09-12 17:09:39 INFO     Building workflow 32 of 48
2025-09-12 17:09:42 INFO     Building workflow 33 of 48
2025-09-12 17:09:44 INFO     Building workflow 34 of 48
2025-09-12 17:09:46 INFO     Building workflow 35 of 48
2025-09-12 17:09:47 INFO     Building workflow 36 of 48
2025-09-12 17:09:49 INFO     Building workflow 37 of 48
2025-09-12 17:09:52 INFO     Building workflow 38 of 48
2025-09-12 17:09:55 INFO     Building workflow 39 of 48
2025-09-12 17:09:58 INFO     Building workflow 40 of 48
2025-09-12 17:09:59 INFO     Building workflow 41 of 48
2025-09-12 17:10:01 INFO     Building workflow 42 of 48
2025-09-12 17:10:03 INFO     Building workflow 43 of 48
2025-09-12 17:10:04 INFO     Building workflow 44 of 48
2025-09-12 17:10:07 INFO     Building workflow 45 of 48
2025-09-12 17:10:08 INFO     Building workflow 46 of 48
2025-09-12 17:10:11 INFO     Building workflow 47 of 48
/data/homezvol0/mattt2/y/envs/n-vdw-split/lib/python3.12/site-packages/dask_jobqueue/core.py:285: FutureWarning: env_extra has been renamed to job_script_prologue. You are still using it (even if only set to []; please also check config files). If you did not set job_script_prologue yet, env_extra will be respected for now, but it will be removed in a future release. If you already set job_script_prologue, env_extra is ignored and you can remove it.
  warnings.warn(warn, FutureWarning)
/data/homezvol0/mattt2/y/envs/n-vdw-split/lib/python3.12/site-packages/dask_jobqueue/slurm.py:55: FutureWarning: project has been renamed to account as this kwarg was used wit -A option. You are still using it (please also check config files). If you did not set account yet, project will be respected for now, but it will be removed in a future release. If you already set account, project is ignored and you can remove it.
  warnings.warn(warn, FutureWarning)
2025-09-12 17:10:19 INFO     Launching batch 835a0a9fd97945bfb20b26d0aa2e125f using the PreequilibratedSimulationLayer layer
2025-09-12 17:10:19 INFO     Building workflow 0 of 48
2025-09-12 17:10:21 INFO     Building workflow 1 of 48
2025-09-12 17:10:22 INFO     Building workflow 2 of 48
2025-09-12 17:10:25 INFO     Building workflow 3 of 48
2025-09-12 17:10:27 INFO     Building workflow 4 of 48
2025-09-12 17:10:29 INFO     Building workflow 5 of 48
2025-09-12 17:10:33 INFO     Building workflow 6 of 48
2025-09-12 17:10:34 INFO     Building workflow 7 of 48
2025-09-12 17:10:36 INFO     Building workflow 8 of 48
2025-09-12 17:10:38 INFO     Building workflow 9 of 48
2025-09-12 17:10:41 INFO     Building workflow 10 of 48
2025-09-12 17:10:43 INFO     Building workflow 11 of 48
2025-09-12 17:10:46 INFO     Building workflow 12 of 48
2025-09-12 17:10:49 INFO     Building workflow 13 of 48
2025-09-12 17:10:51 INFO     Building workflow 14 of 48
2025-09-12 17:10:53 INFO     Building workflow 15 of 48
2025-09-12 17:10:54 INFO     Building workflow 16 of 48
2025-09-12 17:10:57 INFO     Building workflow 17 of 48
2025-09-12 17:10:59 INFO     Building workflow 18 of 48
2025-09-12 17:11:00 INFO     Building workflow 19 of 48
2025-09-12 17:11:03 INFO     Building workflow 20 of 48
2025-09-12 17:11:06 INFO     Building workflow 21 of 48
2025-09-12 17:11:07 INFO     Building workflow 22 of 48
2025-09-12 17:11:10 INFO     Building workflow 23 of 48
2025-09-12 17:11:12 INFO     Building workflow 24 of 48
2025-09-12 17:11:15 INFO     Building workflow 25 of 48
2025-09-12 17:11:17 INFO     Building workflow 26 of 48
2025-09-12 17:11:19 INFO     Building workflow 27 of 48
2025-09-12 17:11:21 INFO     Building workflow 28 of 48
2025-09-12 17:11:24 INFO     Building workflow 29 of 48
2025-09-12 17:11:25 INFO     Building workflow 30 of 48
2025-09-12 17:11:28 INFO     Building workflow 31 of 48
2025-09-12 17:11:31 INFO     Building workflow 32 of 48
2025-09-12 17:11:34 INFO     Building workflow 33 of 48
2025-09-12 17:11:35 INFO     Building workflow 34 of 48
2025-09-12 17:11:37 INFO     Building workflow 35 of 48
2025-09-12 17:11:39 INFO     Building workflow 36 of 48
2025-09-12 17:11:40 INFO     Building workflow 37 of 48
2025-09-12 17:11:42 INFO     Building workflow 38 of 48
2025-09-12 17:11:44 INFO     Building workflow 39 of 48
2025-09-12 17:11:46 INFO     Building workflow 40 of 48
2025-09-12 17:11:49 INFO     Building workflow 41 of 48
2025-09-12 17:11:52 INFO     Building workflow 42 of 48
2025-09-12 17:11:54 INFO     Building workflow 43 of 48
2025-09-12 17:11:57 INFO     Building workflow 44 of 48
2025-09-12 17:11:59 INFO     Building workflow 45 of 48
2025-09-12 17:12:00 INFO     Building workflow 46 of 48
2025-09-12 17:12:03 INFO     Building workflow 47 of 48
2025-09-12 17:12:12 INFO     Launching batch e20be1b7103142a4bbc89d53efc48946 using the PreequilibratedSimulationLayer layer
2025-09-12 17:12:12 INFO     Building workflow 0 of 24
2025-09-12 17:12:16 INFO     Building workflow 1 of 24
2025-09-12 17:12:17 INFO     Building workflow 2 of 24
2025-09-12 17:12:19 INFO     Building workflow 3 of 24
2025-09-12 17:12:22 INFO     Building workflow 4 of 24
2025-09-12 17:12:25 INFO     Building workflow 5 of 24
2025-09-12 17:12:26 INFO     Building workflow 6 of 24
2025-09-12 17:12:28 INFO     Building workflow 7 of 24
2025-09-12 17:12:29 INFO     Building workflow 8 of 24
2025-09-12 17:12:32 INFO     Building workflow 9 of 24
2025-09-12 17:12:35 INFO     Building workflow 10 of 24
2025-09-12 17:12:37 INFO     Building workflow 11 of 24
2025-09-12 17:12:39 INFO     Building workflow 12 of 24
2025-09-12 17:12:41 INFO     Building workflow 13 of 24
2025-09-12 17:12:43 INFO     Building workflow 14 of 24
2025-09-12 17:12:45 INFO     Building workflow 15 of 24
2025-09-12 17:12:48 INFO     Building workflow 16 of 24
2025-09-12 17:12:49 INFO     Building workflow 17 of 24
2025-09-12 17:12:52 INFO     Building workflow 18 of 24
2025-09-12 17:12:55 INFO     Building workflow 19 of 24
2025-09-12 17:12:58 INFO     Building workflow 20 of 24
2025-09-12 17:13:01 INFO     Building workflow 21 of 24
2025-09-12 17:13:02 INFO     Building workflow 22 of 24
2025-09-12 17:13:04 INFO     Building workflow 23 of 24
/data/homezvol0/mattt2/y/envs/n-vdw-split/lib/python3.12/site-packages/dask_jobqueue/core.py:285: FutureWarning: env_extra has been renamed to job_script_prologue. You are still using it (even if only set to []; please also check config files). If you did not set job_script_prologue yet, env_extra will be respected for now, but it will be removed in a future release. If you already set job_script_prologue, env_extra is ignored and you can remove it.
  warnings.warn(warn, FutureWarning)
/data/homezvol0/mattt2/y/envs/n-vdw-split/lib/python3.12/site-packages/dask_jobqueue/slurm.py:55: FutureWarning: project has been renamed to account as this kwarg was used wit -A option. You are still using it (please also check config files). If you did not set account yet, project will be respected for now, but it will be removed in a future release. If you already set account, project is ignored and you can remove it.
  warnings.warn(warn, FutureWarning)
/data/homezvol0/mattt2/y/envs/n-vdw-split/lib/python3.12/site-packages/dask_jobqueue/core.py:285: FutureWarning: env_extra has been renamed to job_script_prologue. You are still using it (even if only set to []; please also check config files). If you did not set job_script_prologue yet, env_extra will be respected for now, but it will be removed in a future release. If you already set job_script_prologue, env_extra is ignored and you can remove it.
  warnings.warn(warn, FutureWarning)
/data/homezvol0/mattt2/y/envs/n-vdw-split/lib/python3.12/site-packages/dask_jobqueue/slurm.py:55: FutureWarning: project has been renamed to account as this kwarg was used wit -A option. You are still using it (please also check config files). If you did not set account yet, project will be respected for now, but it will be removed in a future release. If you already set account, project is ignored and you can remove it.
  warnings.warn(warn, FutureWarning)
/data/homezvol0/mattt2/y/envs/n-vdw-split/lib/python3.12/site-packages/dask_jobqueue/core.py:285: FutureWarning: env_extra has been renamed to job_script_prologue. You are still using it (even if only set to []; please also check config files). If you did not set job_script_prologue yet, env_extra will be respected for now, but it will be removed in a future release. If you already set job_script_prologue, env_extra is ignored and you can remove it.
  warnings.warn(warn, FutureWarning)
/data/homezvol0/mattt2/y/envs/n-vdw-split/lib/python3.12/site-packages/dask_jobqueue/slurm.py:55: FutureWarning: project has been renamed to account as this kwarg was used wit -A option. You are still using it (please also check config files). If you did not set account yet, project will be respected for now, but it will be removed in a future release. If you already set account, project is ignored and you can remove it.
  warnings.warn(warn, FutureWarning)
/data/homezvol0/mattt2/y/envs/n-vdw-split/lib/python3.12/site-packages/dask_jobqueue/core.py:285: FutureWarning: env_extra has been renamed to job_script_prologue. You are still using it (even if only set to []; please also check config files). If you did not set job_script_prologue yet, env_extra will be respected for now, but it will be removed in a future release. If you already set job_script_prologue, env_extra is ignored and you can remove it.
  warnings.warn(warn, FutureWarning)
/data/homezvol0/mattt2/y/envs/n-vdw-split/lib/python3.12/site-packages/dask_jobqueue/slurm.py:55: FutureWarning: project has been renamed to account as this kwarg was used wit -A option. You are still using it (please also check config files). If you did not set account yet, project will be respected for now, but it will be removed in a future release. If you already set account, project is ignored and you can remove it.
  warnings.warn(warn, FutureWarning)
/data/homezvol0/mattt2/y/envs/n-vdw-split/lib/python3.12/site-packages/dask_jobqueue/core.py:285: FutureWarning: env_extra has been renamed to job_script_prologue. You are still using it (even if only set to []; please also check config files). If you did not set job_script_prologue yet, env_extra will be respected for now, but it will be removed in a future release. If you already set job_script_prologue, env_extra is ignored and you can remove it.
  warnings.warn(warn, FutureWarning)
/data/homezvol0/mattt2/y/envs/n-vdw-split/lib/python3.12/site-packages/dask_jobqueue/slurm.py:55: FutureWarning: project has been renamed to account as this kwarg was used wit -A option. You are still using it (please also check config files). If you did not set account yet, project will be respected for now, but it will be removed in a future release. If you already set account, project is ignored and you can remove it.
  warnings.warn(warn, FutureWarning)
/data/homezvol0/mattt2/y/envs/n-vdw-split/lib/python3.12/site-packages/dask_jobqueue/core.py:285: FutureWarning: env_extra has been renamed to job_script_prologue. You are still using it (even if only set to []; please also check config files). If you did not set job_script_prologue yet, env_extra will be respected for now, but it will be removed in a future release. If you already set job_script_prologue, env_extra is ignored and you can remove it.
  warnings.warn(warn, FutureWarning)
/data/homezvol0/mattt2/y/envs/n-vdw-split/lib/python3.12/site-packages/dask_jobqueue/slurm.py:55: FutureWarning: project has been renamed to account as this kwarg was used wit -A option. You are still using it (please also check config files). If you did not set account yet, project will be respected for now, but it will be removed in a future release. If you already set account, project is ignored and you can remove it.
  warnings.warn(warn, FutureWarning)
/data/homezvol0/mattt2/y/envs/n-vdw-split/lib/python3.12/site-packages/dask_jobqueue/core.py:285: FutureWarning: env_extra has been renamed to job_script_prologue. You are still using it (even if only set to []; please also check config files). If you did not set job_script_prologue yet, env_extra will be respected for now, but it will be removed in a future release. If you already set job_script_prologue, env_extra is ignored and you can remove it.
  warnings.warn(warn, FutureWarning)
/data/homezvol0/mattt2/y/envs/n-vdw-split/lib/python3.12/site-packages/dask_jobqueue/slurm.py:55: FutureWarning: project has been renamed to account as this kwarg was used wit -A option. You are still using it (please also check config files). If you did not set account yet, project will be respected for now, but it will be removed in a future release. If you already set account, project is ignored and you can remove it.
  warnings.warn(warn, FutureWarning)
/data/homezvol0/mattt2/y/envs/n-vdw-split/lib/python3.12/site-packages/dask_jobqueue/core.py:285: FutureWarning: env_extra has been renamed to job_script_prologue. You are still using it (even if only set to []; please also check config files). If you did not set job_script_prologue yet, env_extra will be respected for now, but it will be removed in a future release. If you already set job_script_prologue, env_extra is ignored and you can remove it.
  warnings.warn(warn, FutureWarning)
/data/homezvol0/mattt2/y/envs/n-vdw-split/lib/python3.12/site-packages/dask_jobqueue/slurm.py:55: FutureWarning: project has been renamed to account as this kwarg was used wit -A option. You are still using it (please also check config files). If you did not set account yet, project will be respected for now, but it will be removed in a future release. If you already set account, project is ignored and you can remove it.
  warnings.warn(warn, FutureWarning)
/data/homezvol0/mattt2/y/envs/n-vdw-split/lib/python3.12/site-packages/dask_jobqueue/core.py:285: FutureWarning: env_extra has been renamed to job_script_prologue. You are still using it (even if only set to []; please also check config files). If you did not set job_script_prologue yet, env_extra will be respected for now, but it will be removed in a future release. If you already set job_script_prologue, env_extra is ignored and you can remove it.
  warnings.warn(warn, FutureWarning)
/data/homezvol0/mattt2/y/envs/n-vdw-split/lib/python3.12/site-packages/dask_jobqueue/slurm.py:55: FutureWarning: project has been renamed to account as this kwarg was used wit -A option. You are still using it (please also check config files). If you did not set account yet, project will be respected for now, but it will be removed in a future release. If you already set account, project is ignored and you can remove it.
  warnings.warn(warn, FutureWarning)
/data/homezvol0/mattt2/y/envs/n-vdw-split/lib/python3.12/site-packages/dask_jobqueue/core.py:285: FutureWarning: env_extra has been renamed to job_script_prologue. You are still using it (even if only set to []; please also check config files). If you did not set job_script_prologue yet, env_extra will be respected for now, but it will be removed in a future release. If you already set job_script_prologue, env_extra is ignored and you can remove it.
  warnings.warn(warn, FutureWarning)
/data/homezvol0/mattt2/y/envs/n-vdw-split/lib/python3.12/site-packages/dask_jobqueue/slurm.py:55: FutureWarning: project has been renamed to account as this kwarg was used wit -A option. You are still using it (please also check config files). If you did not set account yet, project will be respected for now, but it will be removed in a future release. If you already set account, project is ignored and you can remove it.
  warnings.warn(warn, FutureWarning)
/data/homezvol0/mattt2/y/envs/n-vdw-split/lib/python3.12/site-packages/dask_jobqueue/core.py:285: FutureWarning: env_extra has been renamed to job_script_prologue. You are still using it (even if only set to []; please also check config files). If you did not set job_script_prologue yet, env_extra will be respected for now, but it will be removed in a future release. If you already set job_script_prologue, env_extra is ignored and you can remove it.
  warnings.warn(warn, FutureWarning)
/data/homezvol0/mattt2/y/envs/n-vdw-split/lib/python3.12/site-packages/dask_jobqueue/slurm.py:55: FutureWarning: project has been renamed to account as this kwarg was used wit -A option. You are still using it (please also check config files). If you did not set account yet, project will be respected for now, but it will be removed in a future release. If you already set account, project is ignored and you can remove it.
  warnings.warn(warn, FutureWarning)
2025-09-12 19:13:23 INFO     Finished server request 835a0a9fd97945bfb20b26d0aa2e125f
/data/homezvol0/mattt2/y/envs/n-vdw-split/lib/python3.12/site-packages/dask_jobqueue/core.py:285: FutureWarning: env_extra has been renamed to job_script_prologue. You are still using it (even if only set to []; please also check config files). If you did not set job_script_prologue yet, env_extra will be respected for now, but it will be removed in a future release. If you already set job_script_prologue, env_extra is ignored and you can remove it.
  warnings.warn(warn, FutureWarning)
/data/homezvol0/mattt2/y/envs/n-vdw-split/lib/python3.12/site-packages/dask_jobqueue/slurm.py:55: FutureWarning: project has been renamed to account as this kwarg was used wit -A option. You are still using it (please also check config files). If you did not set account yet, project will be respected for now, but it will be removed in a future release. If you already set account, project is ignored and you can remove it.
  warnings.warn(warn, FutureWarning)
/data/homezvol0/mattt2/y/envs/n-vdw-split/lib/python3.12/site-packages/dask_jobqueue/core.py:285: FutureWarning: env_extra has been renamed to job_script_prologue. You are still using it (even if only set to []; please also check config files). If you did not set job_script_prologue yet, env_extra will be respected for now, but it will be removed in a future release. If you already set job_script_prologue, env_extra is ignored and you can remove it.
  warnings.warn(warn, FutureWarning)
/data/homezvol0/mattt2/y/envs/n-vdw-split/lib/python3.12/site-packages/dask_jobqueue/slurm.py:55: FutureWarning: project has been renamed to account as this kwarg was used wit -A option. You are still using it (please also check config files). If you did not set account yet, project will be respected for now, but it will be removed in a future release. If you already set account, project is ignored and you can remove it.
  warnings.warn(warn, FutureWarning)
/data/homezvol0/mattt2/y/envs/n-vdw-split/lib/python3.12/site-packages/dask_jobqueue/core.py:285: FutureWarning: env_extra has been renamed to job_script_prologue. You are still using it (even if only set to []; please also check config files). If you did not set job_script_prologue yet, env_extra will be respected for now, but it will be removed in a future release. If you already set job_script_prologue, env_extra is ignored and you can remove it.
  warnings.warn(warn, FutureWarning)
/data/homezvol0/mattt2/y/envs/n-vdw-split/lib/python3.12/site-packages/dask_jobqueue/slurm.py:55: FutureWarning: project has been renamed to account as this kwarg was used wit -A option. You are still using it (please also check config files). If you did not set account yet, project will be respected for now, but it will be removed in a future release. If you already set account, project is ignored and you can remove it.
  warnings.warn(warn, FutureWarning)
2025-09-12 19:17:25 INFO     Finished server request e20be1b7103142a4bbc89d53efc48946
/data/homezvol0/mattt2/y/envs/n-vdw-split/lib/python3.12/site-packages/dask_jobqueue/core.py:285: FutureWarning: env_extra has been renamed to job_script_prologue. You are still using it (even if only set to []; please also check config files). If you did not set job_script_prologue yet, env_extra will be respected for now, but it will be removed in a future release. If you already set job_script_prologue, env_extra is ignored and you can remove it.
  warnings.warn(warn, FutureWarning)
/data/homezvol0/mattt2/y/envs/n-vdw-split/lib/python3.12/site-packages/dask_jobqueue/slurm.py:55: FutureWarning: project has been renamed to account as this kwarg was used wit -A option. You are still using it (please also check config files). If you did not set account yet, project will be respected for now, but it will be removed in a future release. If you already set account, project is ignored and you can remove it.
  warnings.warn(warn, FutureWarning)
/data/homezvol0/mattt2/y/envs/n-vdw-split/lib/python3.12/site-packages/dask_jobqueue/core.py:285: FutureWarning: env_extra has been renamed to job_script_prologue. You are still using it (even if only set to []; please also check config files). If you did not set job_script_prologue yet, env_extra will be respected for now, but it will be removed in a future release. If you already set job_script_prologue, env_extra is ignored and you can remove it.
  warnings.warn(warn, FutureWarning)
/data/homezvol0/mattt2/y/envs/n-vdw-split/lib/python3.12/site-packages/dask_jobqueue/slurm.py:55: FutureWarning: project has been renamed to account as this kwarg was used wit -A option. You are still using it (please also check config files). If you did not set account yet, project will be respected for now, but it will be removed in a future release. If you already set account, project is ignored and you can remove it.
  warnings.warn(warn, FutureWarning)
/data/homezvol0/mattt2/y/envs/n-vdw-split/lib/python3.12/site-packages/dask_jobqueue/core.py:285: FutureWarning: env_extra has been renamed to job_script_prologue. You are still using it (even if only set to []; please also check config files). If you did not set job_script_prologue yet, env_extra will be respected for now, but it will be removed in a future release. If you already set job_script_prologue, env_extra is ignored and you can remove it.
  warnings.warn(warn, FutureWarning)
/data/homezvol0/mattt2/y/envs/n-vdw-split/lib/python3.12/site-packages/dask_jobqueue/slurm.py:55: FutureWarning: project has been renamed to account as this kwarg was used wit -A option. You are still using it (please also check config files). If you did not set account yet, project will be respected for now, but it will be removed in a future release. If you already set account, project is ignored and you can remove it.
  warnings.warn(warn, FutureWarning)
2025-09-12 20:58:16 INFO     Finished server request b3f42789d78447fbab45d70c7656cefb
2025-09-12 20:59:13 INFO     Received estimation request from ('127.0.0.1', 57292)
2025-09-12 20:59:14 INFO     Submission 278f208f90de4d1590daad77e8ee023b received
2025-09-12 20:59:15 INFO     Launching batch 63646b333cdd4c5bbc43af66ec85871c using the PreequilibratedSimulationLayer layer
2025-09-12 20:59:15 INFO     Building workflow 0 of 48
2025-09-12 20:59:17 INFO     Building workflow 1 of 48
2025-09-12 20:59:20 INFO     Building workflow 2 of 48
2025-09-12 20:59:22 INFO     Building workflow 3 of 48
2025-09-12 20:59:24 INFO     Building workflow 4 of 48
2025-09-12 20:59:26 INFO     Building workflow 5 of 48
2025-09-12 20:59:28 INFO     Building workflow 6 of 48
2025-09-12 20:59:31 INFO     Building workflow 7 of 48
2025-09-12 20:59:34 INFO     Building workflow 8 of 48
2025-09-12 20:59:35 INFO     Building workflow 9 of 48
2025-09-12 20:59:38 INFO     Building workflow 10 of 48
2025-09-12 20:59:40 INFO     Building workflow 11 of 48
2025-09-12 20:59:41 INFO     Building workflow 12 of 48
2025-09-12 20:59:44 INFO     Building workflow 13 of 48
2025-09-12 20:59:47 INFO     Building workflow 14 of 48
2025-09-12 20:59:49 INFO     Building workflow 15 of 48
2025-09-12 20:59:52 INFO     Building workflow 16 of 48
2025-09-12 20:59:53 INFO     Building workflow 17 of 48
2025-09-12 20:59:55 INFO     Building workflow 18 of 48
2025-09-12 20:59:56 INFO     Building workflow 19 of 48
2025-09-12 20:59:58 INFO     Building workflow 20 of 48
2025-09-12 21:00:01 INFO     Building workflow 21 of 48
2025-09-12 21:00:02 INFO     Building workflow 22 of 48
2025-09-12 21:00:05 INFO     Building workflow 23 of 48
2025-09-12 21:00:08 INFO     Building workflow 24 of 48
2025-09-12 21:00:09 INFO     Building workflow 25 of 48
2025-09-12 21:00:12 INFO     Building workflow 26 of 48
2025-09-12 21:00:15 INFO     Building workflow 27 of 48
2025-09-12 21:00:17 INFO     Building workflow 28 of 48
2025-09-12 21:00:19 INFO     Building workflow 29 of 48
2025-09-12 21:00:21 INFO     Building workflow 30 of 48
2025-09-12 21:00:24 INFO     Building workflow 31 of 48
2025-09-12 21:00:25 INFO     Building workflow 32 of 48
2025-09-12 21:00:28 INFO     Building workflow 33 of 48
2025-09-12 21:00:31 INFO     Building workflow 34 of 48
2025-09-12 21:00:32 INFO     Building workflow 35 of 48
2025-09-12 21:00:34 INFO     Building workflow 36 of 48
2025-09-12 21:00:35 INFO     Building workflow 37 of 48
2025-09-12 21:00:38 INFO     Building workflow 38 of 48
2025-09-12 21:00:41 INFO     Building workflow 39 of 48
2025-09-12 21:00:44 INFO     Building workflow 40 of 48
2025-09-12 21:00:45 INFO     Building workflow 41 of 48
2025-09-12 21:00:47 INFO     Building workflow 42 of 48
2025-09-12 21:00:49 INFO     Building workflow 43 of 48
2025-09-12 21:00:51 INFO     Building workflow 44 of 48
2025-09-12 21:00:53 INFO     Building workflow 45 of 48
2025-09-12 21:00:55 INFO     Building workflow 46 of 48
2025-09-12 21:00:58 INFO     Building workflow 47 of 48
/data/homezvol0/mattt2/y/envs/n-vdw-split/lib/python3.12/site-packages/dask_jobqueue/core.py:285: FutureWarning: env_extra has been renamed to job_script_prologue. You are still using it (even if only set to []; please also check config files). If you did not set job_script_prologue yet, env_extra will be respected for now, but it will be removed in a future release. If you already set job_script_prologue, env_extra is ignored and you can remove it.
  warnings.warn(warn, FutureWarning)
/data/homezvol0/mattt2/y/envs/n-vdw-split/lib/python3.12/site-packages/dask_jobqueue/slurm.py:55: FutureWarning: project has been renamed to account as this kwarg was used wit -A option. You are still using it (please also check config files). If you did not set account yet, project will be respected for now, but it will be removed in a future release. If you already set account, project is ignored and you can remove it.
  warnings.warn(warn, FutureWarning)
2025-09-12 21:01:05 INFO     Launching batch c8135652f9294ec493aa694254d1be0b using the PreequilibratedSimulationLayer layer
2025-09-12 21:01:05 INFO     Building workflow 0 of 48
/data/homezvol0/mattt2/y/envs/n-vdw-split/lib/python3.12/site-packages/dask_jobqueue/core.py:285: FutureWarning: env_extra has been renamed to job_script_prologue. You are still using it (even if only set to []; please also check config files). If you did not set job_script_prologue yet, env_extra will be respected for now, but it will be removed in a future release. If you already set job_script_prologue, env_extra is ignored and you can remove it.
  warnings.warn(warn, FutureWarning)
/data/homezvol0/mattt2/y/envs/n-vdw-split/lib/python3.12/site-packages/dask_jobqueue/slurm.py:55: FutureWarning: project has been renamed to account as this kwarg was used wit -A option. You are still using it (please also check config files). If you did not set account yet, project will be respected for now, but it will be removed in a future release. If you already set account, project is ignored and you can remove it.
  warnings.warn(warn, FutureWarning)
2025-09-12 21:01:07 INFO     Building workflow 1 of 48
2025-09-12 21:01:09 INFO     Building workflow 2 of 48
2025-09-12 21:01:12 INFO     Building workflow 3 of 48
2025-09-12 21:01:13 INFO     Building workflow 4 of 48
2025-09-12 21:01:16 INFO     Building workflow 5 of 48
2025-09-12 21:01:19 INFO     Building workflow 6 of 48
2025-09-12 21:01:20 INFO     Building workflow 7 of 48
2025-09-12 21:01:22 INFO     Building workflow 8 of 48
2025-09-12 21:01:25 INFO     Building workflow 9 of 48
2025-09-12 21:01:28 INFO     Building workflow 10 of 48
2025-09-12 21:01:29 INFO     Building workflow 11 of 48
2025-09-12 21:01:32 INFO     Building workflow 12 of 48
2025-09-12 21:01:35 INFO     Building workflow 13 of 48
2025-09-12 21:01:38 INFO     Building workflow 14 of 48
2025-09-12 21:01:40 INFO     Building workflow 15 of 48
2025-09-12 21:01:41 INFO     Building workflow 16 of 48
2025-09-12 21:01:44 INFO     Building workflow 17 of 48
2025-09-12 21:01:46 INFO     Building workflow 18 of 48
2025-09-12 21:01:47 INFO     Building workflow 19 of 48
2025-09-12 21:01:50 INFO     Building workflow 20 of 48
2025-09-12 21:01:53 INFO     Building workflow 21 of 48
2025-09-12 21:01:54 INFO     Building workflow 22 of 48
2025-09-12 21:01:57 INFO     Building workflow 23 of 48
2025-09-12 21:01:59 INFO     Building workflow 24 of 48
2025-09-12 21:02:01 INFO     Building workflow 25 of 48
2025-09-12 21:02:04 INFO     Building workflow 26 of 48
2025-09-12 21:02:06 INFO     Building workflow 27 of 48
2025-09-12 21:02:07 INFO     Building workflow 28 of 48
2025-09-12 21:02:10 INFO     Building workflow 29 of 48
2025-09-12 21:02:12 INFO     Building workflow 30 of 48
2025-09-12 21:02:14 INFO     Building workflow 31 of 48
2025-09-12 21:02:17 INFO     Building workflow 32 of 48
2025-09-12 21:02:20 INFO     Building workflow 33 of 48
2025-09-12 21:02:22 INFO     Building workflow 34 of 48
2025-09-12 21:02:23 INFO     Building workflow 35 of 48
2025-09-12 21:02:25 INFO     Building workflow 36 of 48
2025-09-12 21:02:26 INFO     Building workflow 37 of 48
2025-09-12 21:02:28 INFO     Building workflow 38 of 48
2025-09-12 21:02:31 INFO     Building workflow 39 of 48
2025-09-12 21:02:33 INFO     Building workflow 40 of 48
2025-09-12 21:02:35 INFO     Building workflow 41 of 48
2025-09-12 21:02:38 INFO     Building workflow 42 of 48
2025-09-12 21:02:41 INFO     Building workflow 43 of 48
2025-09-12 21:02:44 INFO     Building workflow 44 of 48
2025-09-12 21:02:45 INFO     Building workflow 45 of 48
2025-09-12 21:02:47 INFO     Building workflow 46 of 48
2025-09-12 21:02:50 INFO     Building workflow 47 of 48
2025-09-12 21:02:59 INFO     Launching batch efa54276d0134468830b3cce212abef7 using the PreequilibratedSimulationLayer layer
2025-09-12 21:02:59 INFO     Building workflow 0 of 24
2025-09-12 21:03:02 INFO     Building workflow 1 of 24
2025-09-12 21:03:04 INFO     Building workflow 2 of 24
2025-09-12 21:03:05 INFO     Building workflow 3 of 24
2025-09-12 21:03:08 INFO     Building workflow 4 of 24
2025-09-12 21:03:11 INFO     Building workflow 5 of 24
2025-09-12 21:03:12 INFO     Building workflow 6 of 24
2025-09-12 21:03:14 INFO     Building workflow 7 of 24
2025-09-12 21:03:16 INFO     Building workflow 8 of 24
2025-09-12 21:03:18 INFO     Building workflow 9 of 24
2025-09-12 21:03:21 INFO     Building workflow 10 of 24
2025-09-12 21:03:24 INFO     Building workflow 11 of 24
2025-09-12 21:03:25 INFO     Building workflow 12 of 24
2025-09-12 21:03:27 INFO     Building workflow 13 of 24
2025-09-12 21:03:30 INFO     Building workflow 14 of 24
2025-09-12 21:03:32 INFO     Building workflow 15 of 24
2025-09-12 21:03:35 INFO     Building workflow 16 of 24
2025-09-12 21:03:36 INFO     Building workflow 17 of 24
2025-09-12 21:03:39 INFO     Building workflow 18 of 24
2025-09-12 21:03:42 INFO     Building workflow 19 of 24
2025-09-12 21:03:45 INFO     Building workflow 20 of 24
2025-09-12 21:03:48 INFO     Building workflow 21 of 24
2025-09-12 21:03:49 INFO     Building workflow 22 of 24
2025-09-12 21:03:51 INFO     Building workflow 23 of 24
/data/homezvol0/mattt2/y/envs/n-vdw-split/lib/python3.12/site-packages/dask_jobqueue/core.py:285: FutureWarning: env_extra has been renamed to job_script_prologue. You are still using it (even if only set to []; please also check config files). If you did not set job_script_prologue yet, env_extra will be respected for now, but it will be removed in a future release. If you already set job_script_prologue, env_extra is ignored and you can remove it.
  warnings.warn(warn, FutureWarning)
/data/homezvol0/mattt2/y/envs/n-vdw-split/lib/python3.12/site-packages/dask_jobqueue/slurm.py:55: FutureWarning: project has been renamed to account as this kwarg was used wit -A option. You are still using it (please also check config files). If you did not set account yet, project will be respected for now, but it will be removed in a future release. If you already set account, project is ignored and you can remove it.
  warnings.warn(warn, FutureWarning)
/data/homezvol0/mattt2/y/envs/n-vdw-split/lib/python3.12/site-packages/dask_jobqueue/core.py:285: FutureWarning: env_extra has been renamed to job_script_prologue. You are still using it (even if only set to []; please also check config files). If you did not set job_script_prologue yet, env_extra will be respected for now, but it will be removed in a future release. If you already set job_script_prologue, env_extra is ignored and you can remove it.
  warnings.warn(warn, FutureWarning)
/data/homezvol0/mattt2/y/envs/n-vdw-split/lib/python3.12/site-packages/dask_jobqueue/slurm.py:55: FutureWarning: project has been renamed to account as this kwarg was used wit -A option. You are still using it (please also check config files). If you did not set account yet, project will be respected for now, but it will be removed in a future release. If you already set account, project is ignored and you can remove it.
  warnings.warn(warn, FutureWarning)
/data/homezvol0/mattt2/y/envs/n-vdw-split/lib/python3.12/site-packages/dask_jobqueue/core.py:285: FutureWarning: env_extra has been renamed to job_script_prologue. You are still using it (even if only set to []; please also check config files). If you did not set job_script_prologue yet, env_extra will be respected for now, but it will be removed in a future release. If you already set job_script_prologue, env_extra is ignored and you can remove it.
  warnings.warn(warn, FutureWarning)
/data/homezvol0/mattt2/y/envs/n-vdw-split/lib/python3.12/site-packages/dask_jobqueue/slurm.py:55: FutureWarning: project has been renamed to account as this kwarg was used wit -A option. You are still using it (please also check config files). If you did not set account yet, project will be respected for now, but it will be removed in a future release. If you already set account, project is ignored and you can remove it.
  warnings.warn(warn, FutureWarning)
/data/homezvol0/mattt2/y/envs/n-vdw-split/lib/python3.12/site-packages/dask_jobqueue/core.py:285: FutureWarning: env_extra has been renamed to job_script_prologue. You are still using it (even if only set to []; please also check config files). If you did not set job_script_prologue yet, env_extra will be respected for now, but it will be removed in a future release. If you already set job_script_prologue, env_extra is ignored and you can remove it.
  warnings.warn(warn, FutureWarning)
/data/homezvol0/mattt2/y/envs/n-vdw-split/lib/python3.12/site-packages/dask_jobqueue/slurm.py:55: FutureWarning: project has been renamed to account as this kwarg was used wit -A option. You are still using it (please also check config files). If you did not set account yet, project will be respected for now, but it will be removed in a future release. If you already set account, project is ignored and you can remove it.
  warnings.warn(warn, FutureWarning)
/data/homezvol0/mattt2/y/envs/n-vdw-split/lib/python3.12/site-packages/dask_jobqueue/core.py:285: FutureWarning: env_extra has been renamed to job_script_prologue. You are still using it (even if only set to []; please also check config files). If you did not set job_script_prologue yet, env_extra will be respected for now, but it will be removed in a future release. If you already set job_script_prologue, env_extra is ignored and you can remove it.
  warnings.warn(warn, FutureWarning)
/data/homezvol0/mattt2/y/envs/n-vdw-split/lib/python3.12/site-packages/dask_jobqueue/slurm.py:55: FutureWarning: project has been renamed to account as this kwarg was used wit -A option. You are still using it (please also check config files). If you did not set account yet, project will be respected for now, but it will be removed in a future release. If you already set account, project is ignored and you can remove it.
  warnings.warn(warn, FutureWarning)
/data/homezvol0/mattt2/y/envs/n-vdw-split/lib/python3.12/site-packages/dask_jobqueue/core.py:285: FutureWarning: env_extra has been renamed to job_script_prologue. You are still using it (even if only set to []; please also check config files). If you did not set job_script_prologue yet, env_extra will be respected for now, but it will be removed in a future release. If you already set job_script_prologue, env_extra is ignored and you can remove it.
  warnings.warn(warn, FutureWarning)
/data/homezvol0/mattt2/y/envs/n-vdw-split/lib/python3.12/site-packages/dask_jobqueue/slurm.py:55: FutureWarning: project has been renamed to account as this kwarg was used wit -A option. You are still using it (please also check config files). If you did not set account yet, project will be respected for now, but it will be removed in a future release. If you already set account, project is ignored and you can remove it.
  warnings.warn(warn, FutureWarning)
/data/homezvol0/mattt2/y/envs/n-vdw-split/lib/python3.12/site-packages/dask_jobqueue/core.py:285: FutureWarning: env_extra has been renamed to job_script_prologue. You are still using it (even if only set to []; please also check config files). If you did not set job_script_prologue yet, env_extra will be respected for now, but it will be removed in a future release. If you already set job_script_prologue, env_extra is ignored and you can remove it.
  warnings.warn(warn, FutureWarning)
/data/homezvol0/mattt2/y/envs/n-vdw-split/lib/python3.12/site-packages/dask_jobqueue/slurm.py:55: FutureWarning: project has been renamed to account as this kwarg was used wit -A option. You are still using it (please also check config files). If you did not set account yet, project will be respected for now, but it will be removed in a future release. If you already set account, project is ignored and you can remove it.
  warnings.warn(warn, FutureWarning)
/data/homezvol0/mattt2/y/envs/n-vdw-split/lib/python3.12/site-packages/dask_jobqueue/core.py:285: FutureWarning: env_extra has been renamed to job_script_prologue. You are still using it (even if only set to []; please also check config files). If you did not set job_script_prologue yet, env_extra will be respected for now, but it will be removed in a future release. If you already set job_script_prologue, env_extra is ignored and you can remove it.
  warnings.warn(warn, FutureWarning)
/data/homezvol0/mattt2/y/envs/n-vdw-split/lib/python3.12/site-packages/dask_jobqueue/slurm.py:55: FutureWarning: project has been renamed to account as this kwarg was used wit -A option. You are still using it (please also check config files). If you did not set account yet, project will be respected for now, but it will be removed in a future release. If you already set account, project is ignored and you can remove it.
  warnings.warn(warn, FutureWarning)
/data/homezvol0/mattt2/y/envs/n-vdw-split/lib/python3.12/site-packages/dask_jobqueue/core.py:285: FutureWarning: env_extra has been renamed to job_script_prologue. You are still using it (even if only set to []; please also check config files). If you did not set job_script_prologue yet, env_extra will be respected for now, but it will be removed in a future release. If you already set job_script_prologue, env_extra is ignored and you can remove it.
  warnings.warn(warn, FutureWarning)
/data/homezvol0/mattt2/y/envs/n-vdw-split/lib/python3.12/site-packages/dask_jobqueue/slurm.py:55: FutureWarning: project has been renamed to account as this kwarg was used wit -A option. You are still using it (please also check config files). If you did not set account yet, project will be respected for now, but it will be removed in a future release. If you already set account, project is ignored and you can remove it.
  warnings.warn(warn, FutureWarning)
/data/homezvol0/mattt2/y/envs/n-vdw-split/lib/python3.12/site-packages/dask_jobqueue/core.py:285: FutureWarning: env_extra has been renamed to job_script_prologue. You are still using it (even if only set to []; please also check config files). If you did not set job_script_prologue yet, env_extra will be respected for now, but it will be removed in a future release. If you already set job_script_prologue, env_extra is ignored and you can remove it.
  warnings.warn(warn, FutureWarning)
/data/homezvol0/mattt2/y/envs/n-vdw-split/lib/python3.12/site-packages/dask_jobqueue/slurm.py:55: FutureWarning: project has been renamed to account as this kwarg was used wit -A option. You are still using it (please also check config files). If you did not set account yet, project will be respected for now, but it will be removed in a future release. If you already set account, project is ignored and you can remove it.
  warnings.warn(warn, FutureWarning)
/data/homezvol0/mattt2/y/envs/n-vdw-split/lib/python3.12/site-packages/dask_jobqueue/core.py:285: FutureWarning: env_extra has been renamed to job_script_prologue. You are still using it (even if only set to []; please also check config files). If you did not set job_script_prologue yet, env_extra will be respected for now, but it will be removed in a future release. If you already set job_script_prologue, env_extra is ignored and you can remove it.
  warnings.warn(warn, FutureWarning)
/data/homezvol0/mattt2/y/envs/n-vdw-split/lib/python3.12/site-packages/dask_jobqueue/slurm.py:55: FutureWarning: project has been renamed to account as this kwarg was used wit -A option. You are still using it (please also check config files). If you did not set account yet, project will be respected for now, but it will be removed in a future release. If you already set account, project is ignored and you can remove it.
  warnings.warn(warn, FutureWarning)
/data/homezvol0/mattt2/y/envs/n-vdw-split/lib/python3.12/site-packages/dask_jobqueue/core.py:285: FutureWarning: env_extra has been renamed to job_script_prologue. You are still using it (even if only set to []; please also check config files). If you did not set job_script_prologue yet, env_extra will be respected for now, but it will be removed in a future release. If you already set job_script_prologue, env_extra is ignored and you can remove it.
  warnings.warn(warn, FutureWarning)
/data/homezvol0/mattt2/y/envs/n-vdw-split/lib/python3.12/site-packages/dask_jobqueue/slurm.py:55: FutureWarning: project has been renamed to account as this kwarg was used wit -A option. You are still using it (please also check config files). If you did not set account yet, project will be respected for now, but it will be removed in a future release. If you already set account, project is ignored and you can remove it.
  warnings.warn(warn, FutureWarning)
/data/homezvol0/mattt2/y/envs/n-vdw-split/lib/python3.12/site-packages/dask_jobqueue/core.py:285: FutureWarning: env_extra has been renamed to job_script_prologue. You are still using it (even if only set to []; please also check config files). If you did not set job_script_prologue yet, env_extra will be respected for now, but it will be removed in a future release. If you already set job_script_prologue, env_extra is ignored and you can remove it.
  warnings.warn(warn, FutureWarning)
/data/homezvol0/mattt2/y/envs/n-vdw-split/lib/python3.12/site-packages/dask_jobqueue/slurm.py:55: FutureWarning: project has been renamed to account as this kwarg was used wit -A option. You are still using it (please also check config files). If you did not set account yet, project will be respected for now, but it will be removed in a future release. If you already set account, project is ignored and you can remove it.
  warnings.warn(warn, FutureWarning)
/data/homezvol0/mattt2/y/envs/n-vdw-split/lib/python3.12/site-packages/dask_jobqueue/core.py:285: FutureWarning: env_extra has been renamed to job_script_prologue. You are still using it (even if only set to []; please also check config files). If you did not set job_script_prologue yet, env_extra will be respected for now, but it will be removed in a future release. If you already set job_script_prologue, env_extra is ignored and you can remove it.
  warnings.warn(warn, FutureWarning)
/data/homezvol0/mattt2/y/envs/n-vdw-split/lib/python3.12/site-packages/dask_jobqueue/slurm.py:55: FutureWarning: project has been renamed to account as this kwarg was used wit -A option. You are still using it (please also check config files). If you did not set account yet, project will be respected for now, but it will be removed in a future release. If you already set account, project is ignored and you can remove it.
  warnings.warn(warn, FutureWarning)
/data/homezvol0/mattt2/y/envs/n-vdw-split/lib/python3.12/site-packages/dask_jobqueue/core.py:285: FutureWarning: env_extra has been renamed to job_script_prologue. You are still using it (even if only set to []; please also check config files). If you did not set job_script_prologue yet, env_extra will be respected for now, but it will be removed in a future release. If you already set job_script_prologue, env_extra is ignored and you can remove it.
  warnings.warn(warn, FutureWarning)
/data/homezvol0/mattt2/y/envs/n-vdw-split/lib/python3.12/site-packages/dask_jobqueue/slurm.py:55: FutureWarning: project has been renamed to account as this kwarg was used wit -A option. You are still using it (please also check config files). If you did not set account yet, project will be respected for now, but it will be removed in a future release. If you already set account, project is ignored and you can remove it.
  warnings.warn(warn, FutureWarning)
/data/homezvol0/mattt2/y/envs/n-vdw-split/lib/python3.12/site-packages/dask_jobqueue/core.py:285: FutureWarning: env_extra has been renamed to job_script_prologue. You are still using it (even if only set to []; please also check config files). If you did not set job_script_prologue yet, env_extra will be respected for now, but it will be removed in a future release. If you already set job_script_prologue, env_extra is ignored and you can remove it.
  warnings.warn(warn, FutureWarning)
/data/homezvol0/mattt2/y/envs/n-vdw-split/lib/python3.12/site-packages/dask_jobqueue/slurm.py:55: FutureWarning: project has been renamed to account as this kwarg was used wit -A option. You are still using it (please also check config files). If you did not set account yet, project will be respected for now, but it will be removed in a future release. If you already set account, project is ignored and you can remove it.
  warnings.warn(warn, FutureWarning)
/data/homezvol0/mattt2/y/envs/n-vdw-split/lib/python3.12/site-packages/dask_jobqueue/core.py:285: FutureWarning: env_extra has been renamed to job_script_prologue. You are still using it (even if only set to []; please also check config files). If you did not set job_script_prologue yet, env_extra will be respected for now, but it will be removed in a future release. If you already set job_script_prologue, env_extra is ignored and you can remove it.
  warnings.warn(warn, FutureWarning)
/data/homezvol0/mattt2/y/envs/n-vdw-split/lib/python3.12/site-packages/dask_jobqueue/slurm.py:55: FutureWarning: project has been renamed to account as this kwarg was used wit -A option. You are still using it (please also check config files). If you did not set account yet, project will be respected for now, but it will be removed in a future release. If you already set account, project is ignored and you can remove it.
  warnings.warn(warn, FutureWarning)
/data/homezvol0/mattt2/y/envs/n-vdw-split/lib/python3.12/site-packages/dask_jobqueue/core.py:285: FutureWarning: env_extra has been renamed to job_script_prologue. You are still using it (even if only set to []; please also check config files). If you did not set job_script_prologue yet, env_extra will be respected for now, but it will be removed in a future release. If you already set job_script_prologue, env_extra is ignored and you can remove it.
  warnings.warn(warn, FutureWarning)
/data/homezvol0/mattt2/y/envs/n-vdw-split/lib/python3.12/site-packages/dask_jobqueue/slurm.py:55: FutureWarning: project has been renamed to account as this kwarg was used wit -A option. You are still using it (please also check config files). If you did not set account yet, project will be respected for now, but it will be removed in a future release. If you already set account, project is ignored and you can remove it.
  warnings.warn(warn, FutureWarning)
/data/homezvol0/mattt2/y/envs/n-vdw-split/lib/python3.12/site-packages/dask_jobqueue/core.py:285: FutureWarning: env_extra has been renamed to job_script_prologue. You are still using it (even if only set to []; please also check config files). If you did not set job_script_prologue yet, env_extra will be respected for now, but it will be removed in a future release. If you already set job_script_prologue, env_extra is ignored and you can remove it.
  warnings.warn(warn, FutureWarning)
/data/homezvol0/mattt2/y/envs/n-vdw-split/lib/python3.12/site-packages/dask_jobqueue/slurm.py:55: FutureWarning: project has been renamed to account as this kwarg was used wit -A option. You are still using it (please also check config files). If you did not set account yet, project will be respected for now, but it will be removed in a future release. If you already set account, project is ignored and you can remove it.
  warnings.warn(warn, FutureWarning)
/data/homezvol0/mattt2/y/envs/n-vdw-split/lib/python3.12/site-packages/dask_jobqueue/core.py:285: FutureWarning: env_extra has been renamed to job_script_prologue. You are still using it (even if only set to []; please also check config files). If you did not set job_script_prologue yet, env_extra will be respected for now, but it will be removed in a future release. If you already set job_script_prologue, env_extra is ignored and you can remove it.
  warnings.warn(warn, FutureWarning)
/data/homezvol0/mattt2/y/envs/n-vdw-split/lib/python3.12/site-packages/dask_jobqueue/slurm.py:55: FutureWarning: project has been renamed to account as this kwarg was used wit -A option. You are still using it (please also check config files). If you did not set account yet, project will be respected for now, but it will be removed in a future release. If you already set account, project is ignored and you can remove it.
  warnings.warn(warn, FutureWarning)
2025-09-12 22:59:11 INFO     Finished server request efa54276d0134468830b3cce212abef7
/data/homezvol0/mattt2/y/envs/n-vdw-split/lib/python3.12/site-packages/dask_jobqueue/core.py:285: FutureWarning: env_extra has been renamed to job_script_prologue. You are still using it (even if only set to []; please also check config files). If you did not set job_script_prologue yet, env_extra will be respected for now, but it will be removed in a future release. If you already set job_script_prologue, env_extra is ignored and you can remove it.
  warnings.warn(warn, FutureWarning)
/data/homezvol0/mattt2/y/envs/n-vdw-split/lib/python3.12/site-packages/dask_jobqueue/slurm.py:55: FutureWarning: project has been renamed to account as this kwarg was used wit -A option. You are still using it (please also check config files). If you did not set account yet, project will be respected for now, but it will be removed in a future release. If you already set account, project is ignored and you can remove it.
  warnings.warn(warn, FutureWarning)
2025-09-12 23:05:05 INFO     Finished server request c8135652f9294ec493aa694254d1be0b
/data/homezvol0/mattt2/y/envs/n-vdw-split/lib/python3.12/site-packages/dask_jobqueue/core.py:285: FutureWarning: env_extra has been renamed to job_script_prologue. You are still using it (even if only set to []; please also check config files). If you did not set job_script_prologue yet, env_extra will be respected for now, but it will be removed in a future release. If you already set job_script_prologue, env_extra is ignored and you can remove it.
  warnings.warn(warn, FutureWarning)
/data/homezvol0/mattt2/y/envs/n-vdw-split/lib/python3.12/site-packages/dask_jobqueue/slurm.py:55: FutureWarning: project has been renamed to account as this kwarg was used wit -A option. You are still using it (please also check config files). If you did not set account yet, project will be respected for now, but it will be removed in a future release. If you already set account, project is ignored and you can remove it.
  warnings.warn(warn, FutureWarning)
2025-09-12 23:24:13 INFO     Finished server request 63646b333cdd4c5bbc43af66ec85871c
/data/homezvol0/mattt2/y/envs/n-vdw-split/lib/python3.12/site-packages/dask_jobqueue/core.py:285: FutureWarning: env_extra has been renamed to job_script_prologue. You are still using it (even if only set to []; please also check config files). If you did not set job_script_prologue yet, env_extra will be respected for now, but it will be removed in a future release. If you already set job_script_prologue, env_extra is ignored and you can remove it.
  warnings.warn(warn, FutureWarning)
/data/homezvol0/mattt2/y/envs/n-vdw-split/lib/python3.12/site-packages/dask_jobqueue/slurm.py:55: FutureWarning: project has been renamed to account as this kwarg was used wit -A option. You are still using it (please also check config files). If you did not set account yet, project will be respected for now, but it will be removed in a future release. If you already set account, project is ignored and you can remove it.
  warnings.warn(warn, FutureWarning)
